  0.0000000000000E+00
  0.0000000000000E+00
  0.0000000000000E+00
  0.0000000000000E+00
  0.0000000000000E+00
  0.0000000000000E+00
  0.0000000000000E+00
  0.0000000000000E+00
  0.0000000000000E+00
  0.0000000000000E+00
  0.0000000000000E+00
  0.0000000000000E+00
  0.0000000000000E+00
  0.0000000000000E+00
  0.0000000000000E+00
  0.0000000000000E+00
  0.0000000000000E+00
  0.0000000000000E+00
  0.0000000000000E+00
  0.0000000000000E+00
  0.0000000000000E+00
  0.0000000000000E+00
  0.0000000000000E+00
  0.0000000000000E+00
  0.0000000000000E+00
  0.0000000000000E+00
  0.0000000000000E+00
  0.0000000000000E+00
  0.0000000000000E+00
  0.0000000000000E+00
  0.0000000000000E+00
  0.0000000000000E+00
  0.0000000000000E+00
  0.0000000000000E+00
  0.0000000000000E+00
  0.0000000000000E+00
  0.0000000000000E+00
 -0.2384490688081E+02
 -0.2495090709650E+02
 -0.2467105234580E+02
 -0.2665232575768E+02
 -0.2752325757457E+02
 -0.2771643113195E+02
 -0.2754333582855E+02
 -0.2719507784237E+02
 -0.2676498484140E+02
 -0.2663531295970E+02
 -0.2667531431267E+02
 -0.2671397930929E+02
 -0.2680617258580E+02
 -0.2702648779622E+02
 -0.2718895816068E+02
 -0.2804541391482E+02
 -0.2879818357794E+02
 -0.2947584850007E+02
 -0.2828915991075E+02
 -0.2765468221465E+02
 -0.2679952793127E+02
 -0.2586480588323E+02
 -0.2520407740067E+02
 -0.2433757125741E+02
 -0.2499894199028E+02
 -0.2535819636724E+02
 -0.2558579591607E+02
 -0.2579863337696E+02
 -0.2502766333589E+02
 -0.2537711275525E+02
 -0.2535713434265E+02
 -0.2631700557989E+02
 -0.2789215994227E+02
 -0.2858294373682E+02
  0.0000000000000E+00
 -0.4994913004458E+02
 -0.5497949723845E+02
 -0.5644103303114E+02
 -0.5217995191783E+02
 -0.6025294424554E+02
 -0.6511820448145E+02
 -0.6646118797373E+02
 -0.6477010531146E+02
 -0.6019696411731E+02
 -0.5706342189447E+02
 -0.5479720982986E+02
 -0.5270893944074E+02
 -0.5402535838012E+02
 -0.5564712587893E+02
 -0.5772292865169E+02
 -0.6064870451049E+02
 -0.6585989432091E+02
 -0.6601278283842E+02
 -0.7208950312871E+02
 -0.6692215917849E+02
 -0.5260850787755E+02
 -0.4200718882908E+02
 -0.3499838492975E+02
 -0.2996343809777E+02
 -0.3143644734002E+02
 -0.3367274976902E+02
 -0.3776685154509E+02
 -0.3904335224660E+02
 -0.4106264161034E+02
 -0.4211639391501E+02
 -0.4460853835921E+02
 -0.4721959495756E+02
 -0.5135959733211E+02
 -0.4929443131291E+02
 -0.4502141047511E+02
 -0.4400868239286E+02
 -0.5702418430780E+02
 -0.5655930972167E+02
 -0.5936502768727E+02
 -0.5603023843454E+02
 -0.5913654588394E+02
 -0.6550372073096E+02
 -0.6655256888427E+02
 -0.6207209586097E+02
 -0.5518384758690E+02
 -0.6283794602559E+02
 -0.6393400939791E+02
 -0.6340346115786E+02
 -0.6442901635324E+02
 -0.6706006102328E+02
 -0.7039630818119E+02
 -0.7392033592799E+02
 -0.6914446213957E+02
 -0.7778180386893E+02
 -0.7870678869677E+02
 -0.5798211103075E+02
 -0.7362604079438E+02
 -0.5427176503211E+02
 -0.4780814929201E+02
 -0.4838562266439E+02
 -0.5019092281981E+02
 -0.5478239809339E+02
 -0.6080671611029E+02
 -0.5469775532773E+02
 -0.5818951424668E+02
 -0.5170598419141E+02
 -0.5069059497238E+02
 -0.5032281210923E+02
 -0.6896161598510E+02
 -0.6078915561325E+02
 -0.5968209634297E+02
 -0.6012964113197E+02
 -0.7094994643325E+02
 -0.7190816199560E+02
 -0.7348225860087E+02
 -0.7636975972245E+02
 -0.8228747134429E+02
 -0.9460600385076E+02
 -0.9794272985775E+02
 -0.8397245733963E+02
 -0.7553972420844E+02
 -0.7470211763986E+02
 -0.7504405141464E+02
 -0.7394900955492E+02
 -0.7431350916448E+02
 -0.7708795135728E+02
 -0.7941136565354E+02
 -0.7881585178511E+02
 -0.8431635104494E+02
 -0.9697551531513E+02
 -0.8922454500582E+02
  0.0000000000000E+00
 -0.4744592145861E+02
 -0.4731357351956E+02
 -0.4819992447575E+02
 -0.5271621896100E+02
 -0.5366943479312E+02
 -0.6107771928569E+02
 -0.6846176980917E+02
 -0.6544253070294E+02
 -0.6606183216143E+02
 -0.6346404127966E+02
 -0.6397625007905E+02
 -0.5666309052178E+02
 -0.8931807503301E+02
 -0.7494339982825E+02
 -0.7326748124016E+02
 -0.7104045254311E+02
 -0.7927059687962E+02
 -0.8014357380726E+02
 -0.8224445327995E+02
 -0.8714314647386E+02
 -0.8549784591677E+02
 -0.1076122058132E+03
 -0.8603230374938E+02
 -0.6556768393143E+02
 -0.8177393255786E+02
 -0.8225740483557E+02
 -0.8578205675362E+02
 -0.8477571882286E+02
 -0.8280378897077E+02
 -0.8327511609781E+02
 -0.8456649257163E+02
 -0.8300631972765E+02
 -0.8500684700663E+02
 -0.9012104973628E+02
 -0.8568927854373E+02
  0.0000000000000E+00
 -0.4909315963813E+02
 -0.5800666993441E+02
 -0.5728249618895E+02
 -0.6026772133473E+02
 -0.6437665281304E+02
 -0.7418993739770E+02
 -0.7613440771901E+02
 -0.7127280716668E+02
 -0.7103709085800E+02
 -0.8398466072623E+02
 -0.8462000465015E+02
 -0.6664519755437E+02
 -0.9686102533184E+02
 -0.8920381475678E+02
 -0.8643782274420E+02
 -0.7968444634379E+02
 -0.8366507477088E+02
 -0.8775453544479E+02
 -0.8739540547912E+02
 -0.8684005946686E+02
 -0.7020438271268E+02
 -0.1158739771493E+03
 -0.1133641115602E+03
 -0.1017449967803E+03
 -0.9726519454859E+02
 -0.9870461122405E+02
 -0.9902909037263E+02
 -0.9430375767583E+02
 -0.9216627229034E+02
 -0.9244598123284E+02
 -0.9415888879908E+02
 -0.8934249051022E+02
 -0.8632692655427E+02
 -0.8592682624758E+02
 -0.8176417959447E+02
  0.0000000000000E+00
 -0.5276594742059E+02
 -0.7824356978653E+02
 -0.7923586403838E+02
 -0.7920636461879E+02
 -0.7968091096279E+02
 -0.8410036043082E+02
 -0.8425756496026E+02
 -0.7985350397845E+02
 -0.8011306079061E+02
 -0.1136287465427E+03
 -0.1125800744249E+03
 -0.1061512176377E+03
 -0.1228814840546E+03
 -0.1102885991014E+03
 -0.9371897867813E+02
 -0.8419591044335E+02
 -0.8685824584313E+02
 -0.1039352303239E+03
 -0.9897065324261E+02
 -0.6520392230085E+02
  0.0000000000000E+00
 -0.1033420129205E+03
 -0.1122516444596E+03
 -0.1011205136611E+03
 -0.9422224367378E+02
 -0.8766592531515E+02
 -0.9303757030931E+02
 -0.8567718302271E+02
 -0.8897219299569E+02
 -0.9775970647362E+02
 -0.9782475531646E+02
 -0.8715260691171E+02
 -0.8413962954662E+02
 -0.8966157036736E+02
 -0.6617422524298E+02
  0.0000000000000E+00
 -0.2467413655431E+02
 -0.8478453632976E+02
 -0.1043981099610E+03
 -0.1011240224640E+03
 -0.1003185650011E+03
 -0.9121624892179E+02
 -0.8394783480321E+02
 -0.8208001871232E+02
 -0.5330214804541E+02
 -0.9374707637242E+02
 -0.9926366317249E+02
 -0.1129839471647E+03
 -0.1196711723046E+03
 -0.1006695720745E+03
 -0.8643942911847E+02
 -0.8236273016807E+02
 -0.1002230311914E+03
 -0.6595567476666E+02
 -0.5797360490151E+02
  0.0000000000000E+00
  0.0000000000000E+00
 -0.1043992097485E+03
 -0.9763308496097E+02
 -0.1004211003676E+03
 -0.9389020368038E+02
 -0.9614950444112E+02
 -0.9514476877381E+02
 -0.6252246865078E+02
 -0.4390039565233E+02
 -0.4206102493982E+02
 -0.5671833767249E+02
 -0.6765138412657E+02
 -0.7287910423808E+02
 -0.1016962718782E+03
 -0.2573378037344E+02
  0.0000000000000E+00
  0.0000000000000E+00
 -0.4942218247289E+02
 -0.7302493560098E+02
 -0.8538578296678E+02
 -0.8703989484325E+02
 -0.8028423360692E+02
 -0.9498415988254E+02
 -0.1570863406912E+02
  0.0000000000000E+00
 -0.8171267318200E+02
 -0.1012500654467E+03
 -0.8679594011503E+02
 -0.6664206297520E+02
 -0.7745851900068E+02
 -0.7261745697106E+02
 -0.7640117377316E+02
 -0.1216605302199E+03
 -0.7486234831921E+02
  0.0000000000000E+00
  0.0000000000000E+00
  0.0000000000000E+00
 -0.1165583118975E+03
 -0.1256412606727E+03
 -0.1199929919840E+03
 -0.1165705647645E+03
 -0.1119136904795E+03
 -0.1091572080991E+03
 -0.1026872579533E+03
 -0.9990388478427E+02
 -0.1016010299234E+03
 -0.9870644712922E+02
 -0.8570513755423E+02
 -0.9116095395435E+02
 -0.1103435912454E+03
 -0.6872824166853E+02
  0.0000000000000E+00
  0.0000000000000E+00
 -0.7266167752409E+02
 -0.9247160633919E+02
 -0.6453040946107E+02
 -0.5450975645432E+02
 -0.8747464289978E+02
 -0.1143587577090E+03
 -0.7100912619968E+02
  0.0000000000000E+00
 -0.1104377773904E+03
 -0.1323248177677E+03
 -0.1347380567614E+03
 -0.1205268754975E+03
 -0.1001371261480E+03
 -0.8806565572302E+02
 -0.8790259289543E+02
 -0.1341486951887E+03
 -0.9326589502987E+02
  0.0000000000000E+00
  0.0000000000000E+00
  0.0000000000000E+00
 -0.1242110194675E+03
 -0.1447776311924E+03
 -0.1373201394812E+03
 -0.1295753599122E+03
 -0.1250466084715E+03
 -0.1234272159658E+03
 -0.1150323351660E+03
 -0.1148153302164E+03
 -0.1142126762468E+03
 -0.1121113824340E+03
 -0.1126816180995E+03
 -0.1100986305598E+03
 -0.1186552490080E+03
 -0.8898428584998E+02
  0.0000000000000E+00
  0.0000000000000E+00
 -0.5272167477723E+02
 -0.1054410598005E+03
 -0.1080057922642E+03
 -0.1058867677919E+03
 -0.1078183631250E+03
 -0.1194659460353E+03
 -0.6241401853928E+02
  0.0000000000000E+00
 -0.1123206340835E+03
 -0.1243982920648E+03
 -0.1356832378728E+03
 -0.1326457707734E+03
 -0.1263425172408E+03
 -0.1182119023701E+03
 -0.1179020005984E+03
 -0.1403062297289E+03
 -0.9778769017651E+02
  0.0000000000000E+00
  0.0000000000000E+00
  0.0000000000000E+00
 -0.1502084329601E+03
 -0.1527335784746E+03
 -0.1486357682581E+03
 -0.1411456337543E+03
 -0.1326205313625E+03
 -0.1303404301069E+03
 -0.1264971454039E+03
 -0.1224540331248E+03
 -0.1227942641668E+03
 -0.1214920386546E+03
 -0.1208422371041E+03
 -0.1217829325630E+03
 -0.1278284861940E+03
 -0.1035857254061E+03
  0.0000000000000E+00
  0.0000000000000E+00
  0.0000000000000E+00
 -0.1056881289569E+03
 -0.1141691176028E+03
 -0.1166225606142E+03
 -0.1187495025812E+03
 -0.1209132663978E+03
  0.0000000000000E+00
  0.0000000000000E+00
 -0.8592462464565E+02
 -0.1045722981789E+03
 -0.1354693874113E+03
 -0.1417222678578E+03
 -0.1461737305740E+03
 -0.1440297332354E+03
 -0.1388638153661E+03
 -0.1474511986263E+03
 -0.1159419260496E+03
  0.0000000000000E+00
  0.0000000000000E+00
 -0.1509202005833E+03
 -0.1594144350664E+03
 -0.1581087874176E+03
 -0.1471603434294E+03
 -0.1367171120061E+03
 -0.1323571015032E+03
 -0.1303266865162E+03
 -0.1290368128240E+03
 -0.1240123033273E+03
 -0.1257165442142E+03
 -0.1311334738527E+03
 -0.1321947366222E+03
 -0.1325545438238E+03
 -0.1373297103157E+03
 -0.9352677865677E+02
  0.0000000000000E+00
  0.0000000000000E+00
  0.0000000000000E+00
 -0.9385979579801E+02
 -0.1200112408027E+03
 -0.1219012911403E+03
 -0.1261021729629E+03
 -0.1301187910154E+03
  0.0000000000000E+00
  0.0000000000000E+00
  0.0000000000000E+00
 -0.9518887582761E+02
 -0.1317565992670E+03
 -0.1438719650489E+03
 -0.1573903091398E+03
 -0.1646794166528E+03
 -0.1595200343058E+03
 -0.1512750018507E+03
 -0.1099574387956E+03
  0.0000000000000E+00
  0.0000000000000E+00
 -0.1637135386849E+03
 -0.1573837719525E+03
 -0.1541688594247E+03
 -0.1466875612284E+03
 -0.1350316843444E+03
 -0.1352308616872E+03
 -0.1262853132863E+03
 -0.1259918883702E+03
 -0.1272425538739E+03
 -0.1308977344433E+03
 -0.1364220711528E+03
 -0.1416055507334E+03
 -0.1430249875267E+03
 -0.1458687040905E+03
  0.0000000000000E+00
  0.0000000000000E+00
  0.0000000000000E+00
  0.0000000000000E+00
 -0.9965508557155E+02
 -0.1264494390026E+03
 -0.1332495208411E+03
 -0.1380768454241E+03
 -0.1346757360344E+03
  0.0000000000000E+00
  0.0000000000000E+00
  0.0000000000000E+00
 -0.1157722304277E+03
 -0.1263601403767E+03
 -0.1352847206133E+03
 -0.1517387891300E+03
 -0.1659798883403E+03
 -0.1712667983929E+03
 -0.1435332898840E+03
 -0.1021093216729E+03
  0.0000000000000E+00
  0.0000000000000E+00
 -0.1545708887143E+03
 -0.1416828572758E+03
 -0.1346878361083E+03
 -0.1256037676496E+03
 -0.1178075867774E+03
 -0.1272231838685E+03
 -0.1236868753190E+03
 -0.1234289229771E+03
 -0.1256312031602E+03
 -0.1280050630585E+03
 -0.1334454307846E+03
 -0.1424390325194E+03
 -0.1491605640764E+03
 -0.1519696485610E+03
  0.0000000000000E+00
  0.0000000000000E+00
  0.0000000000000E+00
  0.0000000000000E+00
 -0.1027522484840E+03
 -0.1288611117849E+03
 -0.1368232077057E+03
 -0.1418902935050E+03
 -0.1275490454884E+03
  0.0000000000000E+00
  0.0000000000000E+00
  0.0000000000000E+00
 -0.1480414435488E+03
 -0.1293204393662E+03
 -0.1240311482307E+03
 -0.1376687957912E+03
 -0.1455502130707E+03
 -0.1596374975858E+03
 -0.1005788352707E+03
  0.0000000000000E+00
 -0.1393753211334E+03
 -0.1267942189683E+03
 -0.1308776635910E+03
 -0.1110570854152E+03
 -0.9876044308309E+02
 -0.1016483085859E+03
 -0.1060107338527E+03
 -0.1212172757126E+03
 -0.1253190784056E+03
 -0.1204589089881E+03
 -0.1171539470330E+03
 -0.1134769833408E+03
 -0.1185991317324E+03
 -0.1269065231917E+03
 -0.1408269870340E+03
 -0.1244386793739E+03
  0.0000000000000E+00
  0.0000000000000E+00
  0.0000000000000E+00
  0.0000000000000E+00
 -0.1017555557615E+03
 -0.1274414594507E+03
 -0.1309068574715E+03
 -0.1328446100709E+03
 -0.1194286460863E+03
  0.0000000000000E+00
  0.0000000000000E+00
  0.0000000000000E+00
 -0.1445275075229E+03
 -0.1212992334168E+03
 -0.1089520098165E+03
 -0.1112666669384E+03
 -0.1112156573078E+03
 -0.1254694125533E+03
 -0.5837842736673E+02
  0.0000000000000E+00
 -0.1222875222939E+03
 -0.8033228577387E+02
 -0.9293257373028E+02
 -0.5889889560076E+02
 -0.5997184415987E+02
 -0.8472000815191E+02
 -0.1050678370278E+03
 -0.1179851189924E+03
 -0.1214966792035E+03
 -0.1116133075029E+03
 -0.1100209040663E+03
 -0.1069935193450E+03
 -0.1087368384089E+03
 -0.1117033241607E+03
 -0.1193251936307E+03
 -0.8161117648828E+02
  0.0000000000000E+00
  0.0000000000000E+00
  0.0000000000000E+00
  0.0000000000000E+00
 -0.9356464955418E+02
 -0.1251759244235E+03
 -0.1240474841498E+03
 -0.1249043900870E+03
 -0.1100961597696E+03
  0.0000000000000E+00
  0.0000000000000E+00
  0.0000000000000E+00
 -0.1195134255684E+03
 -0.9970400710232E+02
 -0.7807948464598E+02
 -0.7598114401596E+02
 -0.6758571775312E+02
 -0.7266216943136E+02
  0.0000000000000E+00
  0.0000000000000E+00
 -0.8823253549161E+02
 -0.6853091647243E+02
 -0.6525482651934E+02
 -0.4123880023278E+02
 -0.6329405112120E+02
 -0.9461555953933E+02
 -0.1115758276175E+03
 -0.1138647216437E+03
 -0.1162086359185E+03
 -0.1097474994885E+03
 -0.1116517596930E+03
 -0.1110223609302E+03
 -0.1068664304345E+03
 -0.1043172647083E+03
 -0.1088100876948E+03
 -0.6337573597961E+02
  0.0000000000000E+00
  0.0000000000000E+00
  0.0000000000000E+00
 -0.1032135849236E+03
 -0.1223012471415E+03
 -0.1262202993653E+03
 -0.1243569923532E+03
 -0.1306392803537E+03
 -0.7442948486511E+02
  0.0000000000000E+00
  0.0000000000000E+00
  0.0000000000000E+00
 -0.1013322161116E+03
 -0.6911049254934E+02
 -0.5613982054202E+02
 -0.8906249064831E+02
 -0.1000869895307E+03
 -0.9372207267972E+02
  0.0000000000000E+00
  0.0000000000000E+00
 -0.7670147391838E+02
 -0.9973689119725E+02
 -0.3834061155947E+02
 -0.6536992686066E+02
 -0.8656013666801E+02
 -0.1009329904707E+03
 -0.1095019776446E+03
 -0.1112796990700E+03
 -0.1129792790931E+03
 -0.1123878471076E+03
 -0.1099556677486E+03
 -0.1105478491774E+03
 -0.1076159014822E+03
 -0.1132787836492E+03
 -0.1222339845462E+03
 -0.9694916638018E+02
  0.0000000000000E+00
  0.0000000000000E+00
  0.0000000000000E+00
 -0.9820993316835E+02
 -0.1124140894352E+03
 -0.1193788182274E+03
 -0.1300611591841E+03
 -0.1269334388746E+03
 -0.6748201173899E+02
  0.0000000000000E+00
  0.0000000000000E+00
  0.0000000000000E+00
 -0.1097715070209E+03
 -0.6712684672823E+02
 -0.8347878796404E+02
 -0.1159039701743E+03
 -0.1284789055734E+03
 -0.8844873567701E+02
  0.0000000000000E+00
 -0.6803468362385E+02
 -0.4205203483010E+02
 -0.8814946891617E+02
 -0.8981546062803E+02
 -0.1039833019198E+03
 -0.1098568554653E+03
 -0.1108804990031E+03
 -0.1123326228617E+03
 -0.1110231077974E+03
 -0.1140992699031E+03
 -0.1148105095083E+03
 -0.1096008320866E+03
 -0.1152540615477E+03
 -0.1206939330327E+03
 -0.1227862393279E+03
 -0.1182985237678E+03
 -0.8488058800189E+02
  0.0000000000000E+00
  0.0000000000000E+00
 -0.1106816573258E+03
 -0.1017880371925E+03
 -0.1078214453086E+03
 -0.1007956760368E+03
 -0.1048674417461E+03
 -0.9662058355783E+02
 -0.7556999580244E+02
  0.0000000000000E+00
  0.0000000000000E+00
  0.0000000000000E+00
 -0.1443017760381E+03
 -0.1045686419455E+03
 -0.1101979319640E+03
 -0.1325894163301E+03
 -0.1379119050191E+03
 -0.8136416595096E+02
  0.0000000000000E+00
 -0.9775348959766E+02
 -0.8077781561135E+02
 -0.1121506745078E+03
 -0.1277371280563E+03
 -0.1377424132941E+03
 -0.1363254330342E+03
 -0.1364026386502E+03
 -0.1376585248050E+03
 -0.1350494119146E+03
 -0.1338195224653E+03
 -0.1261981137899E+03
 -0.1208217798981E+03
 -0.1142765520670E+03
 -0.1102915929236E+03
 -0.1023594095742E+03
 -0.7459484203912E+02
 -0.7992265791586E+02
  0.0000000000000E+00
  0.0000000000000E+00
 -0.9118777827991E+02
 -0.1236841241559E+03
 -0.1310115983749E+03
 -0.1007082632005E+03
 -0.2753160373080E+02
  0.0000000000000E+00
  0.0000000000000E+00
  0.0000000000000E+00
  0.0000000000000E+00
  0.0000000000000E+00
  0.0000000000000E+00
 -0.1084220393648E+03
 -0.1306395688169E+03
 -0.1161647854692E+03
 -0.1198161185952E+03
 -0.8420594719056E+02
  0.0000000000000E+00
 -0.9157941579607E+02
 -0.1157702871678E+03
 -0.1339186977022E+03
 -0.1386073438010E+03
 -0.1436874669845E+03
 -0.1397556817109E+03
 -0.1460245657401E+03
 -0.1473347071793E+03
 -0.1507127763491E+03
 -0.1491471223049E+03
 -0.1438893579057E+03
 -0.1450788581582E+03
 -0.1331477008981E+03
 -0.1200860117563E+03
 -0.1232466098638E+03
 -0.1314065270098E+03
 -0.1459574743171E+03
  0.0000000000000E+00
 -0.6815567898090E+02
 -0.1264024162016E+03
 -0.1438260402046E+03
 -0.1480974139805E+03
 -0.1366922834742E+03
 -0.4837391541623E+02
  0.0000000000000E+00
  0.0000000000000E+00
  0.0000000000000E+00
  0.0000000000000E+00
  0.0000000000000E+00
  0.0000000000000E+00
 -0.1114696923944E+03
 -0.1401567586804E+03
 -0.1201687047506E+03
 -0.1190797934615E+03
 -0.6130237828810E+02
  0.0000000000000E+00
 -0.8593702264956E+02
 -0.1288586224125E+03
 -0.1461411697096E+03
 -0.1432182646584E+03
 -0.1439171787096E+03
 -0.1442700415905E+03
 -0.1443175542682E+03
 -0.1452754274723E+03
 -0.1506985861944E+03
 -0.1516203572688E+03
 -0.1532803776725E+03
 -0.1530201285448E+03
 -0.1465207429982E+03
 -0.1375861823318E+03
 -0.1026432196263E+03
 -0.5134405382968E+02
  0.0000000000000E+00
 -0.1072370849440E+03
 -0.1286430806952E+03
 -0.1414543994699E+03
 -0.1493581829532E+03
 -0.1490761539362E+03
 -0.1501758683869E+03
 -0.7993348594012E+02
  0.0000000000000E+00
  0.0000000000000E+00
  0.0000000000000E+00
  0.0000000000000E+00
  0.0000000000000E+00
  0.0000000000000E+00
 -0.1121507493058E+03
 -0.1398451205386E+03
 -0.1258842367160E+03
 -0.1231993872935E+03
 -0.1099047395159E+03
  0.0000000000000E+00
 -0.1362428591825E+03
 -0.1502495320006E+03
 -0.1528381752491E+03
 -0.1441000649040E+03
 -0.1367494994876E+03
 -0.1360585289134E+03
 -0.1389185682681E+03
 -0.1392028109154E+03
 -0.1358518036115E+03
 -0.1389239851341E+03
 -0.1437100267202E+03
 -0.1438185490232E+03
 -0.1402367942489E+03
 -0.1358134892194E+03
 -0.5788557343466E+02
  0.0000000000000E+00
 -0.8507175543765E+02
 -0.1176000914881E+03
 -0.1322519310032E+03
 -0.1428156617702E+03
 -0.1391079498825E+03
 -0.1382815053716E+03
 -0.1495522705558E+03
 -0.1042995516202E+03
  0.0000000000000E+00
  0.0000000000000E+00
  0.0000000000000E+00
  0.0000000000000E+00
  0.0000000000000E+00
  0.0000000000000E+00
 -0.1194991628552E+03
 -0.1344315769966E+03
  0.0000000000000E+00
 -0.1316864521899E+03
 -0.1137037252906E+03
  0.0000000000000E+00
 -0.1555341721134E+03
 -0.1616635151682E+03
 -0.1511648333035E+03
 -0.1380712523875E+03
 -0.1294040446611E+03
 -0.1280892740146E+03
 -0.1287634116802E+03
 -0.1288562920568E+03
 -0.1250626978447E+03
 -0.1273831133392E+03
 -0.1308394191743E+03
 -0.1287910871416E+03
 -0.1247497095372E+03
 -0.1101183765063E+03
  0.0000000000000E+00
 -0.9353430988001E+02
 -0.1183878415097E+03
 -0.1238018343142E+03
 -0.1363040358482E+03
 -0.1317558677750E+03
 -0.1255632701855E+03
 -0.1245453193805E+03
 -0.1409124547580E+03
 -0.1168769006697E+03
  0.0000000000000E+00
  0.0000000000000E+00
  0.0000000000000E+00
  0.0000000000000E+00
  0.0000000000000E+00
  0.0000000000000E+00
 -0.1235697468477E+03
 -0.1083996575974E+03
  0.0000000000000E+00
  0.0000000000000E+00
  0.0000000000000E+00
  0.0000000000000E+00
  0.0000000000000E+00
 -0.1358492487017E+03
 -0.1346171307295E+03
 -0.1232829034105E+03
 -0.1196905219534E+03
 -0.1201311863391E+03
 -0.1165272489479E+03
 -0.1169315395604E+03
 -0.1183831229235E+03
 -0.1213774957159E+03
 -0.1191712639464E+03
 -0.1110144886557E+03
 -0.1120215092841E+03
 -0.1003878636391E+03
  0.0000000000000E+00
 -0.1019317954617E+03
 -0.1190851979892E+03
 -0.1226220394903E+03
 -0.1236739685883E+03
 -0.1194621408648E+03
 -0.1169143679753E+03
 -0.1155206912611E+03
 -0.1253697452526E+03
 -0.1031527905895E+03
  0.0000000000000E+00
  0.0000000000000E+00
  0.0000000000000E+00
  0.0000000000000E+00
  0.0000000000000E+00
  0.0000000000000E+00
 -0.8584590421862E+02
 -0.5408852738950E+02
  0.0000000000000E+00
  0.0000000000000E+00
  0.0000000000000E+00
  0.0000000000000E+00
  0.0000000000000E+00
 -0.1126181118871E+03
 -0.7352496927234E+02
 -0.8148386413492E+02
 -0.8105932816883E+02
 -0.5352629930294E+02
 -0.7594720269463E+02
 -0.7980511500192E+02
 -0.7828084420497E+02
 -0.9297961303113E+02
 -0.1058531248685E+03
 -0.1017900413824E+03
 -0.1035742889178E+03
 -0.7529478280579E+02
  0.0000000000000E+00
 -0.9144907247676E+02
 -0.8895046287950E+02
 -0.6283597517570E+02
 -0.8213905955834E+02
 -0.8699239670951E+02
 -0.9139184022120E+02
 -0.9979306702782E+02
 -0.1086572649653E+03
 -0.9740916156854E+02
  0.0000000000000E+00
  0.0000000000000E+00
  0.0000000000000E+00
  0.0000000000000E+00
  0.0000000000000E+00
  0.0000000000000E+00
  0.0000000000000E+00
  0.0000000000000E+00
  0.0000000000000E+00
  0.0000000000000E+00
  0.0000000000000E+00
  0.0000000000000E+00
  0.0000000000000E+00
 -0.1166907097411E+03
 -0.1374078260705E+03
 -0.1555281228846E+03
 -0.1457518788403E+03
 -0.1267266201647E+03
 -0.1006310039091E+03
 -0.8583111503984E+02
 -0.7966514399826E+02
 -0.6012022284888E+02
 -0.5575228190274E+02
 -0.9772149313491E+02
 -0.1000643708771E+03
 -0.9573391534977E+02
  0.0000000000000E+00
  0.0000000000000E+00
  0.0000000000000E+00
 -0.8090089892188E+02
 -0.1177984234770E+03
 -0.1016341689032E+03
 -0.6321031498252E+02
 -0.6791120522138E+02
 -0.9379578133637E+02
 -0.1011580089267E+03
  0.0000000000000E+00
  0.0000000000000E+00
 -0.6398440806105E+02
 -0.8027271122478E+02
  0.0000000000000E+00
  0.0000000000000E+00
  0.0000000000000E+00
  0.0000000000000E+00
  0.0000000000000E+00
  0.0000000000000E+00
  0.0000000000000E+00
  0.0000000000000E+00
  0.0000000000000E+00
  0.0000000000000E+00
 -0.8823080545314E+02
 -0.1233991490892E+03
 -0.1361314907407E+03
 -0.1299513664999E+03
 -0.1183097818011E+03
 -0.1051136780483E+03
 -0.9469153915981E+02
 -0.8802048545135E+02
 -0.7731656241907E+02
 -0.9359059334267E+02
 -0.6740474009142E+02
  0.0000000000000E+00
  0.0000000000000E+00
  0.0000000000000E+00
  0.0000000000000E+00
 -0.9901413520993E+02
 -0.1389964466713E+03
 -0.1320529762481E+03
 -0.1090852075818E+03
 -0.8676707274408E+02
 -0.8072470634985E+02
 -0.8953506063935E+02
 -0.4769288504272E+02
 -0.6136558962644E+02
 -0.7838100236300E+02
 -0.8945608010877E+02
 -0.7259570534838E+02
  0.0000000000000E+00
  0.0000000000000E+00
  0.0000000000000E+00
  0.0000000000000E+00
  0.0000000000000E+00
  0.0000000000000E+00
  0.0000000000000E+00
  0.0000000000000E+00
  0.0000000000000E+00
 -0.9586308536384E+02
 -0.1160658671481E+03
 -0.1076004263125E+03
 -0.1050274063195E+03
 -0.1030394278248E+03
 -0.9691428365816E+02
 -0.9064180745080E+02
 -0.8463352737483E+02
 -0.7794074229597E+02
 -0.8259972871992E+02
 -0.5607282104589E+02
  0.0000000000000E+00
  0.0000000000000E+00
  0.0000000000000E+00
  0.0000000000000E+00
 -0.8013052520047E+02
 -0.1042205513215E+03
 -0.1077963222767E+03
 -0.1076329966103E+03
 -0.1010429602235E+03
 -0.7989604495332E+02
 -0.8567296786837E+02
  0.0000000000000E+00
 -0.7801378489314E+02
 -0.6937796409305E+02
  0.0000000000000E+00
  0.0000000000000E+00
  0.0000000000000E+00
  0.0000000000000E+00
  0.0000000000000E+00
  0.0000000000000E+00
  0.0000000000000E+00
  0.0000000000000E+00
  0.0000000000000E+00
  0.0000000000000E+00
  0.0000000000000E+00
 -0.8587280431373E+02
 -0.1034798807606E+03
 -0.9139444801435E+02
 -0.7999515430492E+02
 -0.7882490260933E+02
 -0.8134188564490E+02
 -0.7948611531002E+02
 -0.7893754594301E+02
 -0.7732940118435E+02
 -0.7573397916200E+02
 -0.6555883060566E+02
  0.0000000000000E+00
  0.0000000000000E+00
  0.0000000000000E+00
  0.0000000000000E+00
  0.0000000000000E+00
 -0.7093527568612E+02
 -0.6898736812836E+02
 -0.8655109156339E+02
 -0.1033912570635E+03
 -0.8978665993529E+02
 -0.7928011947340E+02
 -0.4616927525816E+02
  0.0000000000000E+00
  0.0000000000000E+00
  0.0000000000000E+00
  0.0000000000000E+00
  0.0000000000000E+00
  0.0000000000000E+00
  0.0000000000000E+00
  0.0000000000000E+00
  0.0000000000000E+00
  0.0000000000000E+00
  0.0000000000000E+00
  0.0000000000000E+00
  0.0000000000000E+00
  0.0000000000000E+00
 -0.5656542805484E+02
 -0.7223036920466E+02
 -0.6827113772543E+02
 -0.5943952179623E+02
 -0.6094403917832E+02
 -0.6422881066802E+02
 -0.6892794611033E+02
 -0.7402906633003E+02
 -0.7672083071086E+02
 -0.6406820343630E+02
  0.0000000000000E+00
  0.0000000000000E+00
  0.0000000000000E+00
  0.0000000000000E+00
  0.0000000000000E+00
  0.0000000000000E+00
 -0.7154617418127E+02
 -0.6481571938291E+02
 -0.8845813551718E+02
 -0.8687197408687E+02
 -0.9004015743844E+02
 -0.6975215342248E+02
  0.0000000000000E+00
  0.0000000000000E+00
  0.0000000000000E+00
  0.0000000000000E+00
  0.0000000000000E+00
  0.0000000000000E+00
  0.0000000000000E+00
  0.0000000000000E+00
  0.0000000000000E+00
  0.0000000000000E+00
  0.0000000000000E+00
  0.0000000000000E+00
  0.0000000000000E+00
  0.0000000000000E+00
 -0.4765608849593E+02
 -0.4098386650328E+02
 -0.3435259987989E+02
 -0.3250381444302E+02
 -0.4306522882089E+02
 -0.5198378309403E+02
 -0.6189919792240E+02
 -0.7486066450385E+02
 -0.5788497853180E+02
  0.0000000000000E+00
  0.0000000000000E+00
  0.0000000000000E+00
  0.0000000000000E+00
  0.0000000000000E+00
  0.0000000000000E+00
  0.0000000000000E+00
 -0.7912143824553E+02
 -0.6880250480109E+02
 -0.7677731011826E+02
 -0.8813074517431E+02
 -0.9825771521593E+02
  0.0000000000000E+00
  0.0000000000000E+00
  0.0000000000000E+00
  0.0000000000000E+00
  0.0000000000000E+00
  0.0000000000000E+00
  0.0000000000000E+00
  0.0000000000000E+00
  0.0000000000000E+00
  0.0000000000000E+00
  0.0000000000000E+00
  0.0000000000000E+00
  0.0000000000000E+00
  0.0000000000000E+00
  0.0000000000000E+00
  0.0000000000000E+00
  0.0000000000000E+00
 -0.4773960477761E+02
 -0.6635590942918E+02
 -0.5485882021313E+02
 -0.2039229894923E+02
 -0.3929880249293E+02
 -0.6293356224668E+02
  0.0000000000000E+00
  0.0000000000000E+00
  0.0000000000000E+00
  0.0000000000000E+00
  0.0000000000000E+00
  0.0000000000000E+00
  0.0000000000000E+00
  0.0000000000000E+00
 -0.5412476516038E+02
 -0.7589010898112E+02
 -0.8136640669713E+02
 -0.9130799156379E+02
 -0.9065501388808E+02
 -0.3601971846394E+02
  0.0000000000000E+00
  0.0000000000000E+00
  0.0000000000000E+00
  0.0000000000000E+00
  0.0000000000000E+00
  0.0000000000000E+00
  0.0000000000000E+00
  0.0000000000000E+00
  0.0000000000000E+00
  0.0000000000000E+00
  0.0000000000000E+00
  0.0000000000000E+00
  0.0000000000000E+00
  0.0000000000000E+00
  0.0000000000000E+00
  0.0000000000000E+00
  0.0000000000000E+00
  0.0000000000000E+00
  0.0000000000000E+00
 -0.2706960418290E+02
  0.0000000000000E+00
  0.0000000000000E+00
  0.0000000000000E+00
  0.0000000000000E+00
  0.0000000000000E+00
  0.0000000000000E+00
  0.0000000000000E+00
  0.0000000000000E+00
  0.0000000000000E+00
 -0.3861207755978E+01
 -0.2236067066948E+02
  0.0000000000000E+00
  0.0000000000000E+00
 -0.1299095391665E+02
 -0.2825766364699E+02
 -0.2871107702271E+02
 -0.1415105949951E+02
 -0.6223882311789E+00
  0.0000000000000E+00
  0.0000000000000E+00
  0.0000000000000E+00
  0.0000000000000E+00
  0.0000000000000E+00
  0.0000000000000E+00
  0.0000000000000E+00
  0.0000000000000E+00
 -0.1340592974203E+01
 -0.1354832106086E+01
 -0.1102362969425E+01
 -0.1005657307789E+01
 -0.1000841837860E+01
 -0.1044810500968E+01
 -0.8233917643522E+00
 -0.8136597118761E+00
 -0.1147851302267E+01
 -0.4107999436034E+01
 -0.1163346617249E+01
 -0.8964486616189E+00
 -0.8792076596515E+00
 -0.8437198731820E+00
 -0.8282018168942E+00
 -0.9567816716560E+00
 -0.9377127103223E+00
 -0.1696352566262E+00
 -0.3628562964641E+00
 -0.3507990020268E+01
  0.0000000000000E+00
  0.0000000000000E+00
  0.0000000000000E+00
  0.0000000000000E+00
 -0.2042265303484E+00
 -0.4808245342623E+00
 -0.2332412726959E+01
 -0.2679492547116E+01
 -0.3391801562552E+01
 -0.2288608709919E+01
 -0.3099754116125E+01
 -0.1741635811432E+01
 -0.1107814058142E+01
 -0.1021431544062E+01
 -0.1380742244197E+01
 -0.1474319596797E+01
  0.0000000000000E+00
  0.0000000000000E+00
  0.0000000000000E+00
  0.0000000000000E+00
  0.0000000000000E+00
  0.0000000000000E+00
  0.0000000000000E+00
  0.0000000000000E+00
  0.0000000000000E+00
  0.0000000000000E+00
  0.0000000000000E+00
  0.0000000000000E+00
  0.0000000000000E+00
  0.0000000000000E+00
  0.0000000000000E+00
  0.0000000000000E+00
  0.0000000000000E+00
  0.0000000000000E+00
  0.0000000000000E+00
  0.0000000000000E+00
  0.0000000000000E+00
  0.0000000000000E+00
  0.0000000000000E+00
  0.0000000000000E+00
  0.0000000000000E+00
  0.0000000000000E+00
  0.0000000000000E+00
  0.0000000000000E+00
  0.0000000000000E+00
  0.0000000000000E+00
  0.0000000000000E+00
  0.0000000000000E+00
  0.0000000000000E+00
  0.0000000000000E+00
  0.0000000000000E+00
  0.0000000000000E+00
  0.0000000000000E+00
 -0.3142978488946E+02
 -0.3176088228993E+02
 -0.3045818061670E+02
 -0.3186625892585E+02
 -0.3210725623168E+02
 -0.3188167368221E+02
 -0.3156038828932E+02
 -0.3129323511359E+02
 -0.3108638097146E+02
 -0.3128318813780E+02
 -0.3166810429943E+02
 -0.3201608570970E+02
 -0.3234262276275E+02
 -0.3273057391625E+02
 -0.3298671218021E+02
 -0.3402892050237E+02
 -0.3505027041232E+02
 -0.3624548469012E+02
 -0.3569737440856E+02
 -0.3609138520774E+02
 -0.3633546064606E+02
 -0.3632596377258E+02
 -0.3634271061599E+02
 -0.3568185311045E+02
 -0.3671189522845E+02
 -0.3706090702366E+02
 -0.3707142179535E+02
 -0.3697180846148E+02
 -0.3555534984748E+02
 -0.3559930862408E+02
 -0.3517219055996E+02
 -0.3603874592900E+02
 -0.3780906987190E+02
 -0.3871274483371E+02
  0.0000000000000E+00
 -0.4041266899345E+02
 -0.4165847468799E+02
 -0.4160770615967E+02
 -0.3569766686963E+02
 -0.3979290964321E+02
 -0.4188611791092E+02
 -0.4216024783565E+02
 -0.4040481570220E+02
 -0.3674593859373E+02
 -0.3446775996964E+02
 -0.3410421215614E+02
 -0.3397138514352E+02
 -0.3579930282753E+02
 -0.3733072094413E+02
 -0.3923588427543E+02
 -0.4218272536277E+02
 -0.4716144180085E+02
 -0.4687697191102E+02
 -0.5254823656150E+02
 -0.5101934511957E+02
 -0.4305829016805E+02
 -0.3671388238490E+02
 -0.3224819966389E+02
 -0.2864123299305E+02
 -0.3034877691627E+02
 -0.3265242505026E+02
 -0.3629300503712E+02
 -0.3628042042561E+02
 -0.3735364263097E+02
 -0.3706745892076E+02
 -0.3794887923602E+02
 -0.3910739589980E+02
 -0.4266844886936E+02
 -0.4097372516430E+02
 -0.3754290395718E+02
 -0.3703428204470E+02
 -0.2499493325128E+02
 -0.2399448612729E+02
 -0.2511276066747E+02
 -0.2180237428592E+02
 -0.2275709826392E+02
 -0.2589232170442E+02
 -0.2662702344705E+02
 -0.2424647430095E+02
 -0.1873490862951E+02
 -0.2485747886067E+02
 -0.2745821182308E+02
 -0.2898666877972E+02
 -0.3085518548060E+02
 -0.3223465309479E+02
 -0.3415068144438E+02
 -0.3661361514318E+02
 -0.3287649712047E+02
 -0.3953675385648E+02
 -0.4708655801036E+02
 -0.3526071734691E+02
 -0.4573585218886E+02
 -0.3252054542736E+02
 -0.2828394750236E+02
 -0.2843424059502E+02
 -0.2976164926083E+02
 -0.3322548107457E+02
 -0.3766596716113E+02
 -0.2951671305237E+02
 -0.2994318159001E+02
 -0.2273369551366E+02
 -0.2059370189788E+02
 -0.1815307157323E+02
 -0.3357864404501E+02
 -0.2759787885451E+02
 -0.2670792495334E+02
 -0.2694685485803E+02
 -0.2463368555395E+02
 -0.2569096818385E+02
 -0.2650647920745E+02
 -0.2699764645277E+02
 -0.2930614126955E+02
 -0.3550484529265E+02
 -0.3792092651705E+02
 -0.3238148266452E+02
 -0.2707562846256E+02
 -0.2581293709651E+02
 -0.2786133125852E+02
 -0.2907231874020E+02
 -0.3036239374465E+02
 -0.3179137260092E+02
 -0.3311000261658E+02
 -0.3297121005520E+02
 -0.3570986083468E+02
 -0.4315731414971E+02
 -0.4530007087011E+02
  0.0000000000000E+00
 -0.1869258179577E+02
 -0.1833428612204E+02
 -0.1920789238237E+02
 -0.2170401441040E+02
 -0.2291790085654E+02
 -0.2802705787733E+02
 -0.3285706814316E+02
 -0.3069719169398E+02
 -0.2888743746714E+02
 -0.2349712099974E+02
 -0.2268328401706E+02
 -0.1589444835489E+02
 -0.3787031716948E+02
 -0.2752461870122E+02
 -0.2574480266736E+02
 -0.2403891432928E+02
 -0.2497988205890E+02
 -0.2613408637143E+02
 -0.2668861123776E+02
 -0.2791049703951E+02
 -0.2636554651698E+02
 -0.3645976343340E+02
 -0.3021470528450E+02
 -0.2357624378676E+02
 -0.2896616618662E+02
 -0.2909525424169E+02
 -0.3096191352439E+02
 -0.3116470918390E+02
 -0.3106010965125E+02
 -0.3170129002789E+02
 -0.3248852287758E+02
 -0.3177947706680E+02
 -0.3307461374585E+02
 -0.3655435815244E+02
 -0.3896607695543E+02
  0.0000000000000E+00
 -0.1632274995373E+02
 -0.2031993526566E+02
 -0.2081564984967E+02
 -0.2256296101039E+02
 -0.2570837330987E+02
 -0.3105220889285E+02
 -0.3259724431233E+02
 -0.3057820992924E+02
 -0.2893642368356E+02
 -0.3338894649621E+02
 -0.3194718613378E+02
 -0.1908499847725E+02
 -0.3503947008489E+02
 -0.2989458258746E+02
 -0.2764579417706E+02
 -0.2401603100947E+02
 -0.2599496342459E+02
 -0.2875888130556E+02
 -0.2811676606405E+02
 -0.2663930198686E+02
 -0.1670355417847E+02
 -0.3506571434628E+02
 -0.3494926402641E+02
 -0.3146188630688E+02
 -0.3075437137192E+02
 -0.3275376744127E+02
 -0.3350994145102E+02
 -0.3247358601339E+02
 -0.3241260351384E+02
 -0.3302060420844E+02
 -0.3401302416747E+02
 -0.3233652427756E+02
 -0.3194164029024E+02
 -0.3285305027649E+02
 -0.3457426430714E+02
  0.0000000000000E+00
 -0.1807114868284E+02
 -0.3005812565480E+02
 -0.3016033738614E+02
 -0.2984526980642E+02
 -0.3119913698986E+02
 -0.3364042876276E+02
 -0.3384429512640E+02
 -0.3176321724712E+02
 -0.3036979611339E+02
 -0.4536319243642E+02
 -0.4297457543762E+02
 -0.3717018025760E+02
 -0.4438199604912E+02
 -0.3793819735746E+02
 -0.2922143368214E+02
 -0.2488248209415E+02
 -0.2678153388378E+02
 -0.3506097941499E+02
 -0.3105220069866E+02
 -0.1834480635041E+02
  0.0000000000000E+00
 -0.2878910668555E+02
 -0.3170139155268E+02
 -0.2853743188653E+02
 -0.2737462728323E+02
 -0.2693081244544E+02
 -0.2939520015296E+02
 -0.2793188458476E+02
 -0.3004417595056E+02
 -0.3372520822479E+02
 -0.3407708327729E+02
 -0.3082438380511E+02
 -0.3021587435890E+02
 -0.3234452670925E+02
 -0.2643766207117E+02
  0.0000000000000E+00
 -0.5973314741318E+01
 -0.3196628944329E+02
 -0.3955711866365E+02
 -0.3790678045249E+02
 -0.3810500059034E+02
 -0.3508665056650E+02
 -0.3177529598684E+02
 -0.3186392408322E+02
 -0.1684135485892E+02
 -0.3424531490527E+02
 -0.3527496698347E+02
 -0.3903275820750E+02
 -0.4161507035352E+02
 -0.3384917809069E+02
 -0.2673693500799E+02
 -0.2469211127652E+02
 -0.2933786429766E+02
 -0.2244256671176E+02
 -0.1740449975355E+02
  0.0000000000000E+00
  0.0000000000000E+00
 -0.2633161974161E+02
 -0.2509764193950E+02
 -0.2617249979004E+02
 -0.2506441656698E+02
 -0.2670198663181E+02
 -0.2741818740430E+02
 -0.1910092617624E+02
 -0.1412246464555E+02
 -0.1396656782603E+02
 -0.1915744948585E+02
 -0.2324029197951E+02
 -0.2517519132332E+02
 -0.3402465326627E+02
 -0.9689395546351E+01
  0.0000000000000E+00
  0.0000000000000E+00
 -0.1702985107752E+02
 -0.2575438691605E+02
 -0.3091895713301E+02
 -0.3217650159436E+02
 -0.2971043920922E+02
 -0.3307060968215E+02
 -0.5960591705874E+01
  0.0000000000000E+00
 -0.2655606402363E+02
 -0.3165858241965E+02
 -0.2713803770357E+02
 -0.2144570739368E+02
 -0.2439328418196E+02
 -0.2187682830247E+02
 -0.2262882216518E+02
 -0.3217165893135E+02
 -0.2382075203958E+02
  0.0000000000000E+00
  0.0000000000000E+00
  0.0000000000000E+00
 -0.2609139262028E+02
 -0.2802378771849E+02
 -0.2745086487454E+02
 -0.2737283275397E+02
 -0.2730513541862E+02
 -0.2798968440848E+02
 -0.2794915280735E+02
 -0.2868392000091E+02
 -0.3021197098934E+02
 -0.3009405241183E+02
 -0.2702474240205E+02
 -0.2872860022017E+02
 -0.3350515813387E+02
 -0.2375734902716E+02
  0.0000000000000E+00
  0.0000000000000E+00
 -0.2154489283519E+02
 -0.2888280647170E+02
 -0.2157873559231E+02
 -0.1897044029343E+02
 -0.2967642931220E+02
 -0.3482725768211E+02
 -0.2337994231206E+02
  0.0000000000000E+00
 -0.3143099160197E+02
 -0.3531084023302E+02
 -0.3549729287628E+02
 -0.3208268367166E+02
 -0.2696240686596E+02
 -0.2357021573850E+02
 -0.2357654247381E+02
 -0.3149094170050E+02
 -0.2752507352478E+02
  0.0000000000000E+00
  0.0000000000000E+00
  0.0000000000000E+00
 -0.2396855216127E+02
 -0.2779547546023E+02
 -0.2718595436146E+02
 -0.2616287535506E+02
 -0.2603853308621E+02
 -0.2807718749729E+02
 -0.2790587650174E+02
 -0.2912686777209E+02
 -0.3007296552127E+02
 -0.3040622901902E+02
 -0.3144769226097E+02
 -0.3083376406301E+02
 -0.3301735406859E+02
 -0.2815805861223E+02
  0.0000000000000E+00
  0.0000000000000E+00
 -0.1012304945850E+02
 -0.2841204363467E+02
 -0.3185992879979E+02
 -0.3253593969376E+02
 -0.3192735798065E+02
 -0.3197822143283E+02
 -0.1737786905331E+02
  0.0000000000000E+00
 -0.2797395039243E+02
 -0.2932234775756E+02
 -0.3064021548440E+02
 -0.2919291203616E+02
 -0.2811908991840E+02
 -0.2630064079682E+02
 -0.2665500757514E+02
 -0.3025996140387E+02
 -0.2671190620199E+02
  0.0000000000000E+00
  0.0000000000000E+00
  0.0000000000000E+00
 -0.2461396682406E+02
 -0.2602300533390E+02
 -0.2611127668554E+02
 -0.2513888264362E+02
 -0.2465209180419E+02
 -0.2696463056011E+02
 -0.2764097014158E+02
 -0.2771794983722E+02
 -0.2884203115510E+02
 -0.2936861488623E+02
 -0.3006402919934E+02
 -0.3081376808668E+02
 -0.3341810979706E+02
 -0.3053152657280E+02
  0.0000000000000E+00
  0.0000000000000E+00
  0.0000000000000E+00
 -0.2547410472569E+02
 -0.2944179353219E+02
 -0.3118057727673E+02
 -0.3146379272936E+02
 -0.3038748970602E+02
  0.0000000000000E+00
  0.0000000000000E+00
 -0.1727905152800E+02
 -0.2299060494935E+02
 -0.2663138303858E+02
 -0.2608494064389E+02
 -0.2756162013019E+02
 -0.2724885636798E+02
 -0.2739491448517E+02
 -0.3049376114880E+02
 -0.2904391059405E+02
  0.0000000000000E+00
  0.0000000000000E+00
 -0.2597667609029E+02
 -0.2339294290267E+02
 -0.2474358135870E+02
 -0.2413515366567E+02
 -0.2281599358302E+02
 -0.2336896221466E+02
 -0.2511856891869E+02
 -0.2617845693585E+02
 -0.2555029904040E+02
 -0.2678786741615E+02
 -0.2869103076480E+02
 -0.2999581661198E+02
 -0.3132943414045E+02
 -0.3412129921785E+02
 -0.2505292058977E+02
  0.0000000000000E+00
  0.0000000000000E+00
  0.0000000000000E+00
 -0.2062471364037E+02
 -0.2691193492799E+02
 -0.2952555165324E+02
 -0.3200961616062E+02
 -0.3342969429779E+02
  0.0000000000000E+00
  0.0000000000000E+00
  0.0000000000000E+00
 -0.2013774898013E+02
 -0.2352323120659E+02
 -0.2323570551136E+02
 -0.2675160755677E+02
 -0.2879458075675E+02
 -0.2960453408333E+02
 -0.3031590992139E+02
 -0.2530015804733E+02
  0.0000000000000E+00
  0.0000000000000E+00
 -0.2651333663916E+02
 -0.2235485814216E+02
 -0.2319779857363E+02
 -0.2290643636435E+02
 -0.2147425085872E+02
 -0.2347369227204E+02
 -0.2300850637285E+02
 -0.2410472157102E+02
 -0.2419303985020E+02
 -0.2573191083315E+02
 -0.2796435496047E+02
 -0.3035208454493E+02
 -0.3250429151098E+02
 -0.3495598783842E+02
  0.0000000000000E+00
  0.0000000000000E+00
  0.0000000000000E+00
  0.0000000000000E+00
 -0.1964886727218E+02
 -0.2474511569813E+02
 -0.3012219100032E+02
 -0.3456942998943E+02
 -0.3617401157920E+02
  0.0000000000000E+00
  0.0000000000000E+00
  0.0000000000000E+00
 -0.2305841265327E+02
 -0.2172458500951E+02
 -0.2053460383842E+02
 -0.2442636062889E+02
 -0.2794088718201E+02
 -0.3118521351293E+02
 -0.2782041563243E+02
 -0.2123050942524E+02
  0.0000000000000E+00
  0.0000000000000E+00
 -0.2607157919638E+02
 -0.2165388790433E+02
 -0.2061951973099E+02
 -0.1934213834511E+02
 -0.1850780100004E+02
 -0.2162153444938E+02
 -0.2164711830839E+02
 -0.2223668381839E+02
 -0.2258773824344E+02
 -0.2379061475955E+02
 -0.2617017434461E+02
 -0.2941498192705E+02
 -0.3319009816502E+02
 -0.3662102133824E+02
  0.0000000000000E+00
  0.0000000000000E+00
  0.0000000000000E+00
  0.0000000000000E+00
 -0.1816860655736E+02
 -0.2278638042308E+02
 -0.2969945734480E+02
 -0.3518775134129E+02
 -0.3492341606494E+02
  0.0000000000000E+00
  0.0000000000000E+00
  0.0000000000000E+00
 -0.2713612622659E+02
 -0.2137514497195E+02
 -0.1980187928997E+02
 -0.2235324564583E+02
 -0.2418355464824E+02
 -0.2882054018264E+02
 -0.1849538860519E+02
  0.0000000000000E+00
 -0.2907304418035E+02
 -0.2472706523747E+02
 -0.2366204081527E+02
 -0.1787509725423E+02
 -0.1588923043647E+02
 -0.1620518852875E+02
 -0.1702288795820E+02
 -0.1987572531100E+02
 -0.2086240485325E+02
 -0.2003355582461E+02
 -0.1965923713371E+02
 -0.1932233682803E+02
 -0.2148955107089E+02
 -0.2450089111244E+02
 -0.3053944994696E+02
 -0.3035227570398E+02
  0.0000000000000E+00
  0.0000000000000E+00
  0.0000000000000E+00
  0.0000000000000E+00
 -0.1614064435537E+02
 -0.2081268533548E+02
 -0.2714217401656E+02
 -0.3205326939722E+02
 -0.3206201988419E+02
  0.0000000000000E+00
  0.0000000000000E+00
  0.0000000000000E+00
 -0.2614964282434E+02
 -0.2160354469544E+02
 -0.1933671665795E+02
 -0.1975618530822E+02
 -0.1950238248645E+02
 -0.2254664301474E+02
 -0.1027935100819E+02
  0.0000000000000E+00
 -0.2463242389265E+02
 -0.1567223331541E+02
 -0.1664623885896E+02
 -0.9657225491928E+01
 -0.9753336471127E+01
 -0.1338141620889E+02
 -0.1626768234930E+02
 -0.1814586148154E+02
 -0.1907068750143E+02
 -0.1725086037729E+02
 -0.1785733046505E+02
 -0.1825004208056E+02
 -0.2014193916879E+02
 -0.2200188122707E+02
 -0.2560653108558E+02
 -0.1952757411884E+02
  0.0000000000000E+00
  0.0000000000000E+00
  0.0000000000000E+00
  0.0000000000000E+00
 -0.1334266136612E+02
 -0.2094906173678E+02
 -0.2590550614184E+02
 -0.2939418586513E+02
 -0.2869371158788E+02
  0.0000000000000E+00
  0.0000000000000E+00
  0.0000000000000E+00
 -0.2209749920315E+02
 -0.1932187793516E+02
 -0.1515763968898E+02
 -0.1465772552377E+02
 -0.1242035718085E+02
 -0.1341681981171E+02
  0.0000000000000E+00
  0.0000000000000E+00
 -0.1721971539661E+02
 -0.1325533374203E+02
 -0.1169991285472E+02
 -0.6809590088582E+01
 -0.1011446380553E+02
 -0.1442899491757E+02
 -0.1648159246034E+02
 -0.1680654215982E+02
 -0.1800620455691E+02
 -0.1736619196839E+02
 -0.1921644818803E+02
 -0.2078112658174E+02
 -0.2205631015913E+02
 -0.2266548038124E+02
 -0.2452951170339E+02
 -0.1501396748171E+02
  0.0000000000000E+00
  0.0000000000000E+00
  0.0000000000000E+00
 -0.1505577632008E+02
 -0.1732503292250E+02
 -0.2418077991508E+02
 -0.2806658845354E+02
 -0.3127047112607E+02
 -0.1906645038230E+02
  0.0000000000000E+00
  0.0000000000000E+00
  0.0000000000000E+00
 -0.1916473756943E+02
 -0.1431243855542E+02
 -0.1162373531654E+02
 -0.1811154636868E+02
 -0.1931483736352E+02
 -0.1759463904827E+02
  0.0000000000000E+00
  0.0000000000000E+00
 -0.1454310482857E+02
 -0.1891026699113E+02
 -0.6704943090678E+01
 -0.1048731238282E+02
 -0.1320310492574E+02
 -0.1457764709979E+02
 -0.1547581929839E+02
 -0.1608705642854E+02
 -0.1748831616020E+02
 -0.1827282841797E+02
 -0.1971952387973E+02
 -0.2186127656888E+02
 -0.2347947892071E+02
 -0.2596997585688E+02
 -0.2823026086356E+02
 -0.2258758115913E+02
  0.0000000000000E+00
  0.0000000000000E+00
  0.0000000000000E+00
 -0.1309936940937E+02
 -0.1775177488289E+02
 -0.2528526524217E+02
 -0.3144198932102E+02
 -0.3073076237952E+02
 -0.1689727362839E+02
  0.0000000000000E+00
  0.0000000000000E+00
  0.0000000000000E+00
 -0.2132259026672E+02
 -0.1435135445835E+02
 -0.1781294733334E+02
 -0.2427274964678E+02
 -0.2533221566639E+02
 -0.1689824510694E+02
  0.0000000000000E+00
 -0.1298830889165E+02
 -0.7858439931122E+01
 -0.1620401630878E+02
 -0.1493392392940E+02
 -0.1543237879363E+02
 -0.1534617669969E+02
 -0.1484179435583E+02
 -0.1509265477862E+02
 -0.1553700600923E+02
 -0.1733450349905E+02
 -0.1925681261992E+02
 -0.2039827619402E+02
 -0.2413020515417E+02
 -0.2797665131465E+02
 -0.2974909167194E+02
 -0.2810102931758E+02
 -0.1955988801297E+02
  0.0000000000000E+00
  0.0000000000000E+00
 -0.1904051040722E+02
 -0.1302845104950E+02
 -0.1878267008332E+02
 -0.2316357506463E+02
 -0.2716472893276E+02
 -0.2360769136278E+02
 -0.1860850360457E+02
  0.0000000000000E+00
  0.0000000000000E+00
  0.0000000000000E+00
 -0.2865051728725E+02
 -0.2258604220697E+02
 -0.2403451602143E+02
 -0.2842378106864E+02
 -0.2743572655572E+02
 -0.1586045715250E+02
  0.0000000000000E+00
 -0.1821770298275E+02
 -0.1475401740868E+02
 -0.1987561836758E+02
 -0.2032171211814E+02
 -0.1968285363729E+02
 -0.1849709671132E+02
 -0.1852776602872E+02
 -0.1926554536524E+02
 -0.1999729350373E+02
 -0.2155833853275E+02
 -0.2299510248491E+02
 -0.2450959619997E+02
 -0.2595045816199E+02
 -0.2761672375655E+02
 -0.2633333131539E+02
 -0.1808929986193E+02
 -0.1780329575252E+02
  0.0000000000000E+00
  0.0000000000000E+00
 -0.1074911198615E+02
 -0.1684752954945E+02
 -0.2473548593081E+02
 -0.2445484613570E+02
 -0.7510318622489E+01
  0.0000000000000E+00
  0.0000000000000E+00
  0.0000000000000E+00
  0.0000000000000E+00
  0.0000000000000E+00
  0.0000000000000E+00
 -0.2278405034209E+02
 -0.2863281984869E+02
 -0.2558161751120E+02
 -0.2412632271190E+02
 -0.1715722891461E+02
  0.0000000000000E+00
 -0.1659031268945E+02
 -0.2070916880702E+02
 -0.2274420950750E+02
 -0.2093444864724E+02
 -0.1985859883951E+02
 -0.1841993234237E+02
 -0.2009444094018E+02
 -0.2089644207208E+02
 -0.2315479339881E+02
 -0.2487336546648E+02
 -0.2678622588380E+02
 -0.3074317698004E+02
 -0.3126300062917E+02
 -0.3176785069286E+02
 -0.3366086916089E+02
 -0.3302081732156E+02
 -0.3139850334335E+02
  0.0000000000000E+00
 -0.7548867782868E+01
 -0.1752836459607E+02
 -0.2281111745819E+02
 -0.2928806440240E+02
 -0.3392205057911E+02
 -0.1387863704895E+02
  0.0000000000000E+00
  0.0000000000000E+00
  0.0000000000000E+00
  0.0000000000000E+00
  0.0000000000000E+00
  0.0000000000000E+00
 -0.2255019825102E+02
 -0.3088249562636E+02
 -0.2740171509765E+02
 -0.2463858962365E+02
 -0.1325357061481E+02
  0.0000000000000E+00
 -0.1510895113678E+02
 -0.2296202501566E+02
 -0.2435144396086E+02
 -0.2165517640414E+02
 -0.1996537221198E+02
 -0.1969160422547E+02
 -0.2099800373115E+02
 -0.2193547740003E+02
 -0.2407047066772E+02
 -0.2633740068668E+02
 -0.2921930870332E+02
 -0.3292761869211E+02
 -0.3561671433490E+02
 -0.3822844027362E+02
 -0.2975731792838E+02
 -0.1361749788532E+02
  0.0000000000000E+00
 -0.1086970998984E+02
 -0.1862430500689E+02
 -0.2359601349333E+02
 -0.2655146896831E+02
 -0.3018938455234E+02
 -0.3685323829036E+02
 -0.2385814395548E+02
  0.0000000000000E+00
  0.0000000000000E+00
  0.0000000000000E+00
  0.0000000000000E+00
  0.0000000000000E+00
  0.0000000000000E+00
 -0.2221545259855E+02
 -0.3177793729479E+02
 -0.2975213148506E+02
 -0.2657178829478E+02
 -0.2495816442784E+02
  0.0000000000000E+00
 -0.2299641571702E+02
 -0.2662183955215E+02
 -0.2673388478237E+02
 -0.2344070740156E+02
 -0.2076352257419E+02
 -0.2065792408867E+02
 -0.2221972494780E+02
 -0.2352099890794E+02
 -0.2453772183011E+02
 -0.2666155394354E+02
 -0.2853494347391E+02
 -0.3205898659227E+02
 -0.3565285107942E+02
 -0.4026975356160E+02
 -0.1753496110703E+02
  0.0000000000000E+00
 -0.1668632727976E+02
 -0.2139257648759E+02
 -0.2529360427353E+02
 -0.2754612572472E+02
 -0.2730025150309E+02
 -0.2924437831760E+02
 -0.3650406534978E+02
 -0.3221557808984E+02
  0.0000000000000E+00
  0.0000000000000E+00
  0.0000000000000E+00
  0.0000000000000E+00
  0.0000000000000E+00
  0.0000000000000E+00
 -0.2558518322835E+02
 -0.3291745061463E+02
  0.0000000000000E+00
 -0.3010058162822E+02
 -0.2706869237470E+02
  0.0000000000000E+00
 -0.2735781456189E+02
 -0.2932139619124E+02
 -0.2964441954837E+02
 -0.2584859267324E+02
 -0.2305119817253E+02
 -0.2293800270054E+02
 -0.2368020722851E+02
 -0.2488041913614E+02
 -0.2578611380762E+02
 -0.2758470940108E+02
 -0.2868497002507E+02
 -0.3087891315677E+02
 -0.3392848678016E+02
 -0.3485061581563E+02
  0.0000000000000E+00
 -0.2464712968795E+02
 -0.2774199591787E+02
 -0.2655407792841E+02
 -0.3033448455264E+02
 -0.2923051884406E+02
 -0.2779951399302E+02
 -0.2888346675557E+02
 -0.3560338861192E+02
 -0.3724224885227E+02
  0.0000000000000E+00
  0.0000000000000E+00
  0.0000000000000E+00
  0.0000000000000E+00
  0.0000000000000E+00
  0.0000000000000E+00
 -0.3160967685085E+02
 -0.2966932150105E+02
  0.0000000000000E+00
  0.0000000000000E+00
  0.0000000000000E+00
  0.0000000000000E+00
  0.0000000000000E+00
 -0.2785478643307E+02
 -0.3053605154536E+02
 -0.2746475560499E+02
 -0.2599526692806E+02
 -0.2650330541739E+02
 -0.2569689173671E+02
 -0.2652462401924E+02
 -0.2826148700255E+02
 -0.2990381212235E+02
 -0.3014046872895E+02
 -0.2978534323417E+02
 -0.3312405969980E+02
 -0.3430938751677E+02
  0.0000000000000E+00
 -0.2952631802094E+02
 -0.3170315884034E+02
 -0.3185180297902E+02
 -0.3201485350270E+02
 -0.3089152138564E+02
 -0.3024717768736E+02
 -0.3051028007224E+02
 -0.3400432920447E+02
 -0.3404618518921E+02
  0.0000000000000E+00
  0.0000000000000E+00
  0.0000000000000E+00
  0.0000000000000E+00
  0.0000000000000E+00
  0.0000000000000E+00
 -0.2549832525649E+02
 -0.1627906640949E+02
  0.0000000000000E+00
  0.0000000000000E+00
  0.0000000000000E+00
  0.0000000000000E+00
  0.0000000000000E+00
 -0.2606339910645E+02
 -0.1925360370590E+02
 -0.2118589990052E+02
 -0.2091423870276E+02
 -0.1421954651360E+02
 -0.2005496202517E+02
 -0.2148371626252E+02
 -0.2215451984331E+02
 -0.2715144806404E+02
 -0.3150055946821E+02
 -0.3064932089051E+02
 -0.3347041229481E+02
 -0.2799517581462E+02
  0.0000000000000E+00
 -0.2930441390199E+02
 -0.2729824328233E+02
 -0.1901095402611E+02
 -0.2472425968781E+02
 -0.2610535934757E+02
 -0.2771022582305E+02
 -0.3061489745919E+02
 -0.3250709230920E+02
 -0.3307716538789E+02
  0.0000000000000E+00
  0.0000000000000E+00
  0.0000000000000E+00
  0.0000000000000E+00
  0.0000000000000E+00
  0.0000000000000E+00
  0.0000000000000E+00
  0.0000000000000E+00
  0.0000000000000E+00
  0.0000000000000E+00
  0.0000000000000E+00
  0.0000000000000E+00
  0.0000000000000E+00
 -0.3289648938559E+02
 -0.3976137531585E+02
 -0.4350881641713E+02
 -0.3976525458929E+02
 -0.3457422011593E+02
 -0.2790019083763E+02
 -0.2471485893783E+02
 -0.2427959616671E+02
 -0.1970595925968E+02
 -0.1924584983863E+02
 -0.3318036517720E+02
 -0.3609678316671E+02
 -0.3796297776671E+02
  0.0000000000000E+00
  0.0000000000000E+00
  0.0000000000000E+00
 -0.2733779627965E+02
 -0.3904042687398E+02
 -0.3331898432616E+02
 -0.2126315019487E+02
 -0.2354953863037E+02
 -0.3147653147912E+02
 -0.3503738114329E+02
  0.0000000000000E+00
  0.0000000000000E+00
 -0.2282647903455E+02
 -0.2765758695975E+02
  0.0000000000000E+00
  0.0000000000000E+00
  0.0000000000000E+00
  0.0000000000000E+00
  0.0000000000000E+00
  0.0000000000000E+00
  0.0000000000000E+00
  0.0000000000000E+00
  0.0000000000000E+00
  0.0000000000000E+00
 -0.2861796116026E+02
 -0.3835980643175E+02
 -0.4037789709722E+02
 -0.3741761665020E+02
 -0.3401013231664E+02
 -0.3120924611412E+02
 -0.2971735386310E+02
 -0.2985471428676E+02
 -0.2824213110016E+02
 -0.3486851638875E+02
 -0.2757581800175E+02
  0.0000000000000E+00
  0.0000000000000E+00
  0.0000000000000E+00
  0.0000000000000E+00
 -0.3681417719936E+02
 -0.4969557834564E+02
 -0.4580829723508E+02
 -0.3829621246544E+02
 -0.3195521942589E+02
 -0.2990986325482E+02
 -0.3308236091974E+02
 -0.1992927413675E+02
 -0.2463291871493E+02
 -0.3188680107371E+02
 -0.3617493202655E+02
 -0.2920042921016E+02
  0.0000000000000E+00
  0.0000000000000E+00
  0.0000000000000E+00
  0.0000000000000E+00
  0.0000000000000E+00
  0.0000000000000E+00
  0.0000000000000E+00
  0.0000000000000E+00
  0.0000000000000E+00
 -0.3610896004873E+02
 -0.4134926268283E+02
 -0.3581600998199E+02
 -0.3308403584004E+02
 -0.3229046193668E+02
 -0.3130299352280E+02
 -0.3061682923443E+02
 -0.3067563060951E+02
 -0.3052297694936E+02
 -0.3436597104994E+02
 -0.2625698545037E+02
  0.0000000000000E+00
  0.0000000000000E+00
  0.0000000000000E+00
  0.0000000000000E+00
 -0.3396240293153E+02
 -0.4140993735442E+02
 -0.4014400360789E+02
 -0.4034026202054E+02
 -0.3952123733100E+02
 -0.3221051550990E+02
 -0.3529558561485E+02
  0.0000000000000E+00
 -0.3588853254121E+02
 -0.3264232670666E+02
  0.0000000000000E+00
  0.0000000000000E+00
  0.0000000000000E+00
  0.0000000000000E+00
  0.0000000000000E+00
  0.0000000000000E+00
  0.0000000000000E+00
  0.0000000000000E+00
  0.0000000000000E+00
  0.0000000000000E+00
  0.0000000000000E+00
 -0.3828909656892E+02
 -0.4331872063023E+02
 -0.3601971326658E+02
 -0.2988011788008E+02
 -0.2879365376070E+02
 -0.3060768721875E+02
 -0.3102428510179E+02
 -0.3250309251701E+02
 -0.3381303203292E+02
 -0.3617047820786E+02
 -0.3486476461798E+02
  0.0000000000000E+00
  0.0000000000000E+00
  0.0000000000000E+00
  0.0000000000000E+00
  0.0000000000000E+00
 -0.3379247999103E+02
 -0.2920861217609E+02
 -0.3581525239387E+02
 -0.4393169658114E+02
 -0.3942975383808E+02
 -0.3713632900663E+02
 -0.2305729144936E+02
  0.0000000000000E+00
  0.0000000000000E+00
  0.0000000000000E+00
  0.0000000000000E+00
  0.0000000000000E+00
  0.0000000000000E+00
  0.0000000000000E+00
  0.0000000000000E+00
  0.0000000000000E+00
  0.0000000000000E+00
  0.0000000000000E+00
  0.0000000000000E+00
  0.0000000000000E+00
  0.0000000000000E+00
 -0.2978211924076E+02
 -0.3599146610339E+02
 -0.3246591278261E+02
 -0.2842427523888E+02
 -0.2969614396912E+02
 -0.3163311435752E+02
 -0.3476081726464E+02
 -0.3919759604755E+02
 -0.4465039103492E+02
 -0.4053982941579E+02
  0.0000000000000E+00
  0.0000000000000E+00
  0.0000000000000E+00
  0.0000000000000E+00
  0.0000000000000E+00
  0.0000000000000E+00
 -0.3897034690549E+02
 -0.2859887985241E+02
 -0.4271557040760E+02
 -0.4406007289107E+02
 -0.4918429964799E+02
 -0.4150889344618E+02
  0.0000000000000E+00
  0.0000000000000E+00
  0.0000000000000E+00
  0.0000000000000E+00
  0.0000000000000E+00
  0.0000000000000E+00
  0.0000000000000E+00
  0.0000000000000E+00
  0.0000000000000E+00
  0.0000000000000E+00
  0.0000000000000E+00
  0.0000000000000E+00
  0.0000000000000E+00
  0.0000000000000E+00
 -0.3449242171574E+02
 -0.2902794480804E+02
 -0.2344311941736E+02
 -0.2217852033898E+02
 -0.2927684635758E+02
 -0.3521156602009E+02
 -0.4212869949758E+02
 -0.5285327236349E+02
 -0.4384985190270E+02
  0.0000000000000E+00
  0.0000000000000E+00
  0.0000000000000E+00
  0.0000000000000E+00
  0.0000000000000E+00
  0.0000000000000E+00
  0.0000000000000E+00
 -0.5730104130939E+02
 -0.4354870294584E+02
 -0.4740834363832E+02
 -0.5610035864495E+02
 -0.6789151335750E+02
  0.0000000000000E+00
  0.0000000000000E+00
  0.0000000000000E+00
  0.0000000000000E+00
  0.0000000000000E+00
  0.0000000000000E+00
  0.0000000000000E+00
  0.0000000000000E+00
  0.0000000000000E+00
  0.0000000000000E+00
  0.0000000000000E+00
  0.0000000000000E+00
  0.0000000000000E+00
  0.0000000000000E+00
  0.0000000000000E+00
  0.0000000000000E+00
  0.0000000000000E+00
 -0.4690520854584E+02
 -0.6394426952477E+02
 -0.5321413790841E+02
 -0.2018816519012E+02
 -0.3891330336847E+02
 -0.6327792991428E+02
  0.0000000000000E+00
  0.0000000000000E+00
  0.0000000000000E+00
  0.0000000000000E+00
  0.0000000000000E+00
  0.0000000000000E+00
  0.0000000000000E+00
  0.0000000000000E+00
 -0.5388010051219E+02
 -0.7087803691379E+02
 -0.7317726822948E+02
 -0.8231503946107E+02
 -0.8453345474161E+02
 -0.3232307774732E+02
  0.0000000000000E+00
  0.0000000000000E+00
  0.0000000000000E+00
  0.0000000000000E+00
  0.0000000000000E+00
  0.0000000000000E+00
  0.0000000000000E+00
  0.0000000000000E+00
  0.0000000000000E+00
  0.0000000000000E+00
  0.0000000000000E+00
  0.0000000000000E+00
  0.0000000000000E+00
  0.0000000000000E+00
  0.0000000000000E+00
  0.0000000000000E+00
  0.0000000000000E+00
  0.0000000000000E+00
  0.0000000000000E+00
 -0.1996150863794E+02
  0.0000000000000E+00
  0.0000000000000E+00
  0.0000000000000E+00
  0.0000000000000E+00
  0.0000000000000E+00
  0.0000000000000E+00
  0.0000000000000E+00
  0.0000000000000E+00
  0.0000000000000E+00
 -0.1314877875541E+00
 -0.1171009625341E+02
  0.0000000000000E+00
  0.0000000000000E+00
 -0.1981287298727E+02
 -0.2009449337258E+02
 -0.1619075005113E+02
 -0.2132887260160E+00
 -0.2620512067657E-02
  0.0000000000000E+00
  0.0000000000000E+00
  0.0000000000000E+00
  0.0000000000000E+00
  0.0000000000000E+00
  0.0000000000000E+00
  0.0000000000000E+00
  0.0000000000000E+00
 -0.0000000000000E+00
 -0.6434063521869E-02
 -0.0000000000000E+00
 -0.0000000000000E+00
 -0.0000000000000E+00
 -0.1327375843622E-01
 -0.0000000000000E+00
 -0.0000000000000E+00
 -0.0000000000000E+00
 -0.2020845538713E+00
 -0.0000000000000E+00
 -0.9191903014908E-03
 -0.0000000000000E+00
 -0.0000000000000E+00
 -0.0000000000000E+00
 -0.0000000000000E+00
 -0.0000000000000E+00
 -0.0000000000000E+00
 -0.0000000000000E+00
 -0.0000000000000E+00
  0.0000000000000E+00
  0.0000000000000E+00
  0.0000000000000E+00
  0.0000000000000E+00
 -0.0000000000000E+00
 -0.7048694350525E-01
 -0.0000000000000E+00
 -0.0000000000000E+00
 -0.4784712432145E-01
 -0.0000000000000E+00
 -0.7825033547721E-01
 -0.0000000000000E+00
 -0.1197576374703E-02
 -0.0000000000000E+00
 -0.0000000000000E+00
 -0.2335211746695E-01
  0.0000000000000E+00
  0.0000000000000E+00
  0.0000000000000E+00
  0.0000000000000E+00
  0.0000000000000E+00
  0.0000000000000E+00
  0.0000000000000E+00
  0.0000000000000E+00
  0.0000000000000E+00
  0.0000000000000E+00
  0.0000000000000E+00
  0.0000000000000E+00
  0.0000000000000E+00
  0.0000000000000E+00
  0.0000000000000E+00
  0.0000000000000E+00
  0.0000000000000E+00
  0.0000000000000E+00
  0.0000000000000E+00
  0.0000000000000E+00
  0.0000000000000E+00
  0.0000000000000E+00
  0.0000000000000E+00
  0.0000000000000E+00
  0.0000000000000E+00
  0.0000000000000E+00
  0.0000000000000E+00
  0.0000000000000E+00
  0.0000000000000E+00
  0.0000000000000E+00
  0.0000000000000E+00
  0.0000000000000E+00
  0.0000000000000E+00
  0.0000000000000E+00
  0.0000000000000E+00
  0.0000000000000E+00
  0.0000000000000E+00
  0.7279814781772E+02
  0.7279814781772E+02
  0.7279814781772E+02
  0.7279814781772E+02
  0.7279814781772E+02
  0.7279814781772E+02
  0.7279814781772E+02
  0.7279814781772E+02
  0.7279814781772E+02
  0.7279814781772E+02
  0.7279814781772E+02
  0.7279814781772E+02
  0.7279814781772E+02
  0.7279814781772E+02
  0.7279814781772E+02
  0.7279814781772E+02
  0.7279814781772E+02
  0.7279814781772E+02
  0.7279814781772E+02
  0.7279814781772E+02
  0.7279814781772E+02
  0.7279814781772E+02
  0.7279814781772E+02
  0.7279814781772E+02
  0.7279814781772E+02
  0.7279814781772E+02
  0.7279814781772E+02
  0.7279814781772E+02
  0.7279814781772E+02
  0.7279814781772E+02
  0.7279814781772E+02
  0.7279814781772E+02
  0.7279814781772E+02
  0.7279814781772E+02
  0.0000000000000E+00
  0.8965371839236E+02
  0.8965371839236E+02
  0.8965371839236E+02
  0.8965371839236E+02
  0.8965371839236E+02
  0.8965371839236E+02
  0.8965371839236E+02
  0.8965371839236E+02
  0.8965371839236E+02
  0.8965371839236E+02
  0.8965371839236E+02
  0.8965371839236E+02
  0.8965371839236E+02
  0.8965371839236E+02
  0.8965371839236E+02
  0.8965371839236E+02
  0.8965371839236E+02
  0.8965371839236E+02
  0.8965371839236E+02
  0.8965371839236E+02
  0.8965371839236E+02
  0.8965371839236E+02
  0.8965371839236E+02
  0.8965371839236E+02
  0.8965371839236E+02
  0.8965371839236E+02
  0.8965371839236E+02
  0.8965371839236E+02
  0.8965371839236E+02
  0.8965371839236E+02
  0.8965371839236E+02
  0.8965371839236E+02
  0.8965371839236E+02
  0.8965371839236E+02
  0.8965371839236E+02
  0.8965371839236E+02
  0.1063230361930E+03
  0.1063230361930E+03
  0.1063230361930E+03
  0.1063230361930E+03
  0.1063230361930E+03
  0.1063230361930E+03
  0.1063230361930E+03
  0.1063230361930E+03
  0.1063230361930E+03
  0.1063230361930E+03
  0.1063230361930E+03
  0.1063230361930E+03
  0.1063230361930E+03
  0.1063230361930E+03
  0.1063230361930E+03
  0.1063230361930E+03
  0.1063230361930E+03
  0.1063230361930E+03
  0.1063230361930E+03
  0.1063230361930E+03
  0.1063230361930E+03
  0.1063230361930E+03
  0.1063230361930E+03
  0.1063230361930E+03
  0.1063230361930E+03
  0.1063230361930E+03
  0.1063230361930E+03
  0.1063230361930E+03
  0.1063230361930E+03
  0.1063230361930E+03
  0.1063230361930E+03
  0.1063230361930E+03
  0.1063230361930E+03
  0.1063230361930E+03
  0.1063230361930E+03
  0.1063230361930E+03
  0.1222333384795E+03
  0.1222333384795E+03
  0.1222333384795E+03
  0.1222333384795E+03
  0.1222333384795E+03
  0.1222333384795E+03
  0.1222333384795E+03
  0.1222333384795E+03
  0.1222333384795E+03
  0.1222333384795E+03
  0.1222333384795E+03
  0.1222333384795E+03
  0.1222333384795E+03
  0.1222333384795E+03
  0.1222333384795E+03
  0.1222333384795E+03
  0.1222333384795E+03
  0.1222333384795E+03
  0.1222333384795E+03
  0.0000000000000E+00
  0.1222333384795E+03
  0.1222333384795E+03
  0.1222333384795E+03
  0.1222333384795E+03
  0.1222333384795E+03
  0.1222333384795E+03
  0.1222333384795E+03
  0.1222333384795E+03
  0.1222333384795E+03
  0.1222333384795E+03
  0.1222333384795E+03
  0.1222333384795E+03
  0.1222333384795E+03
  0.1222333384795E+03
  0.1222333384795E+03
  0.1222333384795E+03
  0.1372906979787E+03
  0.1372906979787E+03
  0.1372906979787E+03
  0.1372906979787E+03
  0.1372906979787E+03
  0.1372906979787E+03
  0.1372906979787E+03
  0.1372906979787E+03
  0.1372906979787E+03
  0.1372906979787E+03
  0.1372906979787E+03
  0.1372906979787E+03
  0.1372906979787E+03
  0.1372906979787E+03
  0.1372906979787E+03
  0.1372906979787E+03
  0.1372906979787E+03
  0.1372906979787E+03
  0.1372906979787E+03
  0.0000000000000E+00
  0.1372906979787E+03
  0.1372906979787E+03
  0.1372906979787E+03
  0.1372906979787E+03
  0.1372906979787E+03
  0.1372906979787E+03
  0.1372906979787E+03
  0.1372906979787E+03
  0.1372906979787E+03
  0.1372906979787E+03
  0.1372906979787E+03
  0.1372906979787E+03
  0.1372906979787E+03
  0.1372906979787E+03
  0.1372906979787E+03
  0.1372906979787E+03
  0.1514398161757E+03
  0.1514398161757E+03
  0.1514398161757E+03
  0.1514398161757E+03
  0.1514398161757E+03
  0.1514398161757E+03
  0.1514398161757E+03
  0.1514398161757E+03
  0.1514398161757E+03
  0.1514398161757E+03
  0.1514398161757E+03
  0.1514398161757E+03
  0.1514398161757E+03
  0.1514398161757E+03
  0.1514398161757E+03
  0.1514398161757E+03
  0.1514398161757E+03
  0.1514398161757E+03
  0.1514398161757E+03
  0.0000000000000E+00
  0.1514398161757E+03
  0.1514398161757E+03
  0.1514398161757E+03
  0.1514398161757E+03
  0.1514398161757E+03
  0.1514398161757E+03
  0.1514398161757E+03
  0.1514398161757E+03
  0.1514398161757E+03
  0.1514398161757E+03
  0.1514398161757E+03
  0.1514398161757E+03
  0.1514398161757E+03
  0.1514398161757E+03
  0.1514398161757E+03
  0.1514398161757E+03
  0.1646279602329E+03
  0.1646279602329E+03
  0.1646279602329E+03
  0.1646279602329E+03
  0.0000000000000E+00
  0.1646279602329E+03
  0.1646279602329E+03
  0.1646279602329E+03
  0.1646279602329E+03
  0.1646279602329E+03
  0.1646279602329E+03
  0.1646279602329E+03
  0.1646279602329E+03
  0.1646279602329E+03
  0.1646279602329E+03
  0.1646279602329E+03
  0.1646279602329E+03
  0.1646279602329E+03
  0.1646279602329E+03
  0.0000000000000E+00
  0.1646279602329E+03
  0.1646279602329E+03
  0.1646279602329E+03
  0.1646279602329E+03
  0.1646279602329E+03
  0.1646279602329E+03
  0.1646279602329E+03
  0.1646279602329E+03
  0.1646279602329E+03
  0.1646279602329E+03
  0.1646279602329E+03
  0.1646279602329E+03
  0.1646279602329E+03
  0.1646279602329E+03
  0.1646279602329E+03
  0.1646279602329E+03
  0.1768026796837E+03
  0.1768026796837E+03
  0.1768026796837E+03
  0.0000000000000E+00
  0.0000000000000E+00
  0.1768026796837E+03
  0.1768026796837E+03
  0.1768026796837E+03
  0.1768026796837E+03
  0.1768026796837E+03
  0.1768026796837E+03
  0.1768026796837E+03
  0.1768026796837E+03
  0.1768026796837E+03
  0.1768026796837E+03
  0.1768026796837E+03
  0.1768026796837E+03
  0.1768026796837E+03
  0.1768026796837E+03
  0.0000000000000E+00
  0.0000000000000E+00
  0.1768026796837E+03
  0.1768026796837E+03
  0.1768026796837E+03
  0.1768026796837E+03
  0.1768026796837E+03
  0.1768026796837E+03
  0.1768026796837E+03
  0.0000000000000E+00
  0.1768026796837E+03
  0.1768026796837E+03
  0.1768026796837E+03
  0.1768026796837E+03
  0.1768026796837E+03
  0.1768026796837E+03
  0.1768026796837E+03
  0.1879133797839E+03
  0.1879133797839E+03
  0.0000000000000E+00
  0.0000000000000E+00
  0.0000000000000E+00
  0.1879133797839E+03
  0.1879133797839E+03
  0.1879133797839E+03
  0.1879133797839E+03
  0.1879133797839E+03
  0.1879133797839E+03
  0.1879133797839E+03
  0.1879133797839E+03
  0.1879133797839E+03
  0.1879133797839E+03
  0.1879133797839E+03
  0.1879133797839E+03
  0.1879133797839E+03
  0.1879133797839E+03
  0.0000000000000E+00
  0.0000000000000E+00
  0.1879133797839E+03
  0.1879133797839E+03
  0.1879133797839E+03
  0.1879133797839E+03
  0.1879133797839E+03
  0.1879133797839E+03
  0.1879133797839E+03
  0.0000000000000E+00
  0.1879133797839E+03
  0.1879133797839E+03
  0.1879133797839E+03
  0.1879133797839E+03
  0.1879133797839E+03
  0.1879133797839E+03
  0.1879133797839E+03
  0.1979128016085E+03
  0.1979128016085E+03
  0.0000000000000E+00
  0.0000000000000E+00
  0.0000000000000E+00
  0.1979128016085E+03
  0.1979128016085E+03
  0.1979128016085E+03
  0.1979128016085E+03
  0.1979128016085E+03
  0.1979128016085E+03
  0.1979128016085E+03
  0.1979128016085E+03
  0.1979128016085E+03
  0.1979128016085E+03
  0.1979128016085E+03
  0.1979128016085E+03
  0.1979128016085E+03
  0.1979128016085E+03
  0.0000000000000E+00
  0.0000000000000E+00
  0.1979128016085E+03
  0.1979128016085E+03
  0.1979128016085E+03
  0.1979128016085E+03
  0.1979128016085E+03
  0.1979128016085E+03
  0.1979128016085E+03
  0.0000000000000E+00
  0.1979128016085E+03
  0.1979128016085E+03
  0.1979128016085E+03
  0.1979128016085E+03
  0.1979128016085E+03
  0.1979128016085E+03
  0.1979128016085E+03
  0.2067579980595E+03
  0.2067579980595E+03
  0.0000000000000E+00
  0.0000000000000E+00
  0.0000000000000E+00
  0.2067579980595E+03
  0.2067579980595E+03
  0.2067579980595E+03
  0.2067579980595E+03
  0.2067579980595E+03
  0.2067579980595E+03
  0.2067579980595E+03
  0.2067579980595E+03
  0.2067579980595E+03
  0.2067579980595E+03
  0.2067579980595E+03
  0.2067579980595E+03
  0.2067579980595E+03
  0.2067579980595E+03
  0.0000000000000E+00
  0.0000000000000E+00
  0.0000000000000E+00
  0.2067579980595E+03
  0.2067579980595E+03
  0.2067579980595E+03
  0.2067579980595E+03
  0.2067579980595E+03
  0.0000000000000E+00
  0.0000000000000E+00
  0.2067579980595E+03
  0.2067579980595E+03
  0.2067579980595E+03
  0.2067579980595E+03
  0.2067579980595E+03
  0.2067579980595E+03
  0.2067579980595E+03
  0.2144109140901E+03
  0.2144109140901E+03
  0.0000000000000E+00
  0.0000000000000E+00
  0.2144109140901E+03
  0.2144109140901E+03
  0.2144109140901E+03
  0.2144109140901E+03
  0.2144109140901E+03
  0.2144109140901E+03
  0.2144109140901E+03
  0.2144109140901E+03
  0.2144109140901E+03
  0.2144109140901E+03
  0.2144109140901E+03
  0.2144109140901E+03
  0.2144109140901E+03
  0.2144109140901E+03
  0.2144109140901E+03
  0.0000000000000E+00
  0.0000000000000E+00
  0.0000000000000E+00
  0.2144109140901E+03
  0.2144109140901E+03
  0.2144109140901E+03
  0.2144109140901E+03
  0.2144109140901E+03
  0.0000000000000E+00
  0.0000000000000E+00
  0.0000000000000E+00
  0.2144109140901E+03
  0.2144109140901E+03
  0.2144109140901E+03
  0.2144109140901E+03
  0.2144109140901E+03
  0.2144109140901E+03
  0.2208387106716E+03
  0.2208387106716E+03
  0.0000000000000E+00
  0.0000000000000E+00
  0.2208387106716E+03
  0.2208387106716E+03
  0.2208387106716E+03
  0.2208387106716E+03
  0.2208387106716E+03
  0.2208387106716E+03
  0.2208387106716E+03
  0.2208387106716E+03
  0.2208387106716E+03
  0.2208387106716E+03
  0.2208387106716E+03
  0.2208387106716E+03
  0.2208387106716E+03
  0.2208387106716E+03
  0.0000000000000E+00
  0.0000000000000E+00
  0.0000000000000E+00
  0.0000000000000E+00
  0.2208387106716E+03
  0.2208387106716E+03
  0.2208387106716E+03
  0.2208387106716E+03
  0.2208387106716E+03
  0.0000000000000E+00
  0.0000000000000E+00
  0.0000000000000E+00
  0.2208387106716E+03
  0.2208387106716E+03
  0.2208387106716E+03
  0.2208387106716E+03
  0.2208387106716E+03
  0.2208387106716E+03
  0.2260139337130E+03
  0.2260139337130E+03
  0.0000000000000E+00
  0.0000000000000E+00
  0.2260139337130E+03
  0.2260139337130E+03
  0.2260139337130E+03
  0.2260139337130E+03
  0.2260139337130E+03
  0.2260139337130E+03
  0.2260139337130E+03
  0.2260139337130E+03
  0.2260139337130E+03
  0.2260139337130E+03
  0.2260139337130E+03
  0.2260139337130E+03
  0.2260139337130E+03
  0.2260139337130E+03
  0.0000000000000E+00
  0.0000000000000E+00
  0.0000000000000E+00
  0.0000000000000E+00
  0.2260139337130E+03
  0.2260139337130E+03
  0.2260139337130E+03
  0.2260139337130E+03
  0.2260139337130E+03
  0.0000000000000E+00
  0.0000000000000E+00
  0.0000000000000E+00
  0.2260139337130E+03
  0.2260139337130E+03
  0.2260139337130E+03
  0.2260139337130E+03
  0.2260139337130E+03
  0.2260139337130E+03
  0.2299145933469E+03
  0.0000000000000E+00
  0.2299145933469E+03
  0.2299145933469E+03
  0.2299145933469E+03
  0.2299145933469E+03
  0.2299145933469E+03
  0.2299145933469E+03
  0.2299145933469E+03
  0.2299145933469E+03
  0.2299145933469E+03
  0.2299145933469E+03
  0.2299145933469E+03
  0.2299145933469E+03
  0.2299145933469E+03
  0.2299145933469E+03
  0.2299145933469E+03
  0.2299145933469E+03
  0.0000000000000E+00
  0.0000000000000E+00
  0.0000000000000E+00
  0.0000000000000E+00
  0.2299145933469E+03
  0.2299145933469E+03
  0.2299145933469E+03
  0.2299145933469E+03
  0.2299145933469E+03
  0.0000000000000E+00
  0.0000000000000E+00
  0.0000000000000E+00
  0.2299145933469E+03
  0.2299145933469E+03
  0.2299145933469E+03
  0.2299145933469E+03
  0.2299145933469E+03
  0.2299145933469E+03
  0.2325241943402E+03
  0.0000000000000E+00
  0.2325241943402E+03
  0.2325241943402E+03
  0.2325241943402E+03
  0.2325241943402E+03
  0.2325241943402E+03
  0.2325241943402E+03
  0.2325241943402E+03
  0.2325241943402E+03
  0.2325241943402E+03
  0.2325241943402E+03
  0.2325241943402E+03
  0.2325241943402E+03
  0.2325241943402E+03
  0.2325241943402E+03
  0.2325241943402E+03
  0.2325241943402E+03
  0.0000000000000E+00
  0.0000000000000E+00
  0.0000000000000E+00
  0.0000000000000E+00
  0.2325241943402E+03
  0.2325241943402E+03
  0.2325241943402E+03
  0.2325241943402E+03
  0.2325241943402E+03
  0.0000000000000E+00
  0.0000000000000E+00
  0.0000000000000E+00
  0.2325241943402E+03
  0.2325241943402E+03
  0.2325241943402E+03
  0.2325241943402E+03
  0.2325241943402E+03
  0.2325241943402E+03
  0.0000000000000E+00
  0.0000000000000E+00
  0.2338317425848E+03
  0.2338317425848E+03
  0.2338317425848E+03
  0.2338317425848E+03
  0.2338317425848E+03
  0.2338317425848E+03
  0.2338317425848E+03
  0.2338317425848E+03
  0.2338317425848E+03
  0.2338317425848E+03
  0.2338317425848E+03
  0.2338317425848E+03
  0.2338317425848E+03
  0.2338317425848E+03
  0.2338317425848E+03
  0.2338317425848E+03
  0.0000000000000E+00
  0.0000000000000E+00
  0.0000000000000E+00
  0.2338317425848E+03
  0.2338317425848E+03
  0.2338317425848E+03
  0.2338317425848E+03
  0.2338317425848E+03
  0.2338317425848E+03
  0.0000000000000E+00
  0.0000000000000E+00
  0.0000000000000E+00
  0.2338317425848E+03
  0.2338317425848E+03
  0.2338317425848E+03
  0.2338317425848E+03
  0.2338317425848E+03
  0.2338317425848E+03
  0.0000000000000E+00
  0.0000000000000E+00
  0.2338317425919E+03
  0.2338317425919E+03
  0.2338317425919E+03
  0.2338317425919E+03
  0.2338317425919E+03
  0.2338317425919E+03
  0.2338317425919E+03
  0.2338317425919E+03
  0.2338317425919E+03
  0.2338317425919E+03
  0.2338317425919E+03
  0.2338317425919E+03
  0.2338317425919E+03
  0.2338317425919E+03
  0.2338317425919E+03
  0.2338317425919E+03
  0.0000000000000E+00
  0.0000000000000E+00
  0.0000000000000E+00
  0.2338317425919E+03
  0.2338317425919E+03
  0.2338317425919E+03
  0.2338317425919E+03
  0.2338317425919E+03
  0.2338317425919E+03
  0.0000000000000E+00
  0.0000000000000E+00
  0.0000000000000E+00
  0.2338317425919E+03
  0.2338317425919E+03
  0.2338317425919E+03
  0.2338317425919E+03
  0.2338317425919E+03
  0.2338317425919E+03
  0.0000000000000E+00
  0.2325241943614E+03
  0.2325241943614E+03
  0.2325241943614E+03
  0.2325241943614E+03
  0.2325241943614E+03
  0.2325241943614E+03
  0.2325241943614E+03
  0.2325241943614E+03
  0.2325241943614E+03
  0.2325241943614E+03
  0.2325241943614E+03
  0.2325241943614E+03
  0.2325241943614E+03
  0.2325241943614E+03
  0.2325241943614E+03
  0.2325241943614E+03
  0.2325241943614E+03
  0.0000000000000E+00
  0.0000000000000E+00
  0.2325241943614E+03
  0.2325241943614E+03
  0.2325241943614E+03
  0.2325241943614E+03
  0.2325241943614E+03
  0.2325241943614E+03
  0.2325241943614E+03
  0.0000000000000E+00
  0.0000000000000E+00
  0.0000000000000E+00
  0.2325241943614E+03
  0.2325241943614E+03
  0.2325241943614E+03
  0.2325241943614E+03
  0.2325241943614E+03
  0.2325241943614E+03
  0.0000000000000E+00
  0.2299145933821E+03
  0.2299145933821E+03
  0.2299145933821E+03
  0.2299145933821E+03
  0.2299145933821E+03
  0.2299145933821E+03
  0.2299145933821E+03
  0.2299145933821E+03
  0.2299145933821E+03
  0.2299145933821E+03
  0.2299145933821E+03
  0.2299145933821E+03
  0.2299145933821E+03
  0.2299145933821E+03
  0.2299145933821E+03
  0.2299145933821E+03
  0.2299145933821E+03
  0.0000000000000E+00
  0.0000000000000E+00
  0.2299145933821E+03
  0.2299145933821E+03
  0.2299145933821E+03
  0.2299145933821E+03
  0.2299145933821E+03
  0.0000000000000E+00
  0.0000000000000E+00
  0.0000000000000E+00
  0.0000000000000E+00
  0.0000000000000E+00
  0.0000000000000E+00
  0.2299145933821E+03
  0.2299145933821E+03
  0.2299145933821E+03
  0.2299145933821E+03
  0.2299145933821E+03
  0.0000000000000E+00
  0.2260139337618E+03
  0.2260139337618E+03
  0.2260139337618E+03
  0.2260139337618E+03
  0.2260139337618E+03
  0.2260139337618E+03
  0.2260139337618E+03
  0.2260139337618E+03
  0.2260139337618E+03
  0.2260139337618E+03
  0.2260139337618E+03
  0.2260139337618E+03
  0.2260139337618E+03
  0.2260139337618E+03
  0.2260139337618E+03
  0.2260139337618E+03
  0.2260139337618E+03
  0.0000000000000E+00
  0.2260139337618E+03
  0.2260139337618E+03
  0.2260139337618E+03
  0.2260139337618E+03
  0.2260139337618E+03
  0.2260139337618E+03
  0.0000000000000E+00
  0.0000000000000E+00
  0.0000000000000E+00
  0.0000000000000E+00
  0.0000000000000E+00
  0.0000000000000E+00
  0.2260139337618E+03
  0.2260139337618E+03
  0.2260139337618E+03
  0.2260139337618E+03
  0.2260139337618E+03
  0.0000000000000E+00
  0.2208387107336E+03
  0.2208387107336E+03
  0.2208387107336E+03
  0.2208387107336E+03
  0.2208387107336E+03
  0.2208387107336E+03
  0.2208387107336E+03
  0.2208387107336E+03
  0.2208387107336E+03
  0.2208387107336E+03
  0.2208387107336E+03
  0.2208387107336E+03
  0.2208387107336E+03
  0.2208387107336E+03
  0.2208387107336E+03
  0.2208387107336E+03
  0.0000000000000E+00
  0.2208387107336E+03
  0.2208387107336E+03
  0.2208387107336E+03
  0.2208387107336E+03
  0.2208387107336E+03
  0.2208387107336E+03
  0.2208387107336E+03
  0.0000000000000E+00
  0.0000000000000E+00
  0.0000000000000E+00
  0.0000000000000E+00
  0.0000000000000E+00
  0.0000000000000E+00
  0.2208387107336E+03
  0.2208387107336E+03
  0.2208387107336E+03
  0.2208387107336E+03
  0.2208387107336E+03
  0.0000000000000E+00
  0.2144109141648E+03
  0.2144109141648E+03
  0.2144109141648E+03
  0.2144109141648E+03
  0.2144109141648E+03
  0.2144109141648E+03
  0.2144109141648E+03
  0.2144109141648E+03
  0.2144109141648E+03
  0.2144109141648E+03
  0.2144109141648E+03
  0.2144109141648E+03
  0.2144109141648E+03
  0.2144109141648E+03
  0.2144109141648E+03
  0.0000000000000E+00
  0.2144109141648E+03
  0.2144109141648E+03
  0.2144109141648E+03
  0.2144109141648E+03
  0.2144109141648E+03
  0.2144109141648E+03
  0.2144109141648E+03
  0.2144109141648E+03
  0.0000000000000E+00
  0.0000000000000E+00
  0.0000000000000E+00
  0.0000000000000E+00
  0.0000000000000E+00
  0.0000000000000E+00
  0.2144109141648E+03
  0.2144109141648E+03
  0.0000000000000E+00
  0.2144109141648E+03
  0.2144109141648E+03
  0.0000000000000E+00
  0.2067579981463E+03
  0.2067579981463E+03
  0.2067579981463E+03
  0.2067579981463E+03
  0.2067579981463E+03
  0.2067579981463E+03
  0.2067579981463E+03
  0.2067579981463E+03
  0.2067579981463E+03
  0.2067579981463E+03
  0.2067579981463E+03
  0.2067579981463E+03
  0.2067579981463E+03
  0.2067579981463E+03
  0.0000000000000E+00
  0.2067579981463E+03
  0.2067579981463E+03
  0.2067579981463E+03
  0.2067579981463E+03
  0.2067579981463E+03
  0.2067579981463E+03
  0.2067579981463E+03
  0.2067579981463E+03
  0.2067579981463E+03
  0.0000000000000E+00
  0.0000000000000E+00
  0.0000000000000E+00
  0.0000000000000E+00
  0.0000000000000E+00
  0.0000000000000E+00
  0.2067579981463E+03
  0.2067579981463E+03
  0.0000000000000E+00
  0.0000000000000E+00
  0.0000000000000E+00
  0.0000000000000E+00
  0.0000000000000E+00
  0.1979128017065E+03
  0.1979128017065E+03
  0.1979128017065E+03
  0.1979128017065E+03
  0.1979128017065E+03
  0.1979128017065E+03
  0.1979128017065E+03
  0.1979128017065E+03
  0.1979128017065E+03
  0.1979128017065E+03
  0.1979128017065E+03
  0.1979128017065E+03
  0.1979128017065E+03
  0.0000000000000E+00
  0.1979128017065E+03
  0.1979128017065E+03
  0.1979128017065E+03
  0.1979128017065E+03
  0.1979128017065E+03
  0.1979128017065E+03
  0.1979128017065E+03
  0.1979128017065E+03
  0.1979128017065E+03
  0.0000000000000E+00
  0.0000000000000E+00
  0.0000000000000E+00
  0.0000000000000E+00
  0.0000000000000E+00
  0.0000000000000E+00
  0.1979128017065E+03
  0.1979128017065E+03
  0.0000000000000E+00
  0.0000000000000E+00
  0.0000000000000E+00
  0.0000000000000E+00
  0.0000000000000E+00
  0.1879133798923E+03
  0.1879133798923E+03
  0.1879133798923E+03
  0.1879133798923E+03
  0.1879133798923E+03
  0.1879133798923E+03
  0.1879133798923E+03
  0.1879133798923E+03
  0.1879133798923E+03
  0.1879133798923E+03
  0.1879133798923E+03
  0.1879133798923E+03
  0.1879133798923E+03
  0.0000000000000E+00
  0.1879133798923E+03
  0.1879133798923E+03
  0.1879133798923E+03
  0.1879133798923E+03
  0.1879133798923E+03
  0.1879133798923E+03
  0.1879133798923E+03
  0.1879133798923E+03
  0.1879133798923E+03
  0.0000000000000E+00
  0.0000000000000E+00
  0.0000000000000E+00
  0.0000000000000E+00
  0.0000000000000E+00
  0.0000000000000E+00
  0.0000000000000E+00
  0.0000000000000E+00
  0.0000000000000E+00
  0.0000000000000E+00
  0.0000000000000E+00
  0.0000000000000E+00
  0.0000000000000E+00
  0.1768026798015E+03
  0.1768026798015E+03
  0.1768026798015E+03
  0.1768026798015E+03
  0.1768026798015E+03
  0.1768026798015E+03
  0.1768026798015E+03
  0.1768026798015E+03
  0.1768026798015E+03
  0.1768026798015E+03
  0.1768026798015E+03
  0.1768026798015E+03
  0.1768026798015E+03
  0.0000000000000E+00
  0.0000000000000E+00
  0.0000000000000E+00
  0.1768026798015E+03
  0.1768026798015E+03
  0.1768026798015E+03
  0.1768026798015E+03
  0.1768026798015E+03
  0.1768026798015E+03
  0.1768026798015E+03
  0.0000000000000E+00
  0.0000000000000E+00
  0.1768026798015E+03
  0.1768026798015E+03
  0.0000000000000E+00
  0.0000000000000E+00
  0.0000000000000E+00
  0.0000000000000E+00
  0.0000000000000E+00
  0.0000000000000E+00
  0.0000000000000E+00
  0.0000000000000E+00
  0.0000000000000E+00
  0.0000000000000E+00
  0.1646279603589E+03
  0.1646279603589E+03
  0.1646279603589E+03
  0.1646279603589E+03
  0.1646279603589E+03
  0.1646279603589E+03
  0.1646279603589E+03
  0.1646279603589E+03
  0.1646279603589E+03
  0.1646279603589E+03
  0.1646279603589E+03
  0.0000000000000E+00
  0.0000000000000E+00
  0.0000000000000E+00
  0.0000000000000E+00
  0.1646279603589E+03
  0.1646279603589E+03
  0.1646279603589E+03
  0.1646279603589E+03
  0.1646279603589E+03
  0.1646279603589E+03
  0.1646279603589E+03
  0.1646279603589E+03
  0.1646279603589E+03
  0.1646279603589E+03
  0.1646279603589E+03
  0.1646279603589E+03
  0.0000000000000E+00
  0.0000000000000E+00
  0.0000000000000E+00
  0.0000000000000E+00
  0.0000000000000E+00
  0.0000000000000E+00
  0.0000000000000E+00
  0.0000000000000E+00
  0.0000000000000E+00
  0.1514398163088E+03
  0.1514398163088E+03
  0.1514398163088E+03
  0.1514398163088E+03
  0.1514398163088E+03
  0.1514398163088E+03
  0.1514398163088E+03
  0.1514398163088E+03
  0.1514398163088E+03
  0.1514398163088E+03
  0.1514398163088E+03
  0.0000000000000E+00
  0.0000000000000E+00
  0.0000000000000E+00
  0.0000000000000E+00
  0.1514398163088E+03
  0.1514398163088E+03
  0.1514398163088E+03
  0.1514398163088E+03
  0.1514398163088E+03
  0.1514398163088E+03
  0.1514398163088E+03
  0.0000000000000E+00
  0.1514398163088E+03
  0.1514398163088E+03
  0.0000000000000E+00
  0.0000000000000E+00
  0.0000000000000E+00
  0.0000000000000E+00
  0.0000000000000E+00
  0.0000000000000E+00
  0.0000000000000E+00
  0.0000000000000E+00
  0.0000000000000E+00
  0.0000000000000E+00
  0.0000000000000E+00
  0.1372906981175E+03
  0.1372906981175E+03
  0.1372906981175E+03
  0.1372906981175E+03
  0.1372906981175E+03
  0.1372906981175E+03
  0.1372906981175E+03
  0.1372906981175E+03
  0.1372906981175E+03
  0.1372906981175E+03
  0.1372906981175E+03
  0.0000000000000E+00
  0.0000000000000E+00
  0.0000000000000E+00
  0.0000000000000E+00
  0.0000000000000E+00
  0.1372906981175E+03
  0.1372906981175E+03
  0.1372906981175E+03
  0.1372906981175E+03
  0.1372906981175E+03
  0.1372906981175E+03
  0.1372906981175E+03
  0.0000000000000E+00
  0.0000000000000E+00
  0.0000000000000E+00
  0.0000000000000E+00
  0.0000000000000E+00
  0.0000000000000E+00
  0.0000000000000E+00
  0.0000000000000E+00
  0.0000000000000E+00
  0.0000000000000E+00
  0.0000000000000E+00
  0.0000000000000E+00
  0.0000000000000E+00
  0.0000000000000E+00
  0.1222333386225E+03
  0.1222333386225E+03
  0.1222333386225E+03
  0.1222333386225E+03
  0.1222333386225E+03
  0.1222333386225E+03
  0.1222333386225E+03
  0.1222333386225E+03
  0.1222333386225E+03
  0.1222333386225E+03
  0.0000000000000E+00
  0.0000000000000E+00
  0.0000000000000E+00
  0.0000000000000E+00
  0.0000000000000E+00
  0.0000000000000E+00
  0.1222333386225E+03
  0.1222333386225E+03
  0.1222333386225E+03
  0.1222333386225E+03
  0.1222333386225E+03
  0.1222333386225E+03
  0.0000000000000E+00
  0.0000000000000E+00
  0.0000000000000E+00
  0.0000000000000E+00
  0.0000000000000E+00
  0.0000000000000E+00
  0.0000000000000E+00
  0.0000000000000E+00
  0.0000000000000E+00
  0.0000000000000E+00
  0.0000000000000E+00
  0.0000000000000E+00
  0.0000000000000E+00
  0.0000000000000E+00
  0.1063230363386E+03
  0.1063230363386E+03
  0.1063230363386E+03
  0.1063230363386E+03
  0.1063230363386E+03
  0.1063230363386E+03
  0.1063230363386E+03
  0.1063230363386E+03
  0.1063230363386E+03
  0.0000000000000E+00
  0.0000000000000E+00
  0.0000000000000E+00
  0.0000000000000E+00
  0.0000000000000E+00
  0.0000000000000E+00
  0.0000000000000E+00
  0.1063230363386E+03
  0.1063230363386E+03
  0.1063230363386E+03
  0.1063230363386E+03
  0.1063230363386E+03
  0.0000000000000E+00
  0.0000000000000E+00
  0.0000000000000E+00
  0.0000000000000E+00
  0.0000000000000E+00
  0.0000000000000E+00
  0.0000000000000E+00
  0.0000000000000E+00
  0.0000000000000E+00
  0.0000000000000E+00
  0.0000000000000E+00
  0.0000000000000E+00
  0.0000000000000E+00
  0.0000000000000E+00
  0.0000000000000E+00
  0.0000000000000E+00
  0.0000000000000E+00
  0.8965371853878E+02
  0.8965371853878E+02
  0.8965371853878E+02
  0.8965371853878E+02
  0.8965371853878E+02
  0.8965371853878E+02
  0.0000000000000E+00
  0.0000000000000E+00
  0.0000000000000E+00
  0.0000000000000E+00
  0.0000000000000E+00
  0.0000000000000E+00
  0.0000000000000E+00
  0.0000000000000E+00
  0.8965371853878E+02
  0.8965371853878E+02
  0.8965371853878E+02
  0.8965371853878E+02
  0.8965371853878E+02
  0.8965371853878E+02
  0.0000000000000E+00
  0.0000000000000E+00
  0.0000000000000E+00
  0.0000000000000E+00
  0.0000000000000E+00
  0.0000000000000E+00
  0.0000000000000E+00
  0.0000000000000E+00
  0.0000000000000E+00
  0.0000000000000E+00
  0.0000000000000E+00
  0.0000000000000E+00
  0.0000000000000E+00
  0.0000000000000E+00
  0.0000000000000E+00
  0.0000000000000E+00
  0.0000000000000E+00
  0.0000000000000E+00
  0.0000000000000E+00
  0.6479016720497E+02
  0.0000000000000E+00
  0.0000000000000E+00
  0.0000000000000E+00
  0.0000000000000E+00
  0.0000000000000E+00
  0.0000000000000E+00
  0.0000000000000E+00
  0.0000000000000E+00
  0.0000000000000E+00
  0.3863129865601E+00
  0.3816420478473E+02
  0.0000000000000E+00
  0.0000000000000E+00
  0.7279814796319E+02
  0.6865802312749E+02
  0.5210418401209E+02
  0.5963510560810E+00
  0.6651497041003E-02
  0.0000000000000E+00
  0.0000000000000E+00
  0.0000000000000E+00
  0.0000000000000E+00
  0.0000000000000E+00
  0.0000000000000E+00
  0.0000000000000E+00
  0.0000000000000E+00
  0.0000000000000E+00
  0.3296206182902E-02
  0.0000000000000E+00
  0.0000000000000E+00
  0.0000000000000E+00
  0.7018648502641E-02
  0.0000000000000E+00
  0.0000000000000E+00
  0.0000000000000E+00
  0.1084214915143E+00
  0.0000000000000E+00
  0.4916665880776E-03
  0.0000000000000E+00
  0.0000000000000E+00
  0.0000000000000E+00
  0.0000000000000E+00
  0.0000000000000E+00
  0.0000000000000E+00
  0.0000000000000E+00
  0.0000000000000E+00
  0.0000000000000E+00
  0.0000000000000E+00
  0.0000000000000E+00
  0.0000000000000E+00
  0.0000000000000E+00
  0.3842140054136E-01
  0.0000000000000E+00
  0.0000000000000E+00
  0.2476717591426E-01
  0.0000000000000E+00
  0.3971458742077E-01
  0.0000000000000E+00
  0.6029148120355E-03
  0.0000000000000E+00
  0.0000000000000E+00
  0.1181815334863E-01
  0.0000000000000E+00
  0.0000000000000E+00
  0.0000000000000E+00
  0.0000000000000E+00
  0.0000000000000E+00
  0.0000000000000E+00
  0.0000000000000E+00
  0.0000000000000E+00
  0.0000000000000E+00
  0.0000000000000E+00
  0.0000000000000E+00
  0.0000000000000E+00
  0.0000000000000E+00
  0.0000000000000E+00
  0.0000000000000E+00
  0.0000000000000E+00
  0.0000000000000E+00
  0.0000000000000E+00
  0.0000000000000E+00
  0.0000000000000E+00
  0.0000000000000E+00
  0.0000000000000E+00
  0.0000000000000E+00
  0.0000000000000E+00
  0.0000000000000E+00
  0.0000000000000E+00
  0.0000000000000E+00
  0.0000000000000E+00
  0.0000000000000E+00
  0.0000000000000E+00
  0.0000000000000E+00
  0.0000000000000E+00
  0.0000000000000E+00
  0.0000000000000E+00
  0.0000000000000E+00
  0.0000000000000E+00
  0.0000000000000E+00
 -0.5712939286022E+02
 -0.5775887276065E+02
 -0.5710919284100E+02
 -0.5853562406685E+02
 -0.5899565585158E+02
 -0.5898396989873E+02
 -0.5878281516782E+02
 -0.5853058605150E+02
 -0.5826724014776E+02
 -0.5829276877842E+02
 -0.5846539893507E+02
 -0.5862188705899E+02
 -0.5879172143320E+02
 -0.5903923880910E+02
 -0.5920918918805E+02
 -0.5997586346850E+02
 -0.6068226682863E+02
 -0.6141751929689E+02
 -0.6072694354949E+02
 -0.6061670190713E+02
 -0.6034943051688E+02
 -0.5994159848884E+02
 -0.5965568828491E+02
 -0.5901328026105E+02
 -0.5970325321815E+02
 -0.5999551396393E+02
 -0.6010059184494E+02
 -0.6015702278258E+02
 -0.5927719682987E+02
 -0.5944963871404E+02
 -0.5927698128123E+02
 -0.6002891861492E+02
 -0.6136873889990E+02
 -0.6199346383901E+02
  0.0000000000000E+00
 -0.4419198544824E+02
 -0.4249839471522E+02
 -0.4309742060513E+02
 -0.4165745400614E+02
 -0.4208325570820E+02
 -0.4265056651941E+02
 -0.4296037997878E+02
 -0.4242810289258E+02
 -0.4128679179097E+02
 -0.4039148498023E+02
 -0.4057349010422E+02
 -0.4102420175632E+02
 -0.4129823462267E+02
 -0.4130177267040E+02
 -0.4153845599304E+02
 -0.4239208413664E+02
 -0.4383472190603E+02
 -0.4343672584131E+02
 -0.4439131926569E+02
 -0.4508029103300E+02
 -0.4632212857319E+02
 -0.4663891517127E+02
 -0.4666893504815E+02
 -0.4678379401992E+02
 -0.4610380089048E+02
 -0.4647181140517E+02
 -0.4652842192538E+02
 -0.4471617051649E+02
 -0.4460128950085E+02
 -0.4364369291051E+02
 -0.4279174129456E+02
 -0.4233433434703E+02
 -0.4357030619960E+02
 -0.4416767205401E+02
 -0.4454498666840E+02
 -0.4550815072938E+02
 -0.3715441095500E+02
 -0.3728217275071E+02
 -0.3804601934045E+02
 -0.3780338469429E+02
 -0.3858019951173E+02
 -0.3989918994961E+02
 -0.4071686499346E+02
 -0.4008520872564E+02
 -0.3784596350551E+02
 -0.3947714078160E+02
 -0.4054990275377E+02
 -0.4145686436346E+02
 -0.4197958828819E+02
 -0.4163059236898E+02
 -0.4148351705441E+02
 -0.4178896800072E+02
 -0.4064374274418E+02
 -0.4242702524615E+02
 -0.5026673604846E+02
 -0.4890472165452E+02
 -0.4656631124004E+02
 -0.4210125602086E+02
 -0.4010100122397E+02
 -0.3909481538200E+02
 -0.3891422664755E+02
 -0.3946624341643E+02
 -0.4026301285874E+02
 -0.3757760718630E+02
 -0.3732118965888E+02
 -0.3572264387101E+02
 -0.3526907225996E+02
 -0.3449349770847E+02
 -0.3821935124012E+02
 -0.3731891671562E+02
 -0.3714975903390E+02
 -0.3712826101007E+02
 -0.3838246634135E+02
 -0.3939104141359E+02
 -0.4061929539932E+02
 -0.4150777681422E+02
 -0.4306661904019E+02
 -0.4622172031552E+02
 -0.4850576994774E+02
 -0.4774257925382E+02
 -0.4436523219289E+02
 -0.4275920542690E+02
 -0.4374707233149E+02
 -0.4467632209140E+02
 -0.4497794105862E+02
 -0.4459158494891E+02
 -0.4417019333054E+02
 -0.4374939389729E+02
 -0.4379824586913E+02
 -0.4534081706871E+02
 -0.5236063182377E+02
  0.0000000000000E+00
 -0.3947457758020E+02
 -0.3831698446447E+02
 -0.3807789633803E+02
 -0.3813652277931E+02
 -0.3844079930677E+02
 -0.3963588291940E+02
 -0.4066352277189E+02
 -0.4055403375698E+02
 -0.4003735986516E+02
 -0.3822328634099E+02
 -0.3811367710705E+02
 -0.3603000301564E+02
 -0.4163941863195E+02
 -0.3907692569261E+02
 -0.3836412993540E+02
 -0.3783928143489E+02
 -0.4050933973822E+02
 -0.4191192614196E+02
 -0.4334872574404E+02
 -0.4465325417746E+02
 -0.4541376399994E+02
 -0.5120975109485E+02
 -0.5462454020124E+02
 -0.5527645209705E+02
 -0.5258504999714E+02
 -0.5057721419708E+02
 -0.5008538094156E+02
 -0.4971471383569E+02
 -0.4919926778487E+02
 -0.4869379554837E+02
 -0.4786781145212E+02
 -0.4676030522705E+02
 -0.4665352480073E+02
 -0.4790557651001E+02
 -0.5476914057867E+02
  0.0000000000000E+00
 -0.4054319471956E+02
 -0.4068834628776E+02
 -0.4079539935168E+02
 -0.4095536245368E+02
 -0.4191345167621E+02
 -0.4284165701567E+02
 -0.4336485210575E+02
 -0.4392013348831E+02
 -0.4422050394714E+02
 -0.4550926168438E+02
 -0.4470673649824E+02
 -0.3959089929237E+02
 -0.4371013665236E+02
 -0.4188874220369E+02
 -0.4078016470387E+02
 -0.3970673012660E+02
 -0.4366160153651E+02
 -0.4630955481712E+02
 -0.4839853136883E+02
 -0.4905499887203E+02
 -0.4435917357559E+02
 -0.5437366460407E+02
 -0.5670359099509E+02
 -0.5543031414901E+02
 -0.5586727094986E+02
 -0.5687498077015E+02
 -0.5562497622581E+02
 -0.5472432538837E+02
 -0.5393466674196E+02
 -0.5305979169946E+02
 -0.5196546830180E+02
 -0.5039836969659E+02
 -0.5020770034839E+02
 -0.5098951405661E+02
 -0.5894464725704E+02
  0.0000000000000E+00
 -0.4549163810969E+02
 -0.4874967919350E+02
 -0.4763004018384E+02
 -0.4637495930485E+02
 -0.4700465170145E+02
 -0.4717036368107E+02
 -0.4694869280575E+02
 -0.4723723989162E+02
 -0.4849116688650E+02
 -0.5717233696095E+02
 -0.5487322815598E+02
 -0.4965442765149E+02
 -0.5054851648220E+02
 -0.4757054133098E+02
 -0.4404665897898E+02
 -0.4253124069058E+02
 -0.4734962445529E+02
 -0.5339581932065E+02
 -0.5418703479925E+02
 -0.5182776437122E+02
  0.0000000000000E+00
 -0.5819842492172E+02
 -0.6050796052298E+02
 -0.5816422902707E+02
 -0.5905082200022E+02
 -0.6168896163284E+02
 -0.6044760516140E+02
 -0.6046096030124E+02
 -0.6082595439424E+02
 -0.5992639475717E+02
 -0.5778541699171E+02
 -0.5605875503923E+02
 -0.5498242973226E+02
 -0.5357122230511E+02
 -0.6461460891881E+02
  0.0000000000000E+00
 -0.4229952954690E+02
 -0.5825031187762E+02
 -0.5803044077405E+02
 -0.5407260229801E+02
 -0.5288360253979E+02
 -0.5202873576398E+02
 -0.5037511529931E+02
 -0.5302764083349E+02
 -0.4745838938905E+02
 -0.6459279917230E+02
 -0.6421710532868E+02
 -0.6008829037115E+02
 -0.5810089089249E+02
 -0.5310504049201E+02
 -0.4804995303329E+02
 -0.4634783479635E+02
 -0.4985160273124E+02
 -0.6452009416136E+02
 -0.6024927409643E+02
  0.0000000000000E+00
  0.0000000000000E+00
 -0.5974452889835E+02
 -0.6213333441604E+02
 -0.6074620065184E+02
 -0.6073185130544E+02
 -0.6151111404761E+02
 -0.6108180058191E+02
 -0.6452119227647E+02
 -0.6847068723578E+02
 -0.6942729003683E+02
 -0.6605779614162E+02
 -0.6277630912421E+02
 -0.5952070754425E+02
 -0.5421425319976E+02
 -0.6839219824568E+02
  0.0000000000000E+00
  0.0000000000000E+00
 -0.6310409784485E+02
 -0.6761391612692E+02
 -0.6417669189506E+02
 -0.6125887172137E+02
 -0.5741504407562E+02
 -0.5170465424225E+02
 -0.6102378981042E+02
  0.0000000000000E+00
 -0.6370113540433E+02
 -0.6249762917145E+02
 -0.6251188714640E+02
 -0.6269605812496E+02
 -0.5668042755088E+02
 -0.5207821475937E+02
 -0.5035016541617E+02
 -0.5018267127167E+02
 -0.6657818410458E+02
  0.0000000000000E+00
  0.0000000000000E+00
  0.0000000000000E+00
 -0.5867904176448E+02
 -0.5853336726285E+02
 -0.5800826495483E+02
 -0.5787289345428E+02
 -0.5796982711416E+02
 -0.5828376821734E+02
 -0.6031430982410E+02
 -0.6240683559422E+02
 -0.6262540631395E+02
 -0.6137937070900E+02
 -0.6090231468312E+02
 -0.5760011897238E+02
 -0.5289274488621E+02
 -0.6365638396992E+02
  0.0000000000000E+00
  0.0000000000000E+00
 -0.5844170457988E+02
 -0.6450470021110E+02
 -0.6804703860188E+02
 -0.6647083010205E+02
 -0.5724163266447E+02
 -0.4971773903233E+02
 -0.5502601166691E+02
  0.0000000000000E+00
 -0.5924950386724E+02
 -0.5721987395914E+02
 -0.5661177304743E+02
 -0.5534169915851E+02
 -0.5363614529907E+02
 -0.5189232728040E+02
 -0.5102257182664E+02
 -0.4969030753455E+02
 -0.6548855524965E+02
  0.0000000000000E+00
  0.0000000000000E+00
  0.0000000000000E+00
 -0.5606794070527E+02
 -0.5528947589096E+02
 -0.5499392969613E+02
 -0.5453270920191E+02
 -0.5410810364987E+02
 -0.5573272924277E+02
 -0.5712789692367E+02
 -0.5765911000552E+02
 -0.5744674277877E+02
 -0.5670698406647E+02
 -0.5581574152842E+02
 -0.5392278791531E+02
 -0.5200472831999E+02
 -0.6031967407348E+02
  0.0000000000000E+00
  0.0000000000000E+00
 -0.4646290623746E+02
 -0.5864622617386E+02
 -0.6129404006496E+02
 -0.5895673874124E+02
 -0.5294527083310E+02
 -0.4807969985256E+02
 -0.5042268937721E+02
  0.0000000000000E+00
 -0.5575082574966E+02
 -0.5484747228431E+02
 -0.5392673415045E+02
 -0.5165994734938E+02
 -0.5040782638263E+02
 -0.4942410563042E+02
 -0.4911095419260E+02
 -0.5019236370830E+02
 -0.6434065457083E+02
  0.0000000000000E+00
  0.0000000000000E+00
  0.0000000000000E+00
 -0.5359862172353E+02
 -0.5375321493375E+02
 -0.5347809700746E+02
 -0.5296285986457E+02
 -0.5292080075765E+02
 -0.5465670910738E+02
 -0.5501470919104E+02
 -0.5477593616369E+02
 -0.5422707079621E+02
 -0.5346310265660E+02
 -0.5274336602319E+02
 -0.5188763919143E+02
 -0.5202702877811E+02
 -0.5954076715601E+02
  0.0000000000000E+00
  0.0000000000000E+00
  0.0000000000000E+00
 -0.5703847966800E+02
 -0.5661565789455E+02
 -0.5381886797486E+02
 -0.5091254825758E+02
 -0.4833007617438E+02
  0.0000000000000E+00
  0.0000000000000E+00
 -0.5060320655324E+02
 -0.5466608420173E+02
 -0.5208097059260E+02
 -0.4945593758464E+02
 -0.4885565169778E+02
 -0.4823254147980E+02
 -0.4854131482956E+02
 -0.5186843437576E+02
 -0.6264947203107E+02
  0.0000000000000E+00
  0.0000000000000E+00
 -0.5581711785749E+02
 -0.5269440798706E+02
 -0.5326195101299E+02
 -0.5351367764510E+02
 -0.5321923494522E+02
 -0.5353417462211E+02
 -0.5432300308582E+02
 -0.5412663959229E+02
 -0.5309742195894E+02
 -0.5227288193719E+02
 -0.5143945083368E+02
 -0.5111438571485E+02
 -0.5125473047599E+02
 -0.5226793377603E+02
 -0.5720831291444E+02
  0.0000000000000E+00
  0.0000000000000E+00
  0.0000000000000E+00
 -0.5611433590595E+02
 -0.5322719832463E+02
 -0.5198199192002E+02
 -0.5144953659153E+02
 -0.5104851702923E+02
  0.0000000000000E+00
  0.0000000000000E+00
  0.0000000000000E+00
 -0.5550724456336E+02
 -0.5121867649753E+02
 -0.4849983651243E+02
 -0.4866136646331E+02
 -0.4877954464548E+02
 -0.4960527467258E+02
 -0.5377458921962E+02
 -0.6136351094403E+02
  0.0000000000000E+00
  0.0000000000000E+00
 -0.5546758273400E+02
 -0.5303474434108E+02
 -0.5369242350114E+02
 -0.5381034884599E+02
 -0.5351577153150E+02
 -0.5480094017017E+02
 -0.5412968070401E+02
 -0.5351715887409E+02
 -0.5175007441849E+02
 -0.5094962624373E+02
 -0.5059554631837E+02
 -0.5062115105593E+02
 -0.5145333936417E+02
 -0.5286955935346E+02
  0.0000000000000E+00
  0.0000000000000E+00
  0.0000000000000E+00
  0.0000000000000E+00
 -0.5419056734589E+02
 -0.5083800512745E+02
 -0.5129436126523E+02
 -0.5284889965489E+02
 -0.5553073026012E+02
  0.0000000000000E+00
  0.0000000000000E+00
  0.0000000000000E+00
 -0.5509665141358E+02
 -0.5140152903060E+02
 -0.4845163649629E+02
 -0.4901293262029E+02
 -0.4978402925321E+02
 -0.5143489191695E+02
 -0.5529138504979E+02
 -0.5903214784291E+02
  0.0000000000000E+00
  0.0000000000000E+00
 -0.5853925459659E+02
 -0.5589387324468E+02
 -0.5532656035987E+02
 -0.5468993362490E+02
 -0.5436624036328E+02
 -0.5537900671812E+02
 -0.5399346158540E+02
 -0.5256907602061E+02
 -0.5090015923442E+02
 -0.5018474525636E+02
 -0.5013292191416E+02
 -0.5048782127152E+02
 -0.5206983917840E+02
 -0.5515486910339E+02
  0.0000000000000E+00
  0.0000000000000E+00
  0.0000000000000E+00
  0.0000000000000E+00
 -0.5235101503059E+02
 -0.4963889349231E+02
 -0.5132242530674E+02
 -0.5431230392788E+02
 -0.5997038402307E+02
  0.0000000000000E+00
  0.0000000000000E+00
  0.0000000000000E+00
 -0.5360010339998E+02
 -0.5096484569945E+02
 -0.5008835843914E+02
 -0.5015822827981E+02
 -0.5087562543264E+02
 -0.5323025633914E+02
 -0.5547661459314E+02
  0.0000000000000E+00
 -0.6899217055406E+02
 -0.6752381464362E+02
 -0.6365089901258E+02
 -0.5858086160171E+02
 -0.5797788123779E+02
 -0.5679430558505E+02
 -0.5592805083810E+02
 -0.5487953926536E+02
 -0.5306136232719E+02
 -0.5090495660052E+02
 -0.4957317940778E+02
 -0.4855736890658E+02
 -0.4865116869332E+02
 -0.4932147339082E+02
 -0.5225248488112E+02
 -0.5796459255566E+02
  0.0000000000000E+00
  0.0000000000000E+00
  0.0000000000000E+00
  0.0000000000000E+00
 -0.5060912092136E+02
 -0.4870880126179E+02
 -0.5085048930116E+02
 -0.5467804419265E+02
 -0.6146998303322E+02
  0.0000000000000E+00
  0.0000000000000E+00
  0.0000000000000E+00
 -0.5429609398645E+02
 -0.5325476476017E+02
 -0.5321250971527E+02
 -0.5311932245529E+02
 -0.5337775813840E+02
 -0.5473295041283E+02
 -0.5570745554884E+02
  0.0000000000000E+00
 -0.6806362829497E+02
 -0.6859454730018E+02
 -0.6359404539272E+02
 -0.5980818834305E+02
 -0.5890105426390E+02
 -0.5685380466188E+02
 -0.5501017046628E+02
 -0.5312557375185E+02
 -0.5163839335306E+02
 -0.4944882726267E+02
 -0.4893998990468E+02
 -0.4864834462013E+02
 -0.4929983671891E+02
 -0.5021847607822E+02
 -0.5270983354585E+02
 -0.5858600026356E+02
  0.0000000000000E+00
  0.0000000000000E+00
  0.0000000000000E+00
  0.0000000000000E+00
 -0.4902727981632E+02
 -0.4933812757033E+02
 -0.5166560178129E+02
 -0.5491451360548E+02
 -0.6166772734565E+02
  0.0000000000000E+00
  0.0000000000000E+00
  0.0000000000000E+00
 -0.5592293491964E+02
 -0.5650613707594E+02
 -0.5670953760372E+02
 -0.5657262705650E+02
 -0.5566969431631E+02
 -0.5716239888640E+02
  0.0000000000000E+00
  0.0000000000000E+00
 -0.6709838097465E+02
 -0.6823309205112E+02
 -0.6434809104660E+02
 -0.6017042868058E+02
 -0.5823341225639E+02
 -0.5564685139775E+02
 -0.5351232339770E+02
 -0.5189240943173E+02
 -0.5117802429032E+02
 -0.4980324222337E+02
 -0.5006271243376E+02
 -0.5065407396811E+02
 -0.5232840482169E+02
 -0.5371187011561E+02
 -0.5554367416280E+02
 -0.5969677203013E+02
  0.0000000000000E+00
  0.0000000000000E+00
  0.0000000000000E+00
 -0.5087776170867E+02
 -0.4893284483857E+02
 -0.5248994392150E+02
 -0.5493294128158E+02
 -0.5723524013440E+02
 -0.6277533881564E+02
  0.0000000000000E+00
  0.0000000000000E+00
  0.0000000000000E+00
 -0.5734757910492E+02
 -0.5992961141043E+02
 -0.5998323339420E+02
 -0.5939066876982E+02
 -0.5828760495290E+02
 -0.5895830735069E+02
  0.0000000000000E+00
  0.0000000000000E+00
 -0.6577573457113E+02
 -0.6666061369858E+02
 -0.6280408717633E+02
 -0.5858297827116E+02
 -0.5622497918472E+02
 -0.5373997339077E+02
 -0.5200643761506E+02
 -0.5097588749512E+02
 -0.5075395650172E+02
 -0.5003905641520E+02
 -0.5072724854080E+02
 -0.5188863007634E+02
 -0.5415949841088E+02
 -0.5623015087850E+02
 -0.5749312028382E+02
 -0.6014751731757E+02
  0.0000000000000E+00
  0.0000000000000E+00
  0.0000000000000E+00
 -0.4918693623278E+02
 -0.5042075476007E+02
 -0.5549662426390E+02
 -0.5839242805896E+02
 -0.5918824781401E+02
 -0.6286589464289E+02
  0.0000000000000E+00
  0.0000000000000E+00
  0.0000000000000E+00
 -0.5867330381861E+02
 -0.6150850238387E+02
 -0.6133356564076E+02
 -0.6089584726882E+02
 -0.5958285464114E+02
 -0.6047182303686E+02
  0.0000000000000E+00
 -0.6616428017223E+02
 -0.6511206513888E+02
 -0.6419410560314E+02
 -0.5966978940717E+02
 -0.5529611819684E+02
 -0.5318972375692E+02
 -0.5139382730956E+02
 -0.5032776613645E+02
 -0.4968890791636E+02
 -0.4975336108518E+02
 -0.5016238808635E+02
 -0.5112034893997E+02
 -0.5319370273590E+02
 -0.5639983514122E+02
 -0.5929850714379E+02
 -0.5979133665087E+02
 -0.6060854632787E+02
  0.0000000000000E+00
  0.0000000000000E+00
 -0.5452073370064E+02
 -0.4805717716273E+02
 -0.5171505969300E+02
 -0.5825049872418E+02
 -0.6246352173809E+02
 -0.6072522078897E+02
 -0.6321992536219E+02
  0.0000000000000E+00
  0.0000000000000E+00
  0.0000000000000E+00
 -0.5938061173678E+02
 -0.6118196727177E+02
 -0.6154249954337E+02
 -0.6160175634905E+02
 -0.6000503460013E+02
 -0.6171851610815E+02
  0.0000000000000E+00
 -0.6390926375020E+02
 -0.6319395370848E+02
 -0.6142701557018E+02
 -0.5716379416473E+02
 -0.5366043259375E+02
 -0.5189044047462E+02
 -0.5089028572507E+02
 -0.5022491974656E+02
 -0.4992053019227E+02
 -0.5015064774962E+02
 -0.5137525142340E+02
 -0.5286344850918E+02
 -0.5553456295838E+02
 -0.6000793428532E+02
 -0.6337521269912E+02
 -0.6133898212396E+02
 -0.5886032436745E+02
  0.0000000000000E+00
  0.0000000000000E+00
 -0.4638648983168E+02
 -0.4797068065375E+02
 -0.5257796704005E+02
 -0.5953941237573E+02
 -0.6472750703264E+02
  0.0000000000000E+00
  0.0000000000000E+00
  0.0000000000000E+00
  0.0000000000000E+00
  0.0000000000000E+00
  0.0000000000000E+00
 -0.5798782821362E+02
 -0.5966188582901E+02
 -0.6207741366963E+02
 -0.6042650933496E+02
 -0.6420071126888E+02
  0.0000000000000E+00
 -0.6117662808955E+02
 -0.6102094654518E+02
 -0.5835250357470E+02
 -0.5444813096043E+02
 -0.5194983732254E+02
 -0.5034797908874E+02
 -0.5005726977223E+02
 -0.4933812372685E+02
 -0.4953151355482E+02
 -0.4976620671418E+02
 -0.5071054317182E+02
 -0.5297288212367E+02
 -0.5522666928547E+02
 -0.6190515124992E+02
 -0.6837259266369E+02
 -0.6403480850793E+02
 -0.5679930051906E+02
  0.0000000000000E+00
 -0.4477741203886E+02
 -0.4755530970438E+02
 -0.4922040152404E+02
 -0.5221808854124E+02
 -0.5811322751977E+02
 -0.6700439057026E+02
  0.0000000000000E+00
  0.0000000000000E+00
  0.0000000000000E+00
  0.0000000000000E+00
  0.0000000000000E+00
  0.0000000000000E+00
 -0.5480912006541E+02
 -0.5741685749617E+02
 -0.6284631264993E+02
 -0.6133041545829E+02
 -0.6804522584173E+02
  0.0000000000000E+00
 -0.5813290234972E+02
 -0.5930997453215E+02
 -0.5620464204120E+02
 -0.5316888324537E+02
 -0.5080462478645E+02
 -0.4971438372920E+02
 -0.4974069365963E+02
 -0.4913914994930E+02
 -0.4892720503138E+02
 -0.4919622917234E+02
 -0.4987283550637E+02
 -0.5159851692499E+02
 -0.5428580897250E+02
 -0.6209062328137E+02
 -0.7556954618241E+02
 -0.6915418634668E+02
  0.0000000000000E+00
 -0.4372462874529E+02
 -0.4685894939483E+02
 -0.4938057699809E+02
 -0.4997248549567E+02
 -0.5095880463152E+02
 -0.5463796408950E+02
 -0.6736300616912E+02
  0.0000000000000E+00
  0.0000000000000E+00
  0.0000000000000E+00
  0.0000000000000E+00
  0.0000000000000E+00
  0.0000000000000E+00
 -0.5265362077367E+02
 -0.5658145830617E+02
 -0.6355882589297E+02
 -0.6230912045584E+02
 -0.7078092361818E+02
  0.0000000000000E+00
 -0.5466737758784E+02
 -0.5695895050657E+02
 -0.5604436399668E+02
 -0.5340485565514E+02
 -0.5112246873744E+02
 -0.5014550836303E+02
 -0.4998054458915E+02
 -0.4975570177936E+02
 -0.4986754321811E+02
 -0.4970543017848E+02
 -0.4924860709898E+02
 -0.5052027212848E+02
 -0.5318445923394E+02
 -0.6274872607012E+02
 -0.8515878491337E+02
  0.0000000000000E+00
 -0.5073201819719E+02
 -0.5021106837964E+02
 -0.5098858145533E+02
 -0.5108996720089E+02
 -0.5044353909121E+02
 -0.5018964636271E+02
 -0.5195764679501E+02
 -0.6623644336487E+02
  0.0000000000000E+00
  0.0000000000000E+00
  0.0000000000000E+00
  0.0000000000000E+00
  0.0000000000000E+00
  0.0000000000000E+00
 -0.5371853148403E+02
 -0.5809941926883E+02
  0.0000000000000E+00
 -0.6379419657311E+02
 -0.7248245266803E+02
  0.0000000000000E+00
 -0.5369810181992E+02
 -0.5532983458013E+02
 -0.5795881177599E+02
 -0.5561250526703E+02
 -0.5313643703025E+02
 -0.5201385726274E+02
 -0.5123050627131E+02
 -0.5091309037351E+02
 -0.5120175450158E+02
 -0.5090183934706E+02
 -0.4975604994872E+02
 -0.5027032985602E+02
 -0.5265086469916E+02
 -0.6216730754082E+02
  0.0000000000000E+00
 -0.5898791135963E+02
 -0.5482352570902E+02
 -0.5257597798439E+02
 -0.5365782934932E+02
 -0.5315070580534E+02
 -0.5166030340252E+02
 -0.5076444862577E+02
 -0.5093338176861E+02
 -0.6416908356760E+02
  0.0000000000000E+00
  0.0000000000000E+00
  0.0000000000000E+00
  0.0000000000000E+00
  0.0000000000000E+00
  0.0000000000000E+00
 -0.6021901151694E+02
 -0.6320670774879E+02
  0.0000000000000E+00
  0.0000000000000E+00
  0.0000000000000E+00
  0.0000000000000E+00
  0.0000000000000E+00
 -0.5687448821374E+02
 -0.6176772894577E+02
 -0.6057112165742E+02
 -0.5804748102608E+02
 -0.5683985449537E+02
 -0.5446921560868E+02
 -0.5336176264095E+02
 -0.5338863316216E+02
 -0.5265673427921E+02
 -0.5154943905527E+02
 -0.5115717638610E+02
 -0.5255176012573E+02
 -0.6260137432220E+02
  0.0000000000000E+00
 -0.6271303178171E+02
 -0.5775964571346E+02
 -0.5742839758351E+02
 -0.5752721143964E+02
 -0.5681208319322E+02
 -0.5495786385027E+02
 -0.5295386617309E+02
 -0.5110071669639E+02
 -0.6202750404373E+02
  0.0000000000000E+00
  0.0000000000000E+00
  0.0000000000000E+00
  0.0000000000000E+00
  0.0000000000000E+00
  0.0000000000000E+00
 -0.7065301902849E+02
 -0.7039940562122E+02
  0.0000000000000E+00
  0.0000000000000E+00
  0.0000000000000E+00
  0.0000000000000E+00
  0.0000000000000E+00
 -0.5692625597214E+02
 -0.6726394869064E+02
 -0.6771832906564E+02
 -0.6594696199348E+02
 -0.6547630725745E+02
 -0.6001653086280E+02
 -0.5774126913129E+02
 -0.5816039992702E+02
 -0.5731407445609E+02
 -0.5516559063508E+02
 -0.5221301636717E+02
 -0.5246988039024E+02
 -0.6464689379029E+02
  0.0000000000000E+00
 -0.6729235492917E+02
 -0.6293601700686E+02
 -0.6271059654733E+02
 -0.6410483221324E+02
 -0.6308470314668E+02
 -0.6127239847736E+02
 -0.5765174863600E+02
 -0.5225075669231E+02
 -0.5821163993410E+02
  0.0000000000000E+00
  0.0000000000000E+00
  0.0000000000000E+00
  0.0000000000000E+00
  0.0000000000000E+00
  0.0000000000000E+00
  0.0000000000000E+00
  0.0000000000000E+00
  0.0000000000000E+00
  0.0000000000000E+00
  0.0000000000000E+00
  0.0000000000000E+00
  0.0000000000000E+00
 -0.6245199375306E+02
 -0.6605327564119E+02
 -0.6347421523919E+02
 -0.6066772787813E+02
 -0.5786132956525E+02
 -0.5593004755851E+02
 -0.5533701525615E+02
 -0.5628612424404E+02
 -0.5906327737622E+02
 -0.5993017805706E+02
 -0.5356054880700E+02
 -0.5345584898556E+02
 -0.6355823885241E+02
  0.0000000000000E+00
  0.0000000000000E+00
  0.0000000000000E+00
 -0.6408109026385E+02
 -0.6396652625919E+02
 -0.6283495739410E+02
 -0.6412375694235E+02
 -0.6279821531147E+02
 -0.5431877567503E+02
 -0.5374573826739E+02
  0.0000000000000E+00
  0.0000000000000E+00
 -0.6151154363123E+02
 -0.5629435860833E+02
  0.0000000000000E+00
  0.0000000000000E+00
  0.0000000000000E+00
  0.0000000000000E+00
  0.0000000000000E+00
  0.0000000000000E+00
  0.0000000000000E+00
  0.0000000000000E+00
  0.0000000000000E+00
  0.0000000000000E+00
 -0.6349246068432E+02
 -0.6113453708693E+02
 -0.5660429878055E+02
 -0.5306881668240E+02
 -0.5108139002165E+02
 -0.5046798961727E+02
 -0.5106286173566E+02
 -0.5285047750599E+02
 -0.5491436673791E+02
 -0.5259223405504E+02
 -0.5551202114492E+02
  0.0000000000000E+00
  0.0000000000000E+00
  0.0000000000000E+00
  0.0000000000000E+00
 -0.6007476924079E+02
 -0.5797983762639E+02
 -0.5655119982157E+02
 -0.5679121958017E+02
 -0.5855132899552E+02
 -0.5495678939396E+02
 -0.5205075517943E+02
 -0.6764847359295E+02
 -0.6146492820821E+02
 -0.6290868096341E+02
 -0.6023184616001E+02
 -0.6137999774943E+02
  0.0000000000000E+00
  0.0000000000000E+00
  0.0000000000000E+00
  0.0000000000000E+00
  0.0000000000000E+00
  0.0000000000000E+00
  0.0000000000000E+00
  0.0000000000000E+00
  0.0000000000000E+00
 -0.6260504520194E+02
 -0.5864044621281E+02
 -0.5322655402375E+02
 -0.4936947278888E+02
 -0.4800091200050E+02
 -0.4762258954051E+02
 -0.4790146105963E+02
 -0.4901785774042E+02
 -0.5077823694149E+02
 -0.5156503220259E+02
 -0.5885265430281E+02
  0.0000000000000E+00
  0.0000000000000E+00
  0.0000000000000E+00
  0.0000000000000E+00
 -0.5795252645200E+02
 -0.5372700478024E+02
 -0.5115758840016E+02
 -0.5172670457573E+02
 -0.5336340167144E+02
 -0.5306074308178E+02
 -0.5210325119993E+02
  0.0000000000000E+00
 -0.6316429769586E+02
 -0.6660486521852E+02
  0.0000000000000E+00
  0.0000000000000E+00
  0.0000000000000E+00
  0.0000000000000E+00
  0.0000000000000E+00
  0.0000000000000E+00
  0.0000000000000E+00
  0.0000000000000E+00
  0.0000000000000E+00
  0.0000000000000E+00
  0.0000000000000E+00
 -0.5944722467239E+02
 -0.5520128492574E+02
 -0.5074380130023E+02
 -0.4752444910958E+02
 -0.4607160186168E+02
 -0.4603891441947E+02
 -0.4633372716868E+02
 -0.4695965650714E+02
 -0.4804897753179E+02
 -0.5070503847495E+02
 -0.5838731239672E+02
  0.0000000000000E+00
  0.0000000000000E+00
  0.0000000000000E+00
  0.0000000000000E+00
  0.0000000000000E+00
 -0.5376853690042E+02
 -0.4778391254985E+02
 -0.4762412689707E+02
 -0.4900538482555E+02
 -0.4970171759737E+02
 -0.5186546320793E+02
 -0.5470812084564E+02
  0.0000000000000E+00
  0.0000000000000E+00
  0.0000000000000E+00
  0.0000000000000E+00
  0.0000000000000E+00
  0.0000000000000E+00
  0.0000000000000E+00
  0.0000000000000E+00
  0.0000000000000E+00
  0.0000000000000E+00
  0.0000000000000E+00
  0.0000000000000E+00
  0.0000000000000E+00
  0.0000000000000E+00
 -0.5312052440435E+02
 -0.4939990344997E+02
 -0.4689532482712E+02
 -0.4682021587596E+02
 -0.4687296701199E+02
 -0.4644616723201E+02
 -0.4634310964000E+02
 -0.4755181716977E+02
 -0.5198786593484E+02
 -0.6068809930221E+02
  0.0000000000000E+00
  0.0000000000000E+00
  0.0000000000000E+00
  0.0000000000000E+00
  0.0000000000000E+00
  0.0000000000000E+00
 -0.4973557453151E+02
 -0.4193438216040E+02
 -0.4564869172964E+02
 -0.4792143226372E+02
 -0.5120755485501E+02
 -0.5590439490154E+02
  0.0000000000000E+00
  0.0000000000000E+00
  0.0000000000000E+00
  0.0000000000000E+00
  0.0000000000000E+00
  0.0000000000000E+00
  0.0000000000000E+00
  0.0000000000000E+00
  0.0000000000000E+00
  0.0000000000000E+00
  0.0000000000000E+00
  0.0000000000000E+00
  0.0000000000000E+00
  0.0000000000000E+00
 -0.5771847921615E+02
 -0.5632619703065E+02
 -0.5181783646344E+02
 -0.5213769627755E+02
 -0.5087484700438E+02
 -0.4922953403347E+02
 -0.4854208906953E+02
 -0.5061435792621E+02
 -0.5722067137548E+02
  0.0000000000000E+00
  0.0000000000000E+00
  0.0000000000000E+00
  0.0000000000000E+00
  0.0000000000000E+00
  0.0000000000000E+00
  0.0000000000000E+00
 -0.5458602691946E+02
 -0.4492490289570E+02
 -0.4546411910186E+02
 -0.4798565771518E+02
 -0.5476032915987E+02
  0.0000000000000E+00
  0.0000000000000E+00
  0.0000000000000E+00
  0.0000000000000E+00
  0.0000000000000E+00
  0.0000000000000E+00
  0.0000000000000E+00
  0.0000000000000E+00
  0.0000000000000E+00
  0.0000000000000E+00
  0.0000000000000E+00
  0.0000000000000E+00
  0.0000000000000E+00
  0.0000000000000E+00
  0.0000000000000E+00
  0.0000000000000E+00
  0.0000000000000E+00
 -0.5521138176384E+02
 -0.5410434592447E+02
 -0.5499970241058E+02
 -0.5650631081987E+02
 -0.5326470409017E+02
 -0.5627613629319E+02
  0.0000000000000E+00
  0.0000000000000E+00
  0.0000000000000E+00
  0.0000000000000E+00
  0.0000000000000E+00
  0.0000000000000E+00
  0.0000000000000E+00
  0.0000000000000E+00
 -0.5277689168455E+02
 -0.5050372094447E+02
 -0.5064863928901E+02
 -0.5388706627208E+02
 -0.5548342558875E+02
 -0.4104176485171E+02
  0.0000000000000E+00
  0.0000000000000E+00
  0.0000000000000E+00
  0.0000000000000E+00
  0.0000000000000E+00
  0.0000000000000E+00
  0.0000000000000E+00
  0.0000000000000E+00
  0.0000000000000E+00
  0.0000000000000E+00
  0.0000000000000E+00
  0.0000000000000E+00
  0.0000000000000E+00
  0.0000000000000E+00
  0.0000000000000E+00
  0.0000000000000E+00
  0.0000000000000E+00
  0.0000000000000E+00
  0.0000000000000E+00
 -0.4964344149239E+02
  0.0000000000000E+00
  0.0000000000000E+00
  0.0000000000000E+00
  0.0000000000000E+00
  0.0000000000000E+00
  0.0000000000000E+00
  0.0000000000000E+00
  0.0000000000000E+00
  0.0000000000000E+00
 -0.3053351554405E+00
 -0.2910197071159E+02
  0.0000000000000E+00
  0.0000000000000E+00
 -0.5357236924134E+02
 -0.5184137434176E+02
 -0.3994803046048E+02
 -0.4799589674039E+00
 -0.5541911799629E-02
  0.0000000000000E+00
  0.0000000000000E+00
  0.0000000000000E+00
  0.0000000000000E+00
  0.0000000000000E+00
  0.0000000000000E+00
  0.0000000000000E+00
  0.0000000000000E+00
 -0.0000000000000E+00
 -0.5211886418771E-02
 -0.0000000000000E+00
 -0.0000000000000E+00
 -0.0000000000000E+00
 -0.1087819230811E-01
 -0.0000000000000E+00
 -0.0000000000000E+00
 -0.0000000000000E+00
 -0.1665347856434E+00
 -0.0000000000000E+00
 -0.7565126912990E-03
 -0.0000000000000E+00
 -0.0000000000000E+00
 -0.0000000000000E+00
 -0.0000000000000E+00
 -0.0000000000000E+00
 -0.0000000000000E+00
 -0.0000000000000E+00
 -0.0000000000000E+00
  0.0000000000000E+00
  0.0000000000000E+00
  0.0000000000000E+00
  0.0000000000000E+00
 -0.0000000000000E+00
 -0.5842933805690E-01
 -0.0000000000000E+00
 -0.0000000000000E+00
 -0.3891280161478E-01
 -0.0000000000000E+00
 -0.6317911079540E-01
 -0.0000000000000E+00
 -0.9639681930853E-03
 -0.0000000000000E+00
 -0.0000000000000E+00
 -0.1883251027318E-01
  0.0000000000000E+00
  0.0000000000000E+00
  0.0000000000000E+00
  0.0000000000000E+00
  0.0000000000000E+00
  0.0000000000000E+00
  0.0000000000000E+00
  0.0000000000000E+00
  0.0000000000000E+00
  0.0000000000000E+00
  0.0000000000000E+00
  0.0000000000000E+00
  0.0000000000000E+00
  0.0000000000000E+00
  0.0000000000000E+00
  0.0000000000000E+00
  0.0000000000000E+00
  0.0000000000000E+00
  0.0000000000000E+00
  0.0000000000000E+00
  0.0000000000000E+00
  0.0000000000000E+00
  0.0000000000000E+00
  0.0000000000000E+00
  0.0000000000000E+00
  0.0000000000000E+00
  0.0000000000000E+00
  0.0000000000000E+00
  0.0000000000000E+00
  0.0000000000000E+00
  0.0000000000000E+00
  0.0000000000000E+00
  0.0000000000000E+00
  0.0000000000000E+00
  0.0000000000000E+00
  0.0000000000000E+00
  0.0000000000000E+00
  0.9534149092685E-05
  0.9976372289685E-05
  0.9864475148263E-05
  0.1065666763602E-04
  0.1100490106940E-04
  0.1108213959694E-04
  0.1101292915976E-04
  0.1087368166428E-04
  0.1070171325126E-04
  0.1064986523779E-04
  0.1066585938132E-04
  0.1068131919604E-04
  0.1071818176162E-04
  0.1080627260945E-04
  0.1087123477036E-04
  0.1121368009389E-04
  0.1151466756415E-04
  0.1178562514997E-04
  0.1131113950850E-04
  0.1105744990590E-04
  0.1071552496252E-04
  0.1034178563904E-04
  0.1007759992030E-04
  0.9731136048546E-05
  0.9995578564688E-05
  0.1013922285775E-04
  0.1023022627592E-04
  0.1031532721990E-04
  0.1000706250935E-04
  0.1014678638755E-04
  0.1013879821777E-04
  0.1052259319468E-04
  0.1115240301570E-04
  0.1142860605231E-04
  0.0000000000000E+00
  0.1997166335249E-04
  0.2198300569310E-04
  0.2256738625795E-04
  0.2086363531301E-04
  0.2409154108178E-04
  0.2603686704576E-04
  0.2657384565123E-04
  0.2589768305136E-04
  0.2406915798373E-04
  0.2281624226088E-04
  0.2191011988399E-04
  0.2107514571801E-04
  0.2160150275095E-04
  0.2224995037142E-04
  0.2307993948488E-04
  0.2424978189144E-04
  0.2633342435862E-04
  0.2639455531324E-04
  0.2882427154287E-04
  0.2675816040723E-04
  0.2103498915536E-04
  0.1679615706881E-04
  0.1399375646931E-04
  0.1198058300591E-04
  0.1256955111556E-04
  0.1346371442184E-04
  0.1510070033790E-04
  0.1561109646006E-04
  0.1641848924843E-04
  0.1683982163735E-04
  0.1783628083135E-04
  0.1888028586868E-04
  0.2053562468297E-04
  0.1970988856974E-04
  0.1800136364459E-04
  0.1759643438339E-04
  0.2280055350172E-04
  0.2261467801746E-04
  0.2373651646832E-04
  0.2240313412017E-04
  0.2364516028946E-04
  0.2619101188763E-04
  0.2661038340035E-04
  0.2481891078008E-04
  0.2206471314950E-04
  0.2512512835889E-04
  0.2556337840780E-04
  0.2535124396556E-04
  0.2576130202049E-04
  0.2681329908968E-04
  0.2814726436673E-04
  0.2955631184646E-04
  0.2764672616536E-04
  0.3110028143500E-04
  0.3147012742774E-04
  0.2318357098391E-04
  0.2943864086141E-04
  0.2170002600244E-04
  0.1911561347141E-04
  0.1934651046157E-04
  0.2006834179121E-04
  0.2190419755833E-04
  0.2431296125961E-04
  0.2187035398950E-04
  0.2326649909903E-04
  0.2067412402695E-04
  0.2026813073666E-04
  0.2012107641313E-04
  0.2757361694726E-04
  0.2430593986935E-04
  0.2386329321990E-04
  0.2404223955697E-04
  0.2836863112085E-04
  0.2875176409260E-04
  0.2938115097996E-04
  0.3053568961313E-04
  0.3290182780659E-04
  0.3782727063205E-04
  0.3916142737215E-04
  0.3357555271477E-04
  0.3020380816011E-04
  0.2986889949615E-04
  0.3000561831853E-04
  0.2956777671128E-04
  0.2971351825849E-04
  0.3082285140235E-04
  0.3175184552321E-04
  0.3151373521996E-04
  0.3371305519590E-04
  0.3877469624755E-04
  0.3567554778321E-04
  0.0000000000000E+00
  0.1897078027134E-04
  0.1891786226292E-04
  0.1927226088595E-04
  0.2107805636185E-04
  0.2145919024115E-04
  0.2442131918660E-04
  0.2737375842030E-04
  0.2616654566291E-04
  0.2641416719769E-04
  0.2537546632533E-04
  0.2558026792445E-04
  0.2265617373922E-04
  0.3571294483527E-04
  0.2996537378179E-04
  0.2929527438631E-04
  0.2840481908961E-04
  0.3169556052764E-04
  0.3204461167823E-04
  0.3288462746100E-04
  0.3484332126104E-04
  0.3418546418103E-04
  0.4302767125677E-04
  0.3439916183502E-04
  0.2621658693780E-04
  0.3269649442537E-04
  0.3288980601182E-04
  0.3429910306023E-04
  0.3389672883761E-04
  0.3310827227939E-04
  0.3329672774803E-04
  0.3381307179993E-04
  0.3318925219018E-04
  0.3398914314539E-04
  0.3603400629199E-04
  0.3426200661485E-04
  0.0000000000000E+00
  0.1962941209042E-04
  0.2319339061752E-04
  0.2290383694080E-04
  0.2409744955407E-04
  0.2574036497923E-04
  0.2966410931535E-04
  0.3044158645302E-04
  0.2849772377716E-04
  0.2840347495322E-04
  0.3358043211764E-04
  0.3383446807283E-04
  0.2664742005373E-04
  0.3872891856531E-04
  0.3566725899911E-04
  0.3456130457585E-04
  0.3186103412387E-04
  0.3345264884881E-04
  0.3508777906629E-04
  0.3494418451784E-04
  0.3472213493277E-04
  0.2807052487512E-04
  0.4633105843636E-04
  0.4532751361862E-04
  0.4068172602169E-04
  0.3889052161079E-04
  0.3946605806639E-04
  0.3959579782992E-04
  0.3770642050213E-04
  0.3685176820885E-04
  0.3696360705032E-04
  0.3764849612118E-04
  0.3572270712124E-04
  0.3451696383617E-04
  0.3435698770395E-04
  0.3269259479987E-04
  0.0000000000000E+00
  0.2109793979232E-04
  0.3128491394903E-04
  0.3168167294617E-04
  0.3166987789636E-04
  0.3185962053690E-04
  0.3362669349493E-04
  0.3368955016404E-04
  0.3192863013933E-04
  0.3203241135170E-04
  0.4543332528696E-04
  0.4501402416031E-04
  0.4244350965123E-04
  0.4913294044566E-04
  0.4409780052035E-04
  0.3747260243028E-04
  0.3366489821805E-04
  0.3472940657462E-04
  0.4155746914191E-04
  0.3957243232412E-04
  0.2607114046415E-04
  0.0000000000000E+00
  0.4132027705737E-04
  0.4488270470195E-04
  0.4043203265137E-04
  0.3767382793834E-04
  0.3505234918638E-04
  0.3720014806450E-04
  0.3425717034095E-04
  0.3557464733934E-04
  0.3908824729053E-04
  0.3911425642401E-04
  0.3484710392312E-04
  0.3364239486071E-04
  0.3585028803173E-04
  0.2645910645461E-04
  0.0000000000000E+00
  0.9865708338387E-05
  0.3390025443013E-04
  0.4174254696562E-04
  0.4043343561137E-04
  0.4011138144788E-04
  0.3647191080440E-04
  0.3356570763823E-04
  0.3281887993296E-04
  0.2131233428445E-04
  0.3748383701416E-04
  0.3968958943322E-04
  0.4517550866240E-04
  0.4784932919015E-04
  0.4025172813855E-04
  0.3456194686864E-04
  0.3293191929951E-04
  0.4007318320329E-04
  0.2637172121818E-04
  0.2318016989265E-04
  0.0000000000000E+00
  0.0000000000000E+00
  0.4174298670471E-04
  0.3903761893681E-04
  0.4015237919536E-04
  0.3754106504613E-04
  0.3844442400685E-04
  0.3804269043335E-04
  0.2499898786517E-04
  0.1755313700613E-04
  0.1681768290277E-04
  0.2267826376349E-04
  0.2704973375712E-04
  0.2913998570095E-04
  0.4066224385373E-04
  0.1028939639082E-04
  0.0000000000000E+00
  0.0000000000000E+00
  0.1976096860172E-04
  0.2919829492242E-04
  0.3414065692394E-04
  0.3480203712245E-04
  0.3210085310153E-04
  0.3797847256399E-04
  0.6280941251149E-05
  0.0000000000000E+00
  0.3267200047261E-04
  0.4048383264563E-04
  0.3470449424831E-04
  0.2664616672339E-04
  0.3097101919260E-04
  0.2903536864097E-04
  0.3054825020918E-04
  0.4864475418629E-04
  0.2993296614123E-04
  0.0000000000000E+00
  0.0000000000000E+00
  0.0000000000000E+00
  0.4660468288583E-04
  0.5023640970518E-04
  0.4797800559135E-04
  0.4660958207298E-04
  0.4474757716095E-04
  0.4364542506961E-04
  0.4105847978942E-04
  0.3994557568343E-04
  0.4062416230445E-04
  0.3946679213483E-04
  0.3426834768262E-04
  0.3644980166107E-04
  0.4411978858273E-04
  0.2748030454559E-04
  0.0000000000000E+00
  0.0000000000000E+00
  0.2905304978972E-04
  0.3697385299448E-04
  0.2580184304721E-04
  0.2179518450793E-04
  0.3497586681319E-04
  0.4572521299839E-04
  0.2839229356245E-04
  0.0000000000000E+00
  0.4415744797695E-04
  0.5290876360164E-04
  0.5387367323527E-04
  0.4819147360957E-04
  0.4003883492524E-04
  0.3521217741824E-04
  0.3514697836682E-04
  0.5363802286634E-04
  0.3729144143538E-04
  0.0000000000000E+00
  0.0000000000000E+00
  0.0000000000000E+00
  0.4966454197019E-04
  0.5788789731804E-04
  0.5490609335513E-04
  0.5180942019679E-04
  0.4999864393102E-04
  0.4935114592794E-04
  0.4599453625190E-04
  0.4590776897897E-04
  0.4566680377721E-04
  0.4482662232467E-04
  0.4505462538964E-04
  0.4402184348653E-04
  0.4744312235426E-04
  0.3557948254697E-04
  0.0000000000000E+00
  0.0000000000000E+00
  0.2108023781576E-04
  0.4215956009617E-04
  0.4318504288852E-04
  0.4233777200795E-04
  0.4311010120950E-04
  0.4776727150553E-04
  0.2495562516565E-04
  0.0000000000000E+00
  0.4491028951758E-04
  0.4973942105751E-04
  0.5425159451133E-04
  0.5303709347198E-04
  0.5051680017624E-04
  0.4726585460618E-04
  0.4714194346199E-04
  0.5610005187082E-04
  0.3909943629608E-04
  0.0000000000000E+00
  0.0000000000000E+00
  0.0000000000000E+00
  0.6005934944424E-04
  0.6106900378834E-04
  0.5943053508921E-04
  0.5643567923002E-04
  0.5302700174429E-04
  0.5211532591241E-04
  0.5057862671086E-04
  0.4896202843855E-04
  0.4909806644013E-04
  0.4857738450803E-04
  0.4831756781453E-04
  0.4869369554697E-04
  0.5111095009757E-04
  0.4141772307321E-04
  0.0000000000000E+00
  0.0000000000000E+00
  0.0000000000000E+00
  0.4225834824346E-04
  0.4564938728622E-04
  0.4663037209683E-04
  0.4748080870900E-04
  0.4834596817185E-04
  0.0000000000000E+00
  0.0000000000000E+00
  0.3435610741529E-04
  0.4181219439379E-04
  0.5416608852912E-04
  0.5666624064685E-04
  0.5844611378408E-04
  0.5758885775106E-04
  0.5552331681971E-04
  0.5895689669186E-04
  0.4635822712898E-04
  0.0000000000000E+00
  0.0000000000000E+00
  0.6034394265624E-04
  0.6374027791539E-04
  0.6321822767597E-04
  0.5884060113130E-04
  0.5466497881093E-04
  0.5292167193249E-04
  0.5210983067422E-04
  0.5159408749460E-04
  0.4958508729602E-04
  0.5026651108123E-04
  0.5243241657446E-04
  0.5285675194810E-04
  0.5300061728262E-04
  0.5490992015823E-04
  0.3739575316144E-04
  0.0000000000000E+00
  0.0000000000000E+00
  0.0000000000000E+00
  0.3752890675650E-04
  0.4798530220019E-04
  0.4874102004809E-04
  0.5042070090478E-04
  0.5202670572386E-04
  0.0000000000000E+00
  0.0000000000000E+00
  0.0000000000000E+00
  0.3806032620056E-04
  0.5268156707997E-04
  0.5752577570926E-04
  0.6293095127541E-04
  0.6584542848972E-04
  0.6378250072204E-04
  0.6048580641773E-04
  0.4396538936249E-04
  0.0000000000000E+00
  0.0000000000000E+00
  0.6545923178126E-04
  0.6292833744603E-04
  0.6164288661525E-04
  0.5865156386580E-04
  0.5399107730683E-04
  0.5407071638832E-04
  0.5049392774343E-04
  0.5037660470619E-04
  0.5087667088121E-04
  0.5233815851391E-04
  0.5454700965725E-04
  0.5661957246438E-04
  0.5718712016263E-04
  0.5832415197540E-04
  0.0000000000000E+00
  0.0000000000000E+00
  0.0000000000000E+00
  0.0000000000000E+00
  0.3984609579030E-04
  0.5055955178032E-04
  0.5327849693766E-04
  0.5520865470777E-04
  0.5384875491181E-04
  0.0000000000000E+00
  0.0000000000000E+00
  0.0000000000000E+00
  0.4629037602068E-04
  0.5052384661203E-04
  0.5409225134480E-04
  0.6067124715316E-04
  0.6636540917246E-04
  0.6847932762612E-04
  0.5739035980968E-04
  0.4082739771006E-04
  0.0000000000000E+00
  0.0000000000000E+00
  0.6180363403209E-04
  0.5665048271722E-04
  0.5385359300611E-04
  0.5022141849244E-04
  0.4710419303376E-04
  0.5086892597702E-04
  0.4945496814036E-04
  0.4935182845946E-04
  0.5023238830877E-04
  0.5118155260237E-04
  0.5335682958199E-04
  0.5695283187501E-04
  0.5964036948277E-04
  0.6076355400281E-04
  0.0000000000000E+00
  0.0000000000000E+00
  0.0000000000000E+00
  0.0000000000000E+00
  0.4108446560734E-04
  0.5152383517987E-04
  0.5470740012222E-04
  0.5673342403237E-04
  0.5099921850796E-04
  0.0000000000000E+00
  0.0000000000000E+00
  0.0000000000000E+00
  0.5919290025940E-04
  0.5170749274937E-04
  0.4959262224340E-04
  0.5504550011643E-04
  0.5819680650567E-04
  0.6382946724744E-04
  0.4021544792911E-04
  0.0000000000000E+00
  0.5572783731844E-04
  0.5069740862387E-04
  0.5233013338303E-04
  0.4440507213722E-04
  0.3948838188049E-04
  0.4064306620790E-04
  0.4238733860562E-04
  0.4846752327574E-04
  0.5010758832692E-04
  0.4816429787609E-04
  0.4684284167652E-04
  0.4537264427861E-04
  0.4742068441918E-04
  0.5074231235172E-04
  0.5630827150502E-04
  0.4975556952175E-04
  0.0000000000000E+00
  0.0000000000000E+00
  0.0000000000000E+00
  0.0000000000000E+00
  0.4068594792541E-04
  0.5095620129974E-04
  0.5234180626609E-04
  0.5311659738942E-04
  0.4775235749151E-04
  0.0000000000000E+00
  0.0000000000000E+00
  0.0000000000000E+00
  0.5778788785403E-04
  0.4850029324941E-04
  0.4356337857518E-04
  0.4448887122688E-04
  0.4446847553290E-04
  0.5016769794214E-04
  0.2334203413304E-04
  0.0000000000000E+00
  0.4889545073728E-04
  0.3212006628304E-04
  0.3715816622562E-04
  0.2355013818503E-04
  0.2397914600555E-04
  0.3387445347937E-04
  0.4201033067885E-04
  0.4717517752594E-04
  0.4857923998541E-04
  0.4462747201236E-04
  0.4399076532041E-04
  0.4278029561973E-04
  0.4347734442578E-04
  0.4466346427857E-04
  0.4771099305506E-04
  0.3263141802810E-04
  0.0000000000000E+00
  0.0000000000000E+00
  0.0000000000000E+00
  0.0000000000000E+00
  0.3741089546349E-04
  0.5005034962956E-04
  0.4959915399833E-04
  0.4994177932308E-04
  0.4402085556562E-04
  0.0000000000000E+00
  0.0000000000000E+00
  0.0000000000000E+00
  0.4778625572508E-04
  0.3986565657830E-04
  0.3121930613594E-04
  0.3038030548419E-04
  0.2702347771016E-04
  0.2905324647395E-04
  0.0000000000000E+00
  0.0000000000000E+00
  0.3527890263559E-04
  0.2740140602656E-04
  0.2609149401013E-04
  0.1648892452330E-04
  0.2530749744950E-04
  0.3783109137918E-04
  0.4461248605257E-04
  0.4552767758646E-04
  0.4646486842004E-04
  0.4388144721651E-04
  0.4464284673852E-04
  0.4439118789692E-04
  0.4272948038163E-04
  0.4171022179461E-04
  0.4350663242496E-04
  0.2534015832851E-04
  0.0000000000000E+00
  0.0000000000000E+00
  0.0000000000000E+00
  0.4126892639886E-04
  0.4890093848119E-04
  0.5046793257309E-04
  0.4972290777816E-04
  0.5223481821418E-04
  0.2975988999005E-04
  0.0000000000000E+00
  0.0000000000000E+00
  0.0000000000000E+00
  0.4051667977275E-04
  0.2763314376223E-04
  0.2244694943703E-04
  0.3561075195854E-04
  0.4001878829695E-04
  0.3747383953607E-04
  0.0000000000000E+00
  0.0000000000000E+00
  0.3066832223846E-04
  0.3987880495692E-04
  0.1533011257876E-04
  0.2613751573797E-04
  0.3461021058297E-04
  0.4035705336695E-04
  0.4378327774672E-04
  0.4449408199521E-04
  0.4517364218039E-04
  0.4493716397743E-04
  0.4396468122695E-04
  0.4420145908731E-04
  0.4302914893330E-04
  0.4529339610125E-04
  0.4887404420079E-04
  0.3876416088772E-04
  0.0000000000000E+00
  0.0000000000000E+00
  0.0000000000000E+00
  0.3926826596096E-04
  0.4494765671139E-04
  0.4773243431723E-04
  0.5200366220877E-04
  0.5075307432011E-04
  0.2698201189084E-04
  0.0000000000000E+00
  0.0000000000000E+00
  0.0000000000000E+00
  0.4389104638980E-04
  0.2684000269022E-04
  0.3337816392005E-04
  0.4634305084936E-04
  0.5137101382385E-04
  0.3536534813155E-04
  0.0000000000000E+00
  0.2720299225264E-04
  0.1681408829672E-04
  0.3524568929075E-04
  0.3591181952340E-04
  0.4157669009189E-04
  0.4392517211728E-04
  0.4433446581492E-04
  0.4491508311142E-04
  0.4439148652436E-04
  0.4562145937748E-04
  0.4590584146672E-04
  0.4382280371316E-04
  0.4608319134253E-04
  0.4825826990510E-04
  0.4909485778805E-04
  0.4730048931140E-04
  0.3393865973686E-04
  0.0000000000000E+00
  0.0000000000000E+00
  0.4425496094596E-04
  0.4069893530289E-04
  0.4311133359002E-04
  0.4030214955491E-04
  0.4193020461658E-04
  0.3863278031101E-04
  0.3021591195619E-04
  0.0000000000000E+00
  0.0000000000000E+00
  0.0000000000000E+00
  0.5769763136268E-04
  0.4181073248519E-04
  0.4406154816632E-04
  0.5301456070778E-04
  0.5514270492567E-04
  0.3253265331906E-04
  0.0000000000000E+00
  0.3908576153445E-04
  0.3229820696176E-04
  0.4484233286998E-04
  0.5107442145392E-04
  0.5507493534348E-04
  0.5450836986573E-04
  0.5453923976416E-04
  0.5504139336466E-04
  0.5399816549964E-04
  0.5350640642356E-04
  0.5045906189121E-04
  0.4830938820396E-04
  0.4569234388926E-04
  0.4409899757041E-04
  0.4092739287251E-04
  0.2982600641308E-04
  0.3195628065408E-04
  0.0000000000000E+00
  0.0000000000000E+00
  0.3646052710112E-04
  0.4945386811512E-04
  0.5238368587562E-04
  0.4026719840082E-04
  0.1100823819704E-04
  0.0000000000000E+00
  0.0000000000000E+00
  0.0000000000000E+00
  0.0000000000000E+00
  0.0000000000000E+00
  0.0000000000000E+00
  0.4335147515584E-04
  0.5223493355333E-04
  0.4644733525359E-04
  0.4790728452429E-04
  0.3366891131170E-04
  0.0000000000000E+00
  0.3661711947064E-04
  0.4628959902750E-04
  0.5354606065663E-04
  0.5542076921273E-04
  0.5745200599142E-04
  0.5587992071607E-04
  0.5838647170735E-04
  0.5891031874424E-04
  0.6026100613717E-04
  0.5963499492401E-04
  0.5753273007024E-04
  0.5800833992729E-04
  0.5323778524514E-04
  0.4801519862307E-04
  0.4927893237256E-04
  0.5254159416625E-04
  0.5835964586850E-04
  0.0000000000000E+00
  0.2725137104394E-04
  0.5054075018056E-04
  0.5750741311659E-04
  0.5921527948043E-04
  0.5465505136915E-04
  0.1934182943472E-04
  0.0000000000000E+00
  0.0000000000000E+00
  0.0000000000000E+00
  0.0000000000000E+00
  0.0000000000000E+00
  0.0000000000000E+00
  0.4457004893819E-04
  0.5604028735721E-04
  0.4804826259519E-04
  0.4761287223572E-04
  0.2451114685650E-04
  0.0000000000000E+00
  0.3436106463397E-04
  0.5152283982907E-04
  0.5843309464599E-04
  0.5726440010330E-04
  0.5754385394227E-04
  0.5768494265912E-04
  0.5770394013122E-04
  0.5808693621442E-04
  0.6025533234482E-04
  0.6062389335018E-04
  0.6128763601458E-04
  0.6118357798674E-04
  0.5858486325399E-04
  0.5501246794552E-04
  0.4104087150192E-04
  0.2052940976797E-04
  0.0000000000000E+00
  0.4287768290443E-04
  0.5143665761505E-04
  0.5655913613349E-04
  0.5971938542712E-04
  0.5960661892690E-04
  0.6004632882322E-04
  0.3196061013199E-04
  0.0000000000000E+00
  0.0000000000000E+00
  0.0000000000000E+00
  0.0000000000000E+00
  0.0000000000000E+00
  0.0000000000000E+00
  0.4484236277722E-04
  0.5591568194267E-04
  0.5033356126189E-04
  0.4926005089703E-04
  0.4394431807912E-04
  0.0000000000000E+00
  0.5447535353158E-04
  0.6007578248724E-04
  0.6111082576932E-04
  0.5761697916995E-04
  0.5467792862358E-04
  0.5440165090498E-04
  0.5554520922356E-04
  0.5565886082185E-04
  0.5431899384707E-04
  0.5554737510358E-04
  0.5746102627758E-04
  0.5750441784214E-04
  0.5607228878405E-04
  0.5430367421809E-04
  0.2314497138531E-04
  0.0000000000000E+00
  0.3401509613661E-04
  0.4702122810400E-04
  0.5287962055306E-04
  0.5710342333874E-04
  0.5562093158038E-04
  0.5529048595427E-04
  0.5979698942657E-04
  0.4170313939232E-04
  0.0000000000000E+00
  0.0000000000000E+00
  0.0000000000000E+00
  0.0000000000000E+00
  0.0000000000000E+00
  0.0000000000000E+00
  0.4778055292093E-04
  0.5375113034649E-04
  0.0000000000000E+00
  0.5265351946817E-04
  0.4546330479432E-04
  0.0000000000000E+00
  0.6218879332803E-04
  0.6463955024719E-04
  0.6044175661875E-04
  0.5520641838765E-04
  0.5174092149585E-04
  0.5121522351644E-04
  0.5148477076378E-04
  0.5152190805948E-04
  0.5000507710703E-04
  0.5093287218682E-04
  0.5231484173304E-04
  0.5149583652203E-04
  0.4987993184214E-04
  0.4402973870702E-04
  0.0000000000000E+00
  0.3739876444623E-04
  0.4733620212304E-04
  0.4950093335232E-04
  0.5449981441351E-04
  0.5268127460018E-04
  0.5020522598380E-04
  0.4979820846882E-04
  0.5634244492521E-04
  0.4673206744088E-04
  0.0000000000000E+00
  0.0000000000000E+00
  0.0000000000000E+00
  0.0000000000000E+00
  0.0000000000000E+00
  0.0000000000000E+00
  0.4940813548487E-04
  0.4334252602855E-04
  0.0000000000000E+00
  0.0000000000000E+00
  0.0000000000000E+00
  0.0000000000000E+00
  0.0000000000000E+00
  0.5431797229176E-04
  0.5382532216294E-04
  0.4929344398659E-04
  0.4785706595497E-04
  0.4803326123116E-04
  0.4659226267408E-04
  0.4675391425846E-04
  0.4733431544322E-04
  0.4853158565210E-04
  0.4764944580026E-04
  0.4438804024617E-04
  0.4479068743866E-04
  0.4013908981973E-04
  0.0000000000000E+00
  0.4075641561843E-04
  0.4761503318240E-04
  0.4902920411446E-04
  0.4944980751231E-04
  0.4776575004591E-04
  0.4674704837078E-04
  0.4618980058422E-04
  0.5012784696224E-04
  0.4124461838843E-04
  0.0000000000000E+00
  0.0000000000000E+00
  0.0000000000000E+00
  0.0000000000000E+00
  0.0000000000000E+00
  0.0000000000000E+00
  0.3432463183471E-04
  0.2162676025170E-04
  0.0000000000000E+00
  0.0000000000000E+00
  0.0000000000000E+00
  0.0000000000000E+00
  0.0000000000000E+00
  0.4502923306163E-04
  0.2939822841757E-04
  0.3258051344859E-04
  0.3241076696075E-04
  0.2140195893760E-04
  0.3036673438410E-04
  0.3190928228785E-04
  0.3129981775488E-04
  0.3717697442268E-04
  0.4232432021930E-04
  0.4069973665831E-04
  0.4141315030701E-04
  0.3010587077401E-04
  0.0000000000000E+00
  0.3656500298951E-04
  0.3556595876829E-04
  0.2512434033415E-04
  0.3284248682860E-04
  0.3478304546562E-04
  0.3654211924078E-04
  0.3990126630461E-04
  0.4344552777502E-04
  0.3894808539326E-04
  0.0000000000000E+00
  0.0000000000000E+00
  0.0000000000000E+00
  0.0000000000000E+00
  0.0000000000000E+00
  0.0000000000000E+00
  0.0000000000000E+00
  0.0000000000000E+00
  0.0000000000000E+00
  0.0000000000000E+00
  0.0000000000000E+00
  0.0000000000000E+00
  0.0000000000000E+00
  0.4665762084811E-04
  0.5494115396661E-04
  0.6218637460401E-04
  0.5827744055992E-04
  0.5067037991393E-04
  0.4023630704081E-04
  0.3431871852852E-04
  0.3185331627280E-04
  0.2403847375005E-04
  0.2229199596271E-04
  0.3907296806674E-04
  0.4000974445305E-04
  0.3827825483797E-04
  0.0000000000000E+00
  0.0000000000000E+00
  0.0000000000000E+00
  0.3234742060051E-04
  0.4710052917914E-04
  0.4063741259626E-04
  0.2527401638645E-04
  0.2715362064030E-04
  0.3750331121007E-04
  0.4044702476077E-04
  0.0000000000000E+00
  0.0000000000000E+00
  0.2558352981249E-04
  0.3209624599152E-04
  0.0000000000000E+00
  0.0000000000000E+00
  0.0000000000000E+00
  0.0000000000000E+00
  0.0000000000000E+00
  0.0000000000000E+00
  0.0000000000000E+00
  0.0000000000000E+00
  0.0000000000000E+00
  0.0000000000000E+00
  0.3527821089690E-04
  0.4933992366620E-04
  0.5443082396671E-04
  0.5195976269490E-04
  0.4730499072416E-04
  0.4202865975540E-04
  0.3786147107549E-04
  0.3519411653393E-04
  0.3091425926392E-04
  0.3742126882953E-04
  0.2695111559033E-04
  0.0000000000000E+00
  0.0000000000000E+00
  0.0000000000000E+00
  0.0000000000000E+00
  0.3958981815671E-04
  0.5557634812927E-04
  0.5280007047106E-04
  0.4361663637818E-04
  0.3469295191686E-04
  0.3227697175124E-04
  0.3579970437399E-04
  0.1906952620660E-04
  0.2453642128206E-04
  0.3133986499920E-04
  0.3576812479359E-04
  0.2902667147076E-04
  0.0000000000000E+00
  0.0000000000000E+00
  0.0000000000000E+00
  0.0000000000000E+00
  0.0000000000000E+00
  0.0000000000000E+00
  0.0000000000000E+00
  0.0000000000000E+00
  0.0000000000000E+00
  0.3832990218466E-04
  0.4640778374574E-04
  0.4302296134045E-04
  0.4199416486186E-04
  0.4119929141337E-04
  0.3875021337791E-04
  0.3624222608988E-04
  0.3383987499993E-04
  0.3116383138584E-04
  0.3302668081564E-04
  0.2242016035421E-04
  0.0000000000000E+00
  0.0000000000000E+00
  0.0000000000000E+00
  0.0000000000000E+00
  0.3203939432246E-04
  0.4167155190784E-04
  0.4310128839530E-04
  0.4303598425044E-04
  0.4040102367993E-04
  0.3194563972544E-04
  0.3425548495337E-04
  0.0000000000000E+00
  0.3119303674256E-04
  0.2774008960138E-04
  0.0000000000000E+00
  0.0000000000000E+00
  0.0000000000000E+00
  0.0000000000000E+00
  0.0000000000000E+00
  0.0000000000000E+00
  0.0000000000000E+00
  0.0000000000000E+00
  0.0000000000000E+00
  0.0000000000000E+00
  0.0000000000000E+00
  0.3433538757047E-04
  0.4137540214339E-04
  0.3654316194096E-04
  0.3198526761492E-04
  0.3151735410209E-04
  0.3252374476005E-04
  0.3178173343063E-04
  0.3156239341984E-04
  0.3091939271665E-04
  0.3028147907317E-04
  0.2621304702346E-04
  0.0000000000000E+00
  0.0000000000000E+00
  0.0000000000000E+00
  0.0000000000000E+00
  0.0000000000000E+00
  0.2836276516838E-04
  0.2758391368587E-04
  0.3460659398776E-04
  0.4133996683866E-04
  0.3590030385257E-04
  0.3169936804214E-04
  0.1846032597288E-04
  0.0000000000000E+00
  0.0000000000000E+00
  0.0000000000000E+00
  0.0000000000000E+00
  0.0000000000000E+00
  0.0000000000000E+00
  0.0000000000000E+00
  0.0000000000000E+00
  0.0000000000000E+00
  0.0000000000000E+00
  0.0000000000000E+00
  0.0000000000000E+00
  0.0000000000000E+00
  0.0000000000000E+00
  0.2261712437219E-04
  0.2888059544369E-04
  0.2729753607574E-04
  0.2376630219761E-04
  0.2436786852392E-04
  0.2568125176650E-04
  0.2756015438238E-04
  0.2959978661737E-04
  0.3067606185960E-04
  0.2561703456070E-04
  0.0000000000000E+00
  0.0000000000000E+00
  0.0000000000000E+00
  0.0000000000000E+00
  0.0000000000000E+00
  0.0000000000000E+00
  0.2860702686176E-04
  0.2591592138461E-04
  0.3536910656425E-04
  0.3473489567648E-04
  0.3600166231045E-04
  0.2788970548680E-04
  0.0000000000000E+00
  0.0000000000000E+00
  0.0000000000000E+00
  0.0000000000000E+00
  0.0000000000000E+00
  0.0000000000000E+00
  0.0000000000000E+00
  0.0000000000000E+00
  0.0000000000000E+00
  0.0000000000000E+00
  0.0000000000000E+00
  0.0000000000000E+00
  0.0000000000000E+00
  0.0000000000000E+00
  0.1905481347298E-04
  0.1638699180459E-04
  0.1373554573366E-04
  0.1299632724631E-04
  0.1721920384682E-04
  0.2078519915795E-04
  0.2474977925726E-04
  0.2993229288439E-04
  0.2314473351931E-04
  0.0000000000000E+00
  0.0000000000000E+00
  0.0000000000000E+00
  0.0000000000000E+00
  0.0000000000000E+00
  0.0000000000000E+00
  0.0000000000000E+00
  0.3163592092984E-04
  0.2750999792127E-04
  0.3069864458947E-04
  0.3523820278861E-04
  0.3928737113792E-04
  0.0000000000000E+00
  0.0000000000000E+00
  0.0000000000000E+00
  0.0000000000000E+00
  0.0000000000000E+00
  0.0000000000000E+00
  0.0000000000000E+00
  0.0000000000000E+00
  0.0000000000000E+00
  0.0000000000000E+00
  0.0000000000000E+00
  0.0000000000000E+00
  0.0000000000000E+00
  0.0000000000000E+00
  0.0000000000000E+00
  0.0000000000000E+00
  0.0000000000000E+00
  0.1908820662839E-04
  0.2653175107124E-04
  0.2193475418358E-04
  0.8153658116447E-05
  0.1571323570289E-04
  0.2516335955485E-04
  0.0000000000000E+00
  0.0000000000000E+00
  0.0000000000000E+00
  0.0000000000000E+00
  0.0000000000000E+00
  0.0000000000000E+00
  0.0000000000000E+00
  0.0000000000000E+00
  0.2164124956433E-04
  0.3034390603004E-04
  0.3253354925915E-04
  0.3650859318824E-04
  0.3624750655261E-04
  0.1440212653496E-04
  0.0000000000000E+00
  0.0000000000000E+00
  0.0000000000000E+00
  0.0000000000000E+00
  0.0000000000000E+00
  0.0000000000000E+00
  0.0000000000000E+00
  0.0000000000000E+00
  0.0000000000000E+00
  0.0000000000000E+00
  0.0000000000000E+00
  0.0000000000000E+00
  0.0000000000000E+00
  0.0000000000000E+00
  0.0000000000000E+00
  0.0000000000000E+00
  0.0000000000000E+00
  0.0000000000000E+00
  0.0000000000000E+00
  0.5181900592535E-05
  0.0000000000000E+00
  0.0000000000000E+00
  0.0000000000000E+00
  0.0000000000000E+00
  0.0000000000000E+00
  0.0000000000000E+00
  0.0000000000000E+00
  0.0000000000000E+00
  0.0000000000000E+00
  0.1558713728781E-05
  0.3808368762458E-05
  0.0000000000000E+00
  0.0000000000000E+00
  0.5194303845121E-05
  0.5350867086949E-05
  0.4626696780228E-05
  0.1730688187127E-05
  0.1490294995342E-05
  0.0000000000000E+00
  0.0000000000000E+00
  0.0000000000000E+00
  0.0000000000000E+00
  0.0000000000000E+00
  0.0000000000000E+00
  0.0000000000000E+00
  0.0000000000000E+00
  0.5689173116929E-06
  0.5723914875993E-06
  0.5752664584280E-06
  0.5805598720093E-06
  0.5870874091588E-06
  0.5961635564275E-06
  0.6006789737507E-06
  0.6066286749996E-06
  0.6119329661589E-06
  0.6467267417731E-06
  0.6119502787256E-06
  0.6069599461951E-06
  0.6016792787694E-06
  0.5975300930450E-06
  0.5954705390473E-06
  0.5963377473965E-06
  0.6005953576141E-06
  0.6092070257453E-06
  0.6223444599384E-06
  0.6403317902003E-06
  0.0000000000000E+00
  0.0000000000000E+00
  0.0000000000000E+00
  0.0000000000000E+00
  0.7079964297019E-06
  0.7046861472285E-06
  0.6780911209305E-06
  0.6577508904696E-06
  0.6433922155559E-06
  0.6176202687707E-06
  0.6140453180923E-06
  0.5887163359482E-06
  0.5784299341521E-06
  0.5719080922309E-06
  0.5690687776604E-06
  0.5716271376936E-06
  0.0000000000000E+00
  0.0000000000000E+00
  0.0000000000000E+00
  0.0000000000000E+00
  0.0000000000000E+00
  0.0000000000000E+00
  0.0000000000000E+00
  0.0000000000000E+00
  0.0000000000000E+00
  0.0000000000000E+00
  0.0000000000000E+00
  0.0000000000000E+00
  0.0000000000000E+00
  0.0000000000000E+00
  0.0000000000000E+00
  0.0000000000000E+00
  0.0000000000000E+00
  0.0000000000000E+00
  0.0000000000000E+00
  0.0000000000000E+00
  0.0000000000000E+00
  0.0000000000000E+00
  0.0000000000000E+00
  0.0000000000000E+00
  0.0000000000000E+00
  0.0000000000000E+00
  0.0000000000000E+00
  0.0000000000000E+00
  0.0000000000000E+00
  0.0000000000000E+00
  0.0000000000000E+00
  0.0000000000000E+00
  0.0000000000000E+00
  0.0000000000000E+00
  0.0000000000000E+00
  0.0000000000000E+00
  0.0000000000000E+00
  0.1530533478482E-04
  0.1682135422789E-04
  0.1766868455196E-04
  0.1848248721578E-04
  0.1903845887833E-04
  0.1911919433471E-04
  0.1897873112411E-04
  0.1868075738772E-04
  0.1831812340635E-04
  0.1788742046588E-04
  0.1759166822715E-04
  0.1734807629358E-04
  0.1734999283518E-04
  0.1753906003526E-04
  0.1783009786641E-04
  0.1821991484171E-04
  0.1861752484840E-04
  0.1873823752407E-04
  0.1805719643534E-04
  0.1700882012733E-04
  0.1558107042153E-04
  0.1448332677330E-04
  0.1389229026128E-04
  0.1367449929222E-04
  0.1389824456626E-04
  0.1429738046635E-04
  0.1477337010287E-04
  0.1508583512787E-04
  0.1533173501587E-04
  0.1558476433052E-04
  0.1578131612245E-04
  0.1589754800684E-04
  0.1565608147061E-04
  0.1461042741092E-04
  0.0000000000000E+00
  0.2622726404452E-04
  0.2860277301127E-04
  0.2984676639205E-04
  0.3064500321844E-04
  0.3230551667020E-04
  0.3375638477878E-04
  0.3293640375610E-04
  0.3228618742895E-04
  0.3128401176071E-04
  0.3043157063351E-04
  0.2863470309086E-04
  0.2794776630004E-04
  0.2666917233457E-04
  0.2686132927882E-04
  0.2770954333199E-04
  0.2870938371334E-04
  0.2984623726790E-04
  0.3156137702430E-04
  0.3302593638911E-04
  0.3046777491242E-04
  0.2774155009894E-04
  0.2192797007009E-04
  0.1857604851770E-04
  0.1755043193858E-04
  0.1727214404566E-04
  0.1841447892414E-04
  0.1981097897386E-04
  0.2196931822280E-04
  0.2268036801619E-04
  0.2377664031155E-04
  0.2450405609956E-04
  0.2498876550206E-04
  0.2523324340770E-04
  0.2483429634396E-04
  0.2434316013041E-04
  0.2433445523713E-04
  0.3061115549414E-04
  0.3095596983153E-04
  0.3146819547676E-04
  0.3213697060393E-04
  0.3226165382651E-04
  0.3232139565253E-04
  0.3266343334420E-04
  0.2991370805812E-04
  0.2935158320419E-04
  0.2829074338138E-04
  0.2894209022076E-04
  0.2986213042208E-04
  0.2943414348343E-04
  0.3062689948805E-04
  0.3134738338735E-04
  0.3207530297564E-04
  0.3292154214715E-04
  0.3471368564216E-04
  0.3420212025443E-04
  0.2797149421964E-04
  0.2760462626486E-04
  0.2508334931343E-04
  0.2297632863252E-04
  0.2337562917087E-04
  0.2387803754022E-04
  0.2566617496947E-04
  0.2638199931054E-04
  0.2672989994244E-04
  0.2720009833095E-04
  0.2717095936212E-04
  0.2803198072584E-04
  0.2760572333639E-04
  0.3026438789104E-04
  0.3106938306372E-04
  0.3131886147244E-04
  0.2937372010454E-04
  0.3156002972614E-04
  0.3112269363859E-04
  0.3234780798512E-04
  0.3280005943764E-04
  0.3218459659266E-04
  0.3376691850860E-04
  0.3405675091646E-04
  0.3165920885377E-04
  0.2997454451234E-04
  0.3041930146074E-04
  0.3102629840824E-04
  0.3179550061230E-04
  0.3131126217401E-04
  0.3254087899555E-04
  0.3206314893528E-04
  0.3264401888487E-04
  0.3363744110669E-04
  0.3459914640484E-04
  0.2978003417913E-04
  0.0000000000000E+00
  0.2188663549491E-04
  0.2322960600222E-04
  0.2406468976490E-04
  0.2511638272324E-04
  0.2643885643121E-04
  0.2804338018894E-04
  0.2801089103766E-04
  0.2680916576260E-04
  0.2698331134902E-04
  0.2842694204630E-04
  0.2986145199335E-04
  0.2848871458658E-04
  0.3104120391203E-04
  0.3152151056752E-04
  0.3202304391449E-04
  0.3190382372221E-04
  0.2999026146078E-04
  0.2909998639824E-04
  0.3099880511092E-04
  0.2971424718992E-04
  0.2783835365748E-04
  0.3421727053425E-04
  0.3339238272203E-04
  0.3188645421189E-04
  0.3287270318762E-04
  0.3207256899804E-04
  0.3235731075841E-04
  0.3249632445877E-04
  0.3213817407027E-04
  0.3311175961198E-04
  0.3289073567327E-04
  0.3306327791596E-04
  0.3279828365789E-04
  0.3169246115968E-04
  0.2307914697116E-04
  0.0000000000000E+00
  0.2020704647727E-04
  0.2429185452598E-04
  0.2539869429892E-04
  0.2745092892810E-04
  0.2913622848466E-04
  0.3008661388217E-04
  0.2875781614056E-04
  0.2390461077170E-04
  0.2541325565990E-04
  0.3208763511127E-04
  0.3265803233364E-04
  0.3022293713645E-04
  0.3313710354078E-04
  0.3402293701523E-04
  0.3391181393973E-04
  0.3188132973117E-04
  0.2565312413132E-04
  0.2368270024582E-04
  0.2795540442315E-04
  0.2339671832047E-04
  0.2025155028144E-04
  0.3502091910265E-04
  0.3686392443709E-04
  0.3355488393643E-04
  0.3641923418633E-04
  0.3409984722571E-04
  0.3305564050976E-04
  0.3270360597301E-04
  0.3264668498080E-04
  0.3347194540582E-04
  0.3388380940428E-04
  0.3322271288811E-04
  0.3160058613583E-04
  0.2850713690638E-04
  0.1697959241288E-04
  0.0000000000000E+00
  0.1812470636835E-04
  0.2578845161598E-04
  0.2951795861504E-04
  0.3109166661873E-04
  0.3171967122846E-04
  0.3132258926200E-04
  0.2782633385033E-04
  0.1991385068540E-04
  0.2588167972471E-04
  0.3754859071488E-04
  0.3626100415789E-04
  0.3655350243763E-04
  0.3638258457892E-04
  0.3488373953946E-04
  0.3260907387318E-04
  0.2898933047694E-04
  0.2223762691761E-04
  0.1848768295517E-04
  0.2413512791755E-04
  0.1384331778079E-04
  0.0000000000000E+00
  0.3487895919164E-04
  0.3805248046521E-04
  0.3265139578576E-04
  0.3398994919214E-04
  0.3383098132706E-04
  0.3204179565318E-04
  0.3129952649993E-04
  0.3124171255333E-04
  0.3230774265071E-04
  0.3332307878003E-04
  0.3178968716769E-04
  0.3020138869606E-04
  0.2724530329725E-04
  0.1195079866793E-04
  0.0000000000000E+00
  0.1274940065375E-04
  0.2604414226486E-04
  0.3452247588400E-04
  0.3341301438561E-04
  0.3285263796665E-04
  0.3098204559357E-04
  0.2562881745229E-04
  0.1492296742232E-04
  0.2124678176457E-04
  0.3536912627518E-04
  0.3460583563980E-04
  0.3700022384873E-04
  0.3319495169112E-04
  0.3023473736940E-04
  0.2824641746220E-04
  0.2470396343204E-04
  0.2121225515168E-04
  0.1269598564623E-04
  0.1712402870619E-04
  0.0000000000000E+00
  0.0000000000000E+00
  0.3410760809843E-04
  0.3688817308942E-04
  0.3230989549606E-04
  0.3224548290911E-04
  0.3301697941265E-04
  0.3127826739685E-04
  0.2971221081950E-04
  0.2838172742420E-04
  0.2869074068031E-04
  0.3037359274892E-04
  0.2952330617038E-04
  0.2848376881108E-04
  0.2603482456958E-04
  0.7353230279484E-05
  0.0000000000000E+00
  0.0000000000000E+00
  0.2550029988312E-04
  0.3847963830877E-04
  0.3442694391804E-04
  0.3315770215422E-04
  0.3072076701050E-04
  0.2557318723750E-04
  0.9301263662036E-05
  0.0000000000000E+00
  0.3407656562156E-04
  0.3435819919092E-04
  0.3539954328129E-04
  0.2952156814413E-04
  0.2688781893113E-04
  0.2440849397736E-04
  0.2271107438490E-04
  0.2383766245547E-04
  0.1268384504391E-04
  0.0000000000000E+00
  0.0000000000000E+00
  0.0000000000000E+00
  0.3346160844205E-04
  0.3844568418226E-04
  0.3488486788443E-04
  0.3556935312788E-04
  0.3482225675607E-04
  0.3320284999437E-04
  0.3460290873103E-04
  0.3467269511749E-04
  0.3513667671930E-04
  0.3468480278009E-04
  0.3174091445884E-04
  0.3036417689488E-04
  0.2718693646899E-04
  0.9748572340918E-05
  0.0000000000000E+00
  0.0000000000000E+00
  0.2390926784628E-04
  0.4385830399110E-04
  0.3344508564032E-04
  0.3089760067085E-04
  0.2931897432128E-04
  0.2515105849312E-04
  0.1032136838804E-04
  0.0000000000000E+00
  0.3373981619830E-04
  0.3908555449852E-04
  0.4043448817187E-04
  0.3494794063928E-04
  0.2901124796919E-04
  0.2594612497524E-04
  0.2416719284742E-04
  0.2780271259628E-04
  0.1412040752613E-04
  0.0000000000000E+00
  0.0000000000000E+00
  0.0000000000000E+00
  0.3597159047973E-04
  0.4204971147115E-04
  0.3828062327071E-04
  0.4059355203117E-04
  0.4100674022363E-04
  0.3700414013248E-04
  0.4020407850175E-04
  0.4060770439394E-04
  0.3944722553846E-04
  0.3792723420698E-04
  0.3491257457027E-04
  0.3267627100862E-04
  0.2824451924206E-04
  0.1214758770308E-04
  0.0000000000000E+00
  0.0000000000000E+00
  0.2136681225840E-04
  0.4411339022053E-04
  0.3668579353944E-04
  0.3367967712047E-04
  0.3065881861058E-04
  0.2589641994076E-04
  0.9871900079459E-05
  0.0000000000000E+00
  0.3135785969996E-04
  0.4174692119760E-04
  0.4404635047292E-04
  0.4066375081694E-04
  0.3452306251947E-04
  0.3201632760583E-04
  0.2961866614474E-04
  0.3375935961353E-04
  0.1892825596547E-04
  0.0000000000000E+00
  0.0000000000000E+00
  0.0000000000000E+00
  0.4748701278584E-04
  0.4778102811182E-04
  0.4350683512896E-04
  0.4595011292829E-04
  0.4795253796674E-04
  0.4405642895617E-04
  0.4654538366828E-04
  0.4508884918049E-04
  0.4110579544385E-04
  0.3976959816800E-04
  0.3641435805797E-04
  0.3360034132224E-04
  0.2836544035525E-04
  0.1200882328046E-04
  0.0000000000000E+00
  0.0000000000000E+00
  0.0000000000000E+00
  0.3867340880526E-04
  0.3866322177841E-04
  0.3448367882316E-04
  0.3204132609128E-04
  0.2631901027419E-04
  0.0000000000000E+00
  0.0000000000000E+00
  0.2474521988219E-04
  0.4033983109043E-04
  0.4596045298751E-04
  0.4548727463118E-04
  0.4232255011267E-04
  0.3964324540825E-04
  0.3708813810083E-04
  0.4183102163089E-04
  0.2586325334523E-04
  0.0000000000000E+00
  0.0000000000000E+00
  0.4045949140947E-04
  0.6370776146170E-04
  0.5685614983733E-04
  0.5418443324359E-04
  0.5527832969976E-04
  0.5769043478474E-04
  0.5517265414325E-04
  0.5024434334872E-04
  0.5108774769733E-04
  0.4603185083376E-04
  0.4274017456646E-04
  0.3982674749001E-04
  0.3662714455952E-04
  0.3081911498732E-04
  0.1625313785580E-04
  0.0000000000000E+00
  0.0000000000000E+00
  0.0000000000000E+00
  0.2853773823528E-04
  0.3472965758149E-04
  0.2785397606039E-04
  0.2661941463012E-04
  0.2163289643178E-04
  0.0000000000000E+00
  0.0000000000000E+00
  0.0000000000000E+00
  0.3670331429957E-04
  0.4514068509825E-04
  0.5098986007977E-04
  0.5159685001740E-04
  0.5070608217442E-04
  0.4768181910930E-04
  0.4966557593318E-04
  0.2927253281236E-04
  0.0000000000000E+00
  0.0000000000000E+00
  0.4826363999314E-04
  0.6653755094950E-04
  0.6186760692337E-04
  0.6153129617357E-04
  0.6457371151301E-04
  0.6199575003371E-04
  0.6152428304909E-04
  0.5149867810375E-04
  0.5183140245453E-04
  0.4688228460443E-04
  0.4386650999342E-04
  0.4064030771714E-04
  0.3700630557687E-04
  0.3125681998564E-04
  0.0000000000000E+00
  0.0000000000000E+00
  0.0000000000000E+00
  0.0000000000000E+00
  0.3204977778809E-04
  0.3826452157601E-04
  0.2885213563332E-04
  0.2746352401318E-04
  0.2175532192918E-04
  0.0000000000000E+00
  0.0000000000000E+00
  0.0000000000000E+00
  0.3642206175950E-04
  0.4883852109386E-04
  0.5641528349576E-04
  0.5848821343604E-04
  0.6008716442361E-04
  0.5850035561493E-04
  0.5205322989485E-04
  0.2649991007440E-04
  0.0000000000000E+00
  0.0000000000000E+00
  0.5173019534877E-04
  0.5941403766909E-04
  0.5998146303440E-04
  0.6362368659162E-04
  0.6689672123215E-04
  0.6276095790021E-04
  0.6199272065979E-04
  0.5394801779980E-04
  0.5039090957778E-04
  0.4811894455605E-04
  0.4526867275503E-04
  0.4330253963965E-04
  0.4039108108078E-04
  0.3408164886685E-04
  0.0000000000000E+00
  0.0000000000000E+00
  0.0000000000000E+00
  0.0000000000000E+00
  0.4226396958958E-04
  0.4501592710794E-04
  0.3183917215523E-04
  0.2973038536930E-04
  0.2072595771233E-04
  0.0000000000000E+00
  0.0000000000000E+00
  0.0000000000000E+00
  0.3871024519694E-04
  0.5285163717917E-04
  0.5956928946262E-04
  0.6154754349238E-04
  0.6391797289443E-04
  0.6245482585155E-04
  0.4743015831386E-04
  0.0000000000000E+00
  0.2613992285989E-04
  0.2821437875899E-04
  0.5222363963816E-04
  0.5453577401765E-04
  0.5311125486316E-04
  0.6067532251573E-04
  0.6116155013603E-04
  0.6187138422223E-04
  0.5931143933287E-04
  0.5365364890695E-04
  0.4965459953699E-04
  0.4913581469323E-04
  0.4681474478119E-04
  0.4559756467694E-04
  0.4429981517350E-04
  0.3471653813632E-04
  0.0000000000000E+00
  0.0000000000000E+00
  0.0000000000000E+00
  0.0000000000000E+00
  0.5117493458568E-04
  0.5331198455007E-04
  0.3708858276135E-04
  0.3282696585231E-04
  0.2107048531314E-04
  0.0000000000000E+00
  0.0000000000000E+00
  0.0000000000000E+00
  0.4005536675096E-04
  0.5447771468490E-04
  0.5600566410427E-04
  0.5679454954652E-04
  0.5898716077388E-04
  0.5893428915625E-04
  0.3444236587612E-04
  0.0000000000000E+00
  0.3292389787080E-04
  0.3574751345353E-04
  0.4565641700153E-04
  0.5234744593936E-04
  0.4854531936347E-04
  0.5595662932920E-04
  0.5659488869953E-04
  0.5896588847807E-04
  0.5491704230490E-04
  0.5259877683871E-04
  0.5013482493863E-04
  0.4902853325079E-04
  0.4714671722579E-04
  0.4728502581836E-04
  0.4656912987753E-04
  0.3327105090566E-04
  0.0000000000000E+00
  0.0000000000000E+00
  0.0000000000000E+00
  0.0000000000000E+00
  0.5782613407397E-04
  0.5615269134706E-04
  0.4254725707613E-04
  0.3643042189594E-04
  0.2301111600093E-04
  0.0000000000000E+00
  0.0000000000000E+00
  0.0000000000000E+00
  0.4133266309430E-04
  0.4936781449548E-04
  0.4946755613373E-04
  0.4953333243859E-04
  0.4970914828645E-04
  0.5027647675660E-04
  0.0000000000000E+00
  0.0000000000000E+00
  0.3746961109442E-04
  0.3761338153563E-04
  0.3810378146904E-04
  0.5073414781781E-04
  0.4910885909968E-04
  0.5430240688161E-04
  0.5486013331977E-04
  0.5504014550802E-04
  0.5175950935763E-04
  0.5079383037471E-04
  0.4994534394319E-04
  0.4756592555041E-04
  0.4637795636646E-04
  0.4687585436023E-04
  0.4533181976290E-04
  0.3231356347751E-04
  0.0000000000000E+00
  0.0000000000000E+00
  0.0000000000000E+00
  0.4947689258349E-04
  0.6709748521513E-04
  0.5500906753635E-04
  0.4567673245022E-04
  0.4178604294245E-04
  0.2414528206683E-04
  0.0000000000000E+00
  0.0000000000000E+00
  0.0000000000000E+00
  0.4624696775951E-04
  0.4359119852805E-04
  0.4439698397076E-04
  0.4660901880509E-04
  0.4685914292675E-04
  0.4498624704174E-04
  0.0000000000000E+00
  0.0000000000000E+00
  0.4219471560408E-04
  0.4037618115697E-04
  0.4225084451276E-04
  0.5307903488494E-04
  0.5279800357795E-04
  0.5585478862710E-04
  0.5537035286557E-04
  0.5361328596090E-04
  0.5253708805485E-04
  0.5260957188368E-04
  0.5191925596618E-04
  0.5031653489981E-04
  0.4800785511077E-04
  0.4885742826332E-04
  0.4924446958814E-04
  0.3880312511428E-04
  0.0000000000000E+00
  0.0000000000000E+00
  0.0000000000000E+00
  0.6385964475375E-04
  0.6702335017998E-04
  0.5511069864052E-04
  0.4752165881295E-04
  0.4792819888661E-04
  0.2570273739560E-04
  0.0000000000000E+00
  0.0000000000000E+00
  0.0000000000000E+00
  0.4692564603546E-04
  0.3768422143702E-04
  0.4499014640235E-04
  0.4667850976645E-04
  0.4525494311097E-04
  0.3995806231987E-04
  0.0000000000000E+00
  0.3199798262981E-04
  0.4555017985714E-04
  0.4551143590751E-04
  0.5060721492066E-04
  0.5931058514550E-04
  0.5844708191321E-04
  0.5825627383894E-04
  0.5714864684099E-04
  0.5417016189033E-04
  0.5597586453256E-04
  0.5584482714483E-04
  0.5612823197685E-04
  0.5600223196016E-04
  0.5376691325193E-04
  0.5387510372962E-04
  0.5642692285931E-04
  0.4659986746797E-04
  0.0000000000000E+00
  0.0000000000000E+00
  0.3841273361468E-04
  0.6203830171912E-04
  0.5915841439386E-04
  0.5176831049789E-04
  0.4462677529031E-04
  0.4330311175392E-04
  0.2606217865952E-04
  0.0000000000000E+00
  0.0000000000000E+00
  0.0000000000000E+00
  0.4077566514190E-04
  0.3246397964777E-04
  0.4501498654021E-04
  0.4622137564580E-04
  0.4576669548383E-04
  0.3903447649301E-04
  0.0000000000000E+00
  0.4399039206251E-04
  0.5226571480698E-04
  0.5413327993977E-04
  0.5873559564332E-04
  0.6213570173597E-04
  0.6400046055918E-04
  0.5891937035261E-04
  0.5786820250050E-04
  0.5477246084621E-04
  0.5744823211709E-04
  0.5673130294349E-04
  0.5874179175570E-04
  0.6002162204928E-04
  0.5693960426576E-04
  0.5420720910807E-04
  0.5615593935727E-04
  0.4998493286718E-04
  0.0000000000000E+00
  0.0000000000000E+00
  0.4696333103858E-04
  0.5377723293698E-04
  0.5175436438882E-04
  0.4568746414506E-04
  0.3155501078182E-04
  0.0000000000000E+00
  0.0000000000000E+00
  0.0000000000000E+00
  0.0000000000000E+00
  0.0000000000000E+00
  0.0000000000000E+00
  0.3245901856549E-04
  0.4263945125647E-04
  0.4256034125789E-04
  0.4877455653679E-04
  0.3836704236480E-04
  0.0000000000000E+00
  0.4872240188277E-04
  0.5517731499936E-04
  0.6031219878187E-04
  0.6297811447008E-04
  0.6003705030247E-04
  0.6204271142389E-04
  0.5857754337608E-04
  0.5535328178321E-04
  0.5314711572541E-04
  0.5483475559182E-04
  0.5344174337484E-04
  0.5790928809111E-04
  0.5975532684106E-04
  0.5633279886063E-04
  0.4737075471818E-04
  0.4919215995815E-04
  0.4913401704994E-04
  0.0000000000000E+00
  0.2775933328897E-04
  0.4786462421791E-04
  0.4632148876075E-04
  0.4456009954369E-04
  0.4064392703850E-04
  0.2304396883884E-04
  0.0000000000000E+00
  0.0000000000000E+00
  0.0000000000000E+00
  0.0000000000000E+00
  0.0000000000000E+00
  0.0000000000000E+00
  0.3985702095469E-04
  0.3743223842007E-04
  0.3527518144909E-04
  0.4973510383427E-04
  0.3617752574171E-04
  0.0000000000000E+00
  0.4929743923370E-04
  0.5788137606020E-04
  0.6172840840516E-04
  0.6111488481274E-04
  0.5551877554260E-04
  0.5443728754172E-04
  0.5146865416854E-04
  0.5088265278921E-04
  0.5034314833931E-04
  0.4824965281618E-04
  0.4942376561354E-04
  0.5273476305616E-04
  0.5348259191878E-04
  0.4981633692856E-04
  0.3208132008558E-04
  0.3034715622287E-04
  0.0000000000000E+00
  0.4173038363456E-04
  0.3559503548581E-04
  0.4191509229362E-04
  0.4061615710256E-04
  0.3820965360317E-04
  0.3628391957330E-04
  0.2014117057675E-04
  0.0000000000000E+00
  0.0000000000000E+00
  0.0000000000000E+00
  0.0000000000000E+00
  0.0000000000000E+00
  0.0000000000000E+00
  0.4620124774462E-04
  0.3331280026416E-04
  0.2552003907503E-04
  0.4663731383333E-04
  0.3211753246034E-04
  0.0000000000000E+00
  0.5033417535810E-04
  0.6368651754300E-04
  0.5955996263513E-04
  0.5573006246239E-04
  0.5115001084183E-04
  0.4733054169070E-04
  0.4579608211665E-04
  0.4583008113024E-04
  0.4672849018022E-04
  0.4239811772939E-04
  0.4580141803036E-04
  0.4508691139915E-04
  0.4344280764558E-04
  0.3757489895541E-04
  0.1479554200036E-04
  0.0000000000000E+00
  0.3441696723807E-04
  0.4160884667199E-04
  0.3884764587038E-04
  0.3990209641441E-04
  0.3691064893088E-04
  0.3457344555132E-04
  0.3192077800064E-04
  0.1762908325997E-04
  0.0000000000000E+00
  0.0000000000000E+00
  0.0000000000000E+00
  0.0000000000000E+00
  0.0000000000000E+00
  0.0000000000000E+00
  0.5866237876075E-04
  0.2882199294883E-04
  0.0000000000000E+00
  0.4410224241918E-04
  0.2441110764930E-04
  0.0000000000000E+00
  0.4281106939231E-04
  0.6589705536052E-04
  0.5414895587786E-04
  0.5005065883977E-04
  0.4645923015388E-04
  0.4182822349463E-04
  0.4079265763624E-04
  0.4119832172633E-04
  0.4317482010233E-04
  0.4208582691303E-04
  0.4204102068148E-04
  0.3855003008231E-04
  0.3498541142829E-04
  0.2448246375871E-04
  0.0000000000000E+00
  0.2417540302751E-04
  0.3841530399370E-04
  0.4014781029483E-04
  0.3907003593158E-04
  0.3707313712032E-04
  0.3405013801959E-04
  0.3103203835569E-04
  0.2845368411191E-04
  0.1480642631917E-04
  0.0000000000000E+00
  0.0000000000000E+00
  0.0000000000000E+00
  0.0000000000000E+00
  0.0000000000000E+00
  0.0000000000000E+00
  0.5155591724046E-04
  0.2340167319829E-04
  0.0000000000000E+00
  0.0000000000000E+00
  0.0000000000000E+00
  0.0000000000000E+00
  0.0000000000000E+00
  0.5938192802423E-04
  0.4701069451887E-04
  0.4554955188767E-04
  0.4493676528177E-04
  0.4034903428302E-04
  0.4086748104398E-04
  0.3877052255626E-04
  0.3961733915536E-04
  0.4068472261234E-04
  0.4040228549127E-04
  0.3630235931619E-04
  0.3190312765407E-04
  0.1688355763508E-04
  0.0000000000000E+00
  0.3042737270397E-04
  0.3567552535999E-04
  0.3358782982094E-04
  0.3832099514303E-04
  0.3475939141958E-04
  0.3204345146048E-04
  0.2954452305525E-04
  0.2743791645986E-04
  0.1252351814798E-04
  0.0000000000000E+00
  0.0000000000000E+00
  0.0000000000000E+00
  0.0000000000000E+00
  0.0000000000000E+00
  0.0000000000000E+00
  0.2622758535172E-04
  0.2248294683126E-04
  0.0000000000000E+00
  0.0000000000000E+00
  0.0000000000000E+00
  0.0000000000000E+00
  0.0000000000000E+00
  0.4077158553687E-04
  0.3983749320036E-04
  0.4188831303292E-04
  0.4330695817826E-04
  0.3749787248899E-04
  0.3668529993203E-04
  0.3447932104158E-04
  0.3366827721830E-04
  0.3454319252717E-04
  0.3649548678192E-04
  0.3445149788162E-04
  0.2855068842297E-04
  0.9905553012404E-05
  0.0000000000000E+00
  0.2673961273888E-04
  0.2510239556585E-04
  0.2838283012863E-04
  0.3439477531523E-04
  0.3236690701088E-04
  0.2954514727315E-04
  0.2743331031437E-04
  0.2626657847098E-04
  0.1280408340833E-04
  0.0000000000000E+00
  0.0000000000000E+00
  0.0000000000000E+00
  0.0000000000000E+00
  0.0000000000000E+00
  0.0000000000000E+00
  0.0000000000000E+00
  0.0000000000000E+00
  0.0000000000000E+00
  0.0000000000000E+00
  0.0000000000000E+00
  0.0000000000000E+00
  0.0000000000000E+00
  0.2687068807386E-04
  0.3890557277027E-04
  0.5040963046763E-04
  0.5144115098602E-04
  0.4570422344261E-04
  0.4010923162547E-04
  0.3567963906393E-04
  0.3348180695067E-04
  0.3161090500474E-04
  0.3195760212942E-04
  0.3347232598977E-04
  0.2632132862079E-04
  0.9328505116587E-05
  0.0000000000000E+00
  0.0000000000000E+00
  0.0000000000000E+00
  0.2868746473932E-04
  0.3690484558898E-04
  0.3442465545802E-04
  0.2886354514993E-04
  0.2545997499246E-04
  0.2471351399647E-04
  0.1860394181109E-04
  0.0000000000000E+00
  0.0000000000000E+00
  0.1754380029792E-04
  0.1118837818849E-04
  0.0000000000000E+00
  0.0000000000000E+00
  0.0000000000000E+00
  0.0000000000000E+00
  0.0000000000000E+00
  0.0000000000000E+00
  0.0000000000000E+00
  0.0000000000000E+00
  0.0000000000000E+00
  0.0000000000000E+00
  0.3516718659752E-04
  0.4812668754576E-04
  0.5236320088049E-04
  0.5030529118163E-04
  0.4563162743583E-04
  0.4025387637363E-04
  0.3713619976188E-04
  0.3439181069962E-04
  0.3294965896909E-04
  0.3305533762758E-04
  0.2191124995389E-04
  0.0000000000000E+00
  0.0000000000000E+00
  0.0000000000000E+00
  0.0000000000000E+00
  0.2551573947547E-04
  0.3981346814014E-04
  0.4019447388302E-04
  0.3550415953998E-04
  0.2929490001740E-04
  0.2460221126997E-04
  0.2118408293652E-04
  0.5887806865865E-05
  0.1584768913836E-04
  0.1764831494691E-04
  0.9822393311872E-05
  0.3360985956556E-05
  0.0000000000000E+00
  0.0000000000000E+00
  0.0000000000000E+00
  0.0000000000000E+00
  0.0000000000000E+00
  0.0000000000000E+00
  0.0000000000000E+00
  0.0000000000000E+00
  0.0000000000000E+00
  0.2854200674256E-04
  0.4058464405102E-04
  0.4733214548262E-04
  0.4660501249659E-04
  0.4528198105732E-04
  0.4187813054330E-04
  0.3979821702133E-04
  0.3697614535202E-04
  0.3467900784057E-04
  0.3211113239940E-04
  0.1911122991875E-04
  0.0000000000000E+00
  0.0000000000000E+00
  0.0000000000000E+00
  0.0000000000000E+00
  0.1878517972058E-04
  0.3011929083203E-04
  0.4030183485527E-04
  0.3980056350033E-04
  0.3359716156470E-04
  0.2650856934418E-04
  0.2220265612336E-04
  0.0000000000000E+00
  0.1737928734744E-04
  0.1515789635615E-04
  0.0000000000000E+00
  0.0000000000000E+00
  0.0000000000000E+00
  0.0000000000000E+00
  0.0000000000000E+00
  0.0000000000000E+00
  0.0000000000000E+00
  0.0000000000000E+00
  0.0000000000000E+00
  0.0000000000000E+00
  0.0000000000000E+00
  0.2269187685035E-04
  0.3856096781764E-04
  0.3936301272670E-04
  0.3840164497193E-04
  0.3937840322531E-04
  0.3883749339077E-04
  0.3916218621140E-04
  0.3716271782990E-04
  0.3591023593269E-04
  0.3188628938033E-04
  0.2128865555876E-04
  0.0000000000000E+00
  0.0000000000000E+00
  0.0000000000000E+00
  0.0000000000000E+00
  0.0000000000000E+00
  0.1928040817779E-04
  0.2762556630904E-04
  0.3292654285786E-04
  0.3491003367871E-04
  0.3022421107564E-04
  0.2432222486018E-04
  0.1557545334335E-04
  0.0000000000000E+00
  0.0000000000000E+00
  0.0000000000000E+00
  0.0000000000000E+00
  0.0000000000000E+00
  0.0000000000000E+00
  0.0000000000000E+00
  0.0000000000000E+00
  0.0000000000000E+00
  0.0000000000000E+00
  0.0000000000000E+00
  0.0000000000000E+00
  0.0000000000000E+00
  0.0000000000000E+00
  0.2737144153178E-04
  0.3076410601497E-04
  0.3330049726611E-04
  0.3449892548483E-04
  0.3497306962859E-04
  0.3608136378550E-04
  0.3570669113903E-04
  0.3587550133228E-04
  0.3255581347849E-04
  0.2372934208012E-04
  0.0000000000000E+00
  0.0000000000000E+00
  0.0000000000000E+00
  0.0000000000000E+00
  0.0000000000000E+00
  0.0000000000000E+00
  0.2328025744996E-04
  0.2670121825623E-04
  0.3248670934583E-04
  0.3249683015921E-04
  0.2832341016971E-04
  0.1876757023319E-04
  0.0000000000000E+00
  0.0000000000000E+00
  0.0000000000000E+00
  0.0000000000000E+00
  0.0000000000000E+00
  0.0000000000000E+00
  0.0000000000000E+00
  0.0000000000000E+00
  0.0000000000000E+00
  0.0000000000000E+00
  0.0000000000000E+00
  0.0000000000000E+00
  0.0000000000000E+00
  0.0000000000000E+00
  0.2027888057452E-04
  0.2181337793595E-04
  0.2560062323923E-04
  0.2736412880747E-04
  0.2848427639501E-04
  0.2989396897699E-04
  0.3211384100757E-04
  0.3363154252884E-04
  0.2851126366549E-04
  0.0000000000000E+00
  0.0000000000000E+00
  0.0000000000000E+00
  0.0000000000000E+00
  0.0000000000000E+00
  0.0000000000000E+00
  0.0000000000000E+00
  0.2176216246590E-04
  0.2600001005563E-04
  0.3051604649920E-04
  0.3253684356066E-04
  0.3014395498859E-04
  0.0000000000000E+00
  0.0000000000000E+00
  0.0000000000000E+00
  0.0000000000000E+00
  0.0000000000000E+00
  0.0000000000000E+00
  0.0000000000000E+00
  0.0000000000000E+00
  0.0000000000000E+00
  0.0000000000000E+00
  0.0000000000000E+00
  0.0000000000000E+00
  0.0000000000000E+00
  0.0000000000000E+00
  0.0000000000000E+00
  0.0000000000000E+00
  0.0000000000000E+00
  0.1915762272650E-04
  0.2443146095026E-04
  0.2247771264663E-04
  0.1921860054357E-04
  0.2220827347748E-04
  0.2614341938274E-04
  0.0000000000000E+00
  0.0000000000000E+00
  0.0000000000000E+00
  0.0000000000000E+00
  0.0000000000000E+00
  0.0000000000000E+00
  0.0000000000000E+00
  0.0000000000000E+00
  0.1397978440967E-04
  0.2452952245239E-04
  0.2770663572974E-04
  0.3022327653927E-04
  0.2909732928381E-04
  0.1759033094031E-04
  0.0000000000000E+00
  0.0000000000000E+00
  0.0000000000000E+00
  0.0000000000000E+00
  0.0000000000000E+00
  0.0000000000000E+00
  0.0000000000000E+00
  0.0000000000000E+00
  0.0000000000000E+00
  0.0000000000000E+00
  0.0000000000000E+00
  0.0000000000000E+00
  0.0000000000000E+00
  0.0000000000000E+00
  0.0000000000000E+00
  0.0000000000000E+00
  0.0000000000000E+00
  0.0000000000000E+00
  0.0000000000000E+00
  0.6123850098853E-05
  0.0000000000000E+00
  0.0000000000000E+00
  0.0000000000000E+00
  0.0000000000000E+00
  0.0000000000000E+00
  0.0000000000000E+00
  0.0000000000000E+00
  0.0000000000000E+00
  0.0000000000000E+00
  0.1370888988555E-05
  0.2797466388579E-05
  0.0000000000000E+00
  0.0000000000000E+00
  0.9095878526464E-05
  0.1033481166721E-04
  0.8164580479287E-05
  0.5196930687614E-05
  0.2784081233349E-05
  0.0000000000000E+00
  0.0000000000000E+00
  0.0000000000000E+00
  0.0000000000000E+00
  0.0000000000000E+00
  0.0000000000000E+00
  0.0000000000000E+00
  0.0000000000000E+00
 -0.6751438999976E-06
 -0.6625878614678E-06
 -0.6409654300202E-06
 -0.6089334922354E-06
 -0.5621967975931E-06
 -0.4993151761481E-06
 -0.4186285358781E-06
 -0.3416603682121E-06
 -0.2830896060861E-06
 -0.2061110557694E-06
 -0.1630809285964E-06
 -0.1768401492796E-06
 -0.2817107421572E-06
 -0.4223296669869E-06
 -0.5438644915272E-06
 -0.6296336740813E-06
 -0.6810948879513E-06
 -0.6868905757403E-06
 -0.6471549082851E-06
 -0.6053318793448E-06
  0.0000000000000E+00
  0.0000000000000E+00
  0.0000000000000E+00
  0.0000000000000E+00
  0.2536551160770E-06
  0.2293081063754E-06
  0.3919329557159E-07
 -0.1967530154487E-06
 -0.4064472218321E-06
 -0.5496626140220E-06
 -0.6394548358008E-06
 -0.6906509679534E-06
 -0.7139332902331E-06
 -0.7103694427624E-06
 -0.6954978478856E-06
 -0.6827023218316E-06
  0.0000000000000E+00
  0.0000000000000E+00
  0.0000000000000E+00
  0.0000000000000E+00
  0.0000000000000E+00
  0.0000000000000E+00
  0.0000000000000E+00
  0.0000000000000E+00
  0.0000000000000E+00
  0.0000000000000E+00
  0.0000000000000E+00
  0.0000000000000E+00
  0.0000000000000E+00
  0.0000000000000E+00
  0.0000000000000E+00
  0.0000000000000E+00
  0.0000000000000E+00
  0.0000000000000E+00
  0.0000000000000E+00
  0.0000000000000E+00
  0.0000000000000E+00
  0.0000000000000E+00
  0.0000000000000E+00
  0.0000000000000E+00
  0.0000000000000E+00
  0.0000000000000E+00
  0.0000000000000E+00
  0.0000000000000E+00
  0.0000000000000E+00
  0.0000000000000E+00
  0.0000000000000E+00
  0.0000000000000E+00
  0.0000000000000E+00
  0.0000000000000E+00
  0.0000000000000E+00
  0.0000000000000E+00
  0.0000000000000E+00
  0.2981299787121E-05
  0.3145917500710E-05
  0.3284846312546E-05
  0.3397208324363E-05
  0.3475932836614E-05
  0.3516105296865E-05
  0.3524328052871E-05
  0.3508693813540E-05
  0.3478245775927E-05
  0.3441104272585E-05
  0.3406959375559E-05
  0.3380508750973E-05
  0.3367315385353E-05
  0.3366383064779E-05
  0.3372591682380E-05
  0.3378622368189E-05
  0.3371952114756E-05
  0.3335151550319E-05
  0.3254268872497E-05
  0.3140469508123E-05
  0.3011637822543E-05
  0.2898067473578E-05
  0.2817922404019E-05
  0.2775422103227E-05
  0.2769059461257E-05
  0.2787509788508E-05
  0.2819103365850E-05
  0.2852663301657E-05
  0.2884728856944E-05
  0.2913082206561E-05
  0.2931306354820E-05
  0.2930209393665E-05
  0.2897615111524E-05
  0.2832365167870E-05
  0.0000000000000E+00
  0.1526089125908E-04
  0.0000000000000E+00
  0.0000000000000E+00
  0.0000000000000E+00
  0.0000000000000E+00
  0.0000000000000E+00
  0.0000000000000E+00
  0.0000000000000E+00
  0.0000000000000E+00
  0.0000000000000E+00
  0.0000000000000E+00
  0.0000000000000E+00
  0.0000000000000E+00
  0.0000000000000E+00
  0.0000000000000E+00
  0.0000000000000E+00
  0.0000000000000E+00
  0.0000000000000E+00
  0.0000000000000E+00
  0.0000000000000E+00
  0.0000000000000E+00
  0.0000000000000E+00
  0.0000000000000E+00
  0.0000000000000E+00
  0.0000000000000E+00
  0.0000000000000E+00
  0.0000000000000E+00
  0.0000000000000E+00
  0.0000000000000E+00
  0.0000000000000E+00
  0.0000000000000E+00
  0.0000000000000E+00
  0.0000000000000E+00
  0.0000000000000E+00
  0.0000000000000E+00
  0.1485306144691E-04
  0.0000000000000E+00
  0.0000000000000E+00
  0.0000000000000E+00
  0.0000000000000E+00
  0.0000000000000E+00
  0.0000000000000E+00
  0.0000000000000E+00
  0.0000000000000E+00
  0.0000000000000E+00
  0.0000000000000E+00
  0.0000000000000E+00
  0.0000000000000E+00
  0.0000000000000E+00
  0.0000000000000E+00
  0.0000000000000E+00
  0.0000000000000E+00
  0.0000000000000E+00
  0.0000000000000E+00
  0.0000000000000E+00
  0.0000000000000E+00
  0.0000000000000E+00
  0.0000000000000E+00
  0.0000000000000E+00
  0.0000000000000E+00
  0.0000000000000E+00
  0.0000000000000E+00
  0.0000000000000E+00
  0.0000000000000E+00
  0.0000000000000E+00
  0.0000000000000E+00
  0.0000000000000E+00
  0.0000000000000E+00
  0.0000000000000E+00
  0.0000000000000E+00
  0.0000000000000E+00
  0.0000000000000E+00
  0.0000000000000E+00
  0.0000000000000E+00
  0.0000000000000E+00
  0.0000000000000E+00
  0.0000000000000E+00
  0.0000000000000E+00
  0.0000000000000E+00
  0.0000000000000E+00
  0.0000000000000E+00
  0.0000000000000E+00
  0.0000000000000E+00
  0.0000000000000E+00
  0.0000000000000E+00
  0.0000000000000E+00
  0.0000000000000E+00
  0.0000000000000E+00
  0.0000000000000E+00
  0.0000000000000E+00
  0.1662833556633E-04
  0.0000000000000E+00
  0.0000000000000E+00
  0.0000000000000E+00
  0.0000000000000E+00
  0.0000000000000E+00
  0.0000000000000E+00
  0.0000000000000E+00
  0.0000000000000E+00
  0.0000000000000E+00
  0.0000000000000E+00
  0.0000000000000E+00
  0.0000000000000E+00
  0.0000000000000E+00
  0.0000000000000E+00
  0.0000000000000E+00
  0.0000000000000E+00
  0.0000000000000E+00
  0.0000000000000E+00
  0.0000000000000E+00
  0.0000000000000E+00
  0.0000000000000E+00
  0.0000000000000E+00
  0.0000000000000E+00
  0.0000000000000E+00
  0.0000000000000E+00
  0.0000000000000E+00
  0.0000000000000E+00
  0.0000000000000E+00
  0.0000000000000E+00
  0.0000000000000E+00
  0.0000000000000E+00
  0.0000000000000E+00
  0.0000000000000E+00
  0.0000000000000E+00
  0.0000000000000E+00
  0.1210704651027E-04
  0.0000000000000E+00
  0.0000000000000E+00
  0.0000000000000E+00
  0.0000000000000E+00
  0.0000000000000E+00
  0.0000000000000E+00
  0.0000000000000E+00
  0.0000000000000E+00
  0.0000000000000E+00
  0.0000000000000E+00
  0.0000000000000E+00
  0.0000000000000E+00
  0.0000000000000E+00
  0.0000000000000E+00
  0.0000000000000E+00
  0.0000000000000E+00
  0.0000000000000E+00
  0.0000000000000E+00
  0.0000000000000E+00
  0.0000000000000E+00
  0.0000000000000E+00
  0.9587726098634E-05
  0.0000000000000E+00
  0.0000000000000E+00
  0.0000000000000E+00
  0.0000000000000E+00
  0.0000000000000E+00
  0.0000000000000E+00
  0.0000000000000E+00
  0.0000000000000E+00
  0.0000000000000E+00
  0.0000000000000E+00
  0.0000000000000E+00
  0.0000000000000E+00
  0.0000000000000E+00
  0.8523747415694E-05
  0.0000000000000E+00
  0.0000000000000E+00
  0.0000000000000E+00
  0.0000000000000E+00
  0.0000000000000E+00
  0.0000000000000E+00
  0.0000000000000E+00
  0.0000000000000E+00
  0.0000000000000E+00
  0.0000000000000E+00
  0.0000000000000E+00
  0.0000000000000E+00
  0.0000000000000E+00
  0.0000000000000E+00
  0.0000000000000E+00
  0.0000000000000E+00
  0.0000000000000E+00
  0.0000000000000E+00
  0.0000000000000E+00
  0.0000000000000E+00
  0.9421731940803E-05
  0.0000000000000E+00
  0.0000000000000E+00
  0.0000000000000E+00
  0.0000000000000E+00
  0.0000000000000E+00
  0.0000000000000E+00
  0.0000000000000E+00
  0.0000000000000E+00
  0.0000000000000E+00
  0.0000000000000E+00
  0.0000000000000E+00
  0.0000000000000E+00
  0.0000000000000E+00
  0.0000000000000E+00
  0.6867207058350E-05
  0.0000000000000E+00
  0.0000000000000E+00
  0.0000000000000E+00
  0.0000000000000E+00
  0.0000000000000E+00
  0.0000000000000E+00
  0.0000000000000E+00
  0.0000000000000E+00
  0.0000000000000E+00
  0.0000000000000E+00
  0.0000000000000E+00
  0.0000000000000E+00
  0.0000000000000E+00
  0.0000000000000E+00
  0.0000000000000E+00
  0.0000000000000E+00
  0.0000000000000E+00
  0.0000000000000E+00
  0.0000000000000E+00
  0.0000000000000E+00
  0.0000000000000E+00
  0.0000000000000E+00
  0.4593868127555E-05
  0.0000000000000E+00
  0.0000000000000E+00
  0.0000000000000E+00
  0.0000000000000E+00
  0.0000000000000E+00
  0.0000000000000E+00
  0.0000000000000E+00
  0.0000000000000E+00
  0.0000000000000E+00
  0.0000000000000E+00
  0.0000000000000E+00
  0.0000000000000E+00
  0.2418585093312E-05
  0.0000000000000E+00
  0.0000000000000E+00
  0.8360468651455E-05
  0.0000000000000E+00
  0.0000000000000E+00
  0.0000000000000E+00
  0.0000000000000E+00
  0.0000000000000E+00
  0.1346925893157E-04
  0.0000000000000E+00
  0.0000000000000E+00
  0.0000000000000E+00
  0.0000000000000E+00
  0.0000000000000E+00
  0.0000000000000E+00
  0.0000000000000E+00
  0.0000000000000E+00
  0.0000000000000E+00
  0.7852906819422E-05
  0.0000000000000E+00
  0.0000000000000E+00
  0.0000000000000E+00
  0.6226576069058E-05
  0.0000000000000E+00
  0.0000000000000E+00
  0.0000000000000E+00
  0.0000000000000E+00
  0.0000000000000E+00
  0.0000000000000E+00
  0.0000000000000E+00
  0.0000000000000E+00
  0.0000000000000E+00
  0.0000000000000E+00
  0.0000000000000E+00
  0.0000000000000E+00
  0.0000000000000E+00
  0.0000000000000E+00
  0.0000000000000E+00
  0.7775791278120E-05
  0.0000000000000E+00
  0.0000000000000E+00
  0.0000000000000E+00
  0.0000000000000E+00
  0.0000000000000E+00
  0.7303503384037E-05
  0.0000000000000E+00
  0.0000000000000E+00
  0.0000000000000E+00
  0.0000000000000E+00
  0.0000000000000E+00
  0.0000000000000E+00
  0.0000000000000E+00
  0.0000000000000E+00
  0.0000000000000E+00
  0.9837985489970E-05
  0.0000000000000E+00
  0.0000000000000E+00
  0.0000000000000E+00
  0.1124438245600E-04
  0.0000000000000E+00
  0.0000000000000E+00
  0.0000000000000E+00
  0.0000000000000E+00
  0.0000000000000E+00
  0.0000000000000E+00
  0.0000000000000E+00
  0.0000000000000E+00
  0.0000000000000E+00
  0.0000000000000E+00
  0.0000000000000E+00
  0.0000000000000E+00
  0.0000000000000E+00
  0.0000000000000E+00
  0.0000000000000E+00
  0.6587091110472E-05
  0.0000000000000E+00
  0.0000000000000E+00
  0.0000000000000E+00
  0.0000000000000E+00
  0.0000000000000E+00
  0.4720422809251E-05
  0.0000000000000E+00
  0.0000000000000E+00
  0.0000000000000E+00
  0.0000000000000E+00
  0.0000000000000E+00
  0.0000000000000E+00
  0.0000000000000E+00
  0.0000000000000E+00
  0.0000000000000E+00
  0.3666460426942E-05
  0.0000000000000E+00
  0.0000000000000E+00
  0.0000000000000E+00
  0.3066985411882E-04
  0.0000000000000E+00
  0.0000000000000E+00
  0.0000000000000E+00
  0.0000000000000E+00
  0.0000000000000E+00
  0.0000000000000E+00
  0.0000000000000E+00
  0.0000000000000E+00
  0.0000000000000E+00
  0.0000000000000E+00
  0.0000000000000E+00
  0.0000000000000E+00
  0.0000000000000E+00
  0.0000000000000E+00
  0.0000000000000E+00
  0.0000000000000E+00
  0.1619324879879E-04
  0.0000000000000E+00
  0.0000000000000E+00
  0.0000000000000E+00
  0.5113393462315E-05
  0.0000000000000E+00
  0.0000000000000E+00
  0.0000000000000E+00
  0.0000000000000E+00
  0.0000000000000E+00
  0.0000000000000E+00
  0.0000000000000E+00
  0.0000000000000E+00
  0.0000000000000E+00
  0.0000000000000E+00
  0.0000000000000E+00
  0.0000000000000E+00
  0.0000000000000E+00
  0.1332783587887E-04
  0.0000000000000E+00
  0.0000000000000E+00
  0.0000000000000E+00
  0.0000000000000E+00
  0.0000000000000E+00
  0.0000000000000E+00
  0.0000000000000E+00
  0.0000000000000E+00
  0.0000000000000E+00
  0.0000000000000E+00
  0.0000000000000E+00
  0.0000000000000E+00
  0.0000000000000E+00
  0.0000000000000E+00
  0.0000000000000E+00
  0.0000000000000E+00
  0.0000000000000E+00
  0.8629374298939E-05
  0.0000000000000E+00
  0.0000000000000E+00
  0.0000000000000E+00
  0.4908160323828E-05
  0.0000000000000E+00
  0.0000000000000E+00
  0.0000000000000E+00
  0.1412416364790E-04
  0.0000000000000E+00
  0.0000000000000E+00
  0.0000000000000E+00
  0.0000000000000E+00
  0.0000000000000E+00
  0.0000000000000E+00
  0.1266759917500E-04
  0.0000000000000E+00
  0.0000000000000E+00
  0.1137533811765E-04
  0.0000000000000E+00
  0.0000000000000E+00
  0.0000000000000E+00
  0.0000000000000E+00
  0.0000000000000E+00
  0.0000000000000E+00
  0.0000000000000E+00
  0.0000000000000E+00
  0.0000000000000E+00
  0.0000000000000E+00
  0.0000000000000E+00
  0.0000000000000E+00
  0.0000000000000E+00
  0.0000000000000E+00
  0.0000000000000E+00
  0.0000000000000E+00
  0.0000000000000E+00
  0.2039226695283E-04
  0.0000000000000E+00
  0.0000000000000E+00
  0.0000000000000E+00
  0.0000000000000E+00
  0.0000000000000E+00
  0.0000000000000E+00
  0.0000000000000E+00
  0.1664210349181E-04
  0.0000000000000E+00
  0.0000000000000E+00
  0.0000000000000E+00
  0.0000000000000E+00
  0.0000000000000E+00
  0.0000000000000E+00
  0.0000000000000E+00
  0.0000000000000E+00
  0.0000000000000E+00
  0.0000000000000E+00
  0.0000000000000E+00
  0.0000000000000E+00
  0.0000000000000E+00
  0.0000000000000E+00
  0.0000000000000E+00
  0.0000000000000E+00
  0.0000000000000E+00
  0.0000000000000E+00
  0.0000000000000E+00
  0.0000000000000E+00
  0.0000000000000E+00
  0.0000000000000E+00
  0.0000000000000E+00
  0.0000000000000E+00
  0.0000000000000E+00
  0.0000000000000E+00
  0.0000000000000E+00
  0.1814339578972E-04
  0.0000000000000E+00
  0.0000000000000E+00
  0.0000000000000E+00
  0.0000000000000E+00
  0.0000000000000E+00
  0.0000000000000E+00
  0.0000000000000E+00
  0.1485516217941E-04
  0.0000000000000E+00
  0.0000000000000E+00
  0.0000000000000E+00
  0.0000000000000E+00
  0.0000000000000E+00
  0.1757784862975E-04
  0.0000000000000E+00
  0.0000000000000E+00
  0.1417262203213E-04
  0.0000000000000E+00
  0.0000000000000E+00
  0.0000000000000E+00
  0.0000000000000E+00
  0.0000000000000E+00
  0.0000000000000E+00
  0.0000000000000E+00
  0.0000000000000E+00
  0.0000000000000E+00
  0.0000000000000E+00
  0.0000000000000E+00
  0.0000000000000E+00
  0.0000000000000E+00
  0.0000000000000E+00
  0.0000000000000E+00
  0.0000000000000E+00
  0.0000000000000E+00
  0.0000000000000E+00
  0.1597559227056E-04
  0.0000000000000E+00
  0.0000000000000E+00
  0.0000000000000E+00
  0.0000000000000E+00
  0.0000000000000E+00
  0.0000000000000E+00
  0.0000000000000E+00
  0.1346464201271E-04
  0.0000000000000E+00
  0.0000000000000E+00
  0.0000000000000E+00
  0.0000000000000E+00
  0.0000000000000E+00
  0.0000000000000E+00
  0.0000000000000E+00
  0.1663462817951E-04
  0.0000000000000E+00
  0.0000000000000E+00
  0.0000000000000E+00
  0.0000000000000E+00
  0.0000000000000E+00
  0.0000000000000E+00
  0.0000000000000E+00
  0.0000000000000E+00
  0.0000000000000E+00
  0.0000000000000E+00
  0.0000000000000E+00
  0.0000000000000E+00
  0.0000000000000E+00
  0.0000000000000E+00
  0.0000000000000E+00
  0.0000000000000E+00
  0.0000000000000E+00
  0.0000000000000E+00
  0.0000000000000E+00
  0.3107145306439E-04
  0.0000000000000E+00
  0.0000000000000E+00
  0.0000000000000E+00
  0.0000000000000E+00
  0.0000000000000E+00
  0.0000000000000E+00
  0.0000000000000E+00
  0.9391576660436E-05
  0.0000000000000E+00
  0.0000000000000E+00
  0.0000000000000E+00
  0.0000000000000E+00
  0.0000000000000E+00
  0.0000000000000E+00
  0.0000000000000E+00
  0.1527815408646E-04
  0.0000000000000E+00
  0.0000000000000E+00
  0.0000000000000E+00
  0.0000000000000E+00
  0.0000000000000E+00
  0.0000000000000E+00
  0.0000000000000E+00
  0.0000000000000E+00
  0.0000000000000E+00
  0.0000000000000E+00
  0.0000000000000E+00
  0.0000000000000E+00
  0.0000000000000E+00
  0.0000000000000E+00
  0.0000000000000E+00
  0.0000000000000E+00
  0.0000000000000E+00
  0.0000000000000E+00
  0.1315269628738E-04
  0.0000000000000E+00
  0.0000000000000E+00
  0.0000000000000E+00
  0.0000000000000E+00
  0.1235887297628E-05
  0.0000000000000E+00
  0.0000000000000E+00
  0.0000000000000E+00
  0.7025676926686E-05
  0.0000000000000E+00
  0.0000000000000E+00
  0.0000000000000E+00
  0.0000000000000E+00
  0.1980463286102E-04
  0.0000000000000E+00
  0.0000000000000E+00
  0.3119997028234E-04
  0.0000000000000E+00
  0.0000000000000E+00
  0.0000000000000E+00
  0.0000000000000E+00
  0.0000000000000E+00
  0.0000000000000E+00
  0.0000000000000E+00
  0.0000000000000E+00
  0.0000000000000E+00
  0.0000000000000E+00
  0.0000000000000E+00
  0.0000000000000E+00
  0.0000000000000E+00
  0.0000000000000E+00
  0.0000000000000E+00
  0.0000000000000E+00
  0.0000000000000E+00
  0.0000000000000E+00
  0.3434634878171E-04
  0.0000000000000E+00
  0.0000000000000E+00
  0.0000000000000E+00
  0.0000000000000E+00
  0.2201352530020E-05
  0.0000000000000E+00
  0.0000000000000E+00
  0.0000000000000E+00
  0.5020250691996E-05
  0.0000000000000E+00
  0.0000000000000E+00
  0.0000000000000E+00
  0.0000000000000E+00
  0.0000000000000E+00
  0.0000000000000E+00
  0.0000000000000E+00
  0.0000000000000E+00
  0.0000000000000E+00
  0.0000000000000E+00
  0.0000000000000E+00
  0.0000000000000E+00
  0.0000000000000E+00
  0.0000000000000E+00
  0.0000000000000E+00
  0.0000000000000E+00
  0.0000000000000E+00
  0.0000000000000E+00
  0.0000000000000E+00
  0.0000000000000E+00
  0.0000000000000E+00
  0.0000000000000E+00
  0.0000000000000E+00
  0.0000000000000E+00
  0.0000000000000E+00
  0.2603005959235E-04
  0.0000000000000E+00
  0.0000000000000E+00
  0.0000000000000E+00
  0.0000000000000E+00
  0.0000000000000E+00
  0.4219585194330E-05
  0.0000000000000E+00
  0.0000000000000E+00
  0.0000000000000E+00
  0.3419581690750E-05
  0.0000000000000E+00
  0.0000000000000E+00
  0.0000000000000E+00
  0.0000000000000E+00
  0.1058796832917E-04
  0.0000000000000E+00
  0.9377368734294E-05
  0.0000000000000E+00
  0.0000000000000E+00
  0.0000000000000E+00
  0.0000000000000E+00
  0.0000000000000E+00
  0.0000000000000E+00
  0.0000000000000E+00
  0.0000000000000E+00
  0.0000000000000E+00
  0.0000000000000E+00
  0.0000000000000E+00
  0.0000000000000E+00
  0.0000000000000E+00
  0.0000000000000E+00
  0.0000000000000E+00
  0.0000000000000E+00
  0.0000000000000E+00
  0.0000000000000E+00
  0.4636057473904E-04
  0.0000000000000E+00
  0.0000000000000E+00
  0.0000000000000E+00
  0.5787564254351E-04
  0.0000000000000E+00
  0.0000000000000E+00
  0.0000000000000E+00
  0.0000000000000E+00
  0.0000000000000E+00
  0.0000000000000E+00
  0.3094520238357E-04
  0.0000000000000E+00
  0.0000000000000E+00
  0.0000000000000E+00
  0.0000000000000E+00
  0.0000000000000E+00
  0.0000000000000E+00
  0.0000000000000E+00
  0.0000000000000E+00
  0.0000000000000E+00
  0.0000000000000E+00
  0.0000000000000E+00
  0.0000000000000E+00
  0.0000000000000E+00
  0.0000000000000E+00
  0.0000000000000E+00
  0.0000000000000E+00
  0.0000000000000E+00
  0.0000000000000E+00
  0.0000000000000E+00
  0.0000000000000E+00
  0.0000000000000E+00
  0.0000000000000E+00
  0.0000000000000E+00
  0.3944544229256E-04
  0.0000000000000E+00
  0.0000000000000E+00
  0.0000000000000E+00
  0.0000000000000E+00
  0.3287165929452E-04
  0.0000000000000E+00
  0.0000000000000E+00
  0.0000000000000E+00
  0.0000000000000E+00
  0.0000000000000E+00
  0.0000000000000E+00
  0.1759279421167E-04
  0.0000000000000E+00
  0.0000000000000E+00
  0.0000000000000E+00
  0.1087680711703E-04
  0.0000000000000E+00
  0.1219160292447E-04
  0.0000000000000E+00
  0.0000000000000E+00
  0.0000000000000E+00
  0.0000000000000E+00
  0.0000000000000E+00
  0.0000000000000E+00
  0.0000000000000E+00
  0.0000000000000E+00
  0.0000000000000E+00
  0.0000000000000E+00
  0.0000000000000E+00
  0.0000000000000E+00
  0.0000000000000E+00
  0.0000000000000E+00
  0.0000000000000E+00
  0.0000000000000E+00
  0.3610788536976E-04
  0.0000000000000E+00
  0.0000000000000E+00
  0.0000000000000E+00
  0.0000000000000E+00
  0.0000000000000E+00
  0.2091107695407E-04
  0.0000000000000E+00
  0.0000000000000E+00
  0.0000000000000E+00
  0.0000000000000E+00
  0.0000000000000E+00
  0.0000000000000E+00
  0.1139414511649E-04
  0.0000000000000E+00
  0.3694155620776E-04
  0.0000000000000E+00
  0.0000000000000E+00
  0.0000000000000E+00
  0.0000000000000E+00
  0.0000000000000E+00
  0.0000000000000E+00
  0.0000000000000E+00
  0.0000000000000E+00
  0.0000000000000E+00
  0.0000000000000E+00
  0.0000000000000E+00
  0.0000000000000E+00
  0.0000000000000E+00
  0.0000000000000E+00
  0.0000000000000E+00
  0.0000000000000E+00
  0.0000000000000E+00
  0.0000000000000E+00
  0.0000000000000E+00
  0.2193703231273E-04
  0.0000000000000E+00
  0.0000000000000E+00
  0.0000000000000E+00
  0.0000000000000E+00
  0.0000000000000E+00
  0.0000000000000E+00
  0.1124119781054E-04
  0.0000000000000E+00
  0.0000000000000E+00
  0.0000000000000E+00
  0.0000000000000E+00
  0.0000000000000E+00
  0.0000000000000E+00
  0.5774351128958E-05
  0.0000000000000E+00
  0.0000000000000E+00
  0.3259306059376E-04
  0.2733123921730E-04
  0.0000000000000E+00
  0.5268742869139E-05
  0.0000000000000E+00
  0.0000000000000E+00
  0.0000000000000E+00
  0.0000000000000E+00
  0.0000000000000E+00
  0.0000000000000E+00
  0.0000000000000E+00
  0.0000000000000E+00
  0.0000000000000E+00
  0.0000000000000E+00
  0.0000000000000E+00
  0.0000000000000E+00
  0.0000000000000E+00
  0.0000000000000E+00
  0.1206871275383E-05
  0.0000000000000E+00
  0.0000000000000E+00
  0.0000000000000E+00
  0.0000000000000E+00
  0.0000000000000E+00
  0.0000000000000E+00
  0.0000000000000E+00
  0.1294063475485E-05
  0.0000000000000E+00
  0.0000000000000E+00
  0.0000000000000E+00
  0.0000000000000E+00
  0.0000000000000E+00
  0.0000000000000E+00
  0.4089008914567E-05
  0.0000000000000E+00
  0.0000000000000E+00
  0.0000000000000E+00
  0.0000000000000E+00
  0.0000000000000E+00
  0.0000000000000E+00
  0.2540220513883E-04
  0.0000000000000E+00
  0.0000000000000E+00
  0.0000000000000E+00
  0.0000000000000E+00
  0.0000000000000E+00
  0.0000000000000E+00
  0.0000000000000E+00
  0.0000000000000E+00
  0.0000000000000E+00
  0.0000000000000E+00
  0.0000000000000E+00
  0.0000000000000E+00
  0.0000000000000E+00
  0.1075691438416E-05
  0.0000000000000E+00
  0.0000000000000E+00
  0.0000000000000E+00
  0.0000000000000E+00
  0.0000000000000E+00
  0.0000000000000E+00
  0.0000000000000E+00
  0.1662473454984E-06
  0.0000000000000E+00
  0.0000000000000E+00
  0.0000000000000E+00
  0.0000000000000E+00
  0.0000000000000E+00
  0.0000000000000E+00
  0.1051371225067E-04
  0.1500140508301E-04
  0.0000000000000E+00
  0.0000000000000E+00
  0.0000000000000E+00
  0.0000000000000E+00
  0.0000000000000E+00
  0.1669832636784E-04
  0.0000000000000E+00
  0.0000000000000E+00
  0.0000000000000E+00
  0.0000000000000E+00
  0.0000000000000E+00
  0.0000000000000E+00
  0.0000000000000E+00
  0.0000000000000E+00
  0.0000000000000E+00
  0.0000000000000E+00
  0.0000000000000E+00
  0.0000000000000E+00
  0.0000000000000E+00
  0.3208600336202E-04
  0.2004565543586E-04
  0.0000000000000E+00
  0.0000000000000E+00
  0.0000000000000E+00
  0.0000000000000E+00
  0.0000000000000E+00
  0.0000000000000E+00
  0.2821438124781E-05
  0.0000000000000E+00
  0.0000000000000E+00
  0.0000000000000E+00
  0.0000000000000E+00
  0.0000000000000E+00
  0.0000000000000E+00
  0.0000000000000E+00
  0.0000000000000E+00
  0.0000000000000E+00
  0.0000000000000E+00
  0.0000000000000E+00
  0.0000000000000E+00
  0.0000000000000E+00
  0.1288682370407E-04
  0.0000000000000E+00
  0.0000000000000E+00
  0.0000000000000E+00
  0.0000000000000E+00
  0.0000000000000E+00
  0.0000000000000E+00
  0.0000000000000E+00
  0.0000000000000E+00
  0.0000000000000E+00
  0.0000000000000E+00
  0.0000000000000E+00
  0.6298430337548E-05
  0.0000000000000E+00
  0.0000000000000E+00
  0.0000000000000E+00
  0.0000000000000E+00
  0.0000000000000E+00
  0.0000000000000E+00
  0.0000000000000E+00
  0.0000000000000E+00
  0.0000000000000E+00
  0.1068968057618E-04
  0.0000000000000E+00
  0.0000000000000E+00
  0.1977608657553E-04
  0.2272801856084E-04
  0.0000000000000E+00
  0.0000000000000E+00
  0.0000000000000E+00
  0.0000000000000E+00
  0.0000000000000E+00
  0.0000000000000E+00
  0.0000000000000E+00
  0.0000000000000E+00
  0.0000000000000E+00
  0.0000000000000E+00
  0.2105253393842E-04
  0.0000000000000E+00
  0.0000000000000E+00
  0.0000000000000E+00
  0.0000000000000E+00
  0.0000000000000E+00
  0.0000000000000E+00
  0.0000000000000E+00
  0.0000000000000E+00
  0.0000000000000E+00
  0.7405129482033E-05
  0.0000000000000E+00
  0.0000000000000E+00
  0.0000000000000E+00
  0.0000000000000E+00
  0.0000000000000E+00
  0.0000000000000E+00
  0.0000000000000E+00
  0.0000000000000E+00
  0.0000000000000E+00
  0.0000000000000E+00
  0.0000000000000E+00
  0.0000000000000E+00
  0.0000000000000E+00
  0.0000000000000E+00
  0.0000000000000E+00
  0.8587477649294E-05
  0.0000000000000E+00
  0.0000000000000E+00
  0.0000000000000E+00
  0.0000000000000E+00
  0.0000000000000E+00
  0.0000000000000E+00
  0.0000000000000E+00
  0.0000000000000E+00
  0.0000000000000E+00
  0.1332343740169E-04
  0.0000000000000E+00
  0.0000000000000E+00
  0.0000000000000E+00
  0.0000000000000E+00
  0.0000000000000E+00
  0.0000000000000E+00
  0.0000000000000E+00
  0.0000000000000E+00
  0.0000000000000E+00
  0.6351629903210E-05
  0.0000000000000E+00
  0.0000000000000E+00
  0.0000000000000E+00
  0.0000000000000E+00
  0.1650883075633E-04
  0.0000000000000E+00
  0.0000000000000E+00
  0.0000000000000E+00
  0.0000000000000E+00
  0.0000000000000E+00
  0.1120532495768E-04
  0.0000000000000E+00
  0.0000000000000E+00
  0.0000000000000E+00
  0.0000000000000E+00
  0.0000000000000E+00
  0.0000000000000E+00
  0.0000000000000E+00
  0.0000000000000E+00
  0.0000000000000E+00
  0.0000000000000E+00
  0.0000000000000E+00
  0.0000000000000E+00
  0.0000000000000E+00
  0.0000000000000E+00
  0.1143195973715E-04
  0.0000000000000E+00
  0.0000000000000E+00
  0.0000000000000E+00
  0.0000000000000E+00
  0.0000000000000E+00
  0.0000000000000E+00
  0.0000000000000E+00
  0.0000000000000E+00
  0.0000000000000E+00
  0.7420801011629E-05
  0.0000000000000E+00
  0.0000000000000E+00
  0.0000000000000E+00
  0.0000000000000E+00
  0.0000000000000E+00
  0.2494148470376E-04
  0.0000000000000E+00
  0.0000000000000E+00
  0.0000000000000E+00
  0.0000000000000E+00
  0.0000000000000E+00
  0.1560278109664E-04
  0.0000000000000E+00
  0.0000000000000E+00
  0.0000000000000E+00
  0.0000000000000E+00
  0.0000000000000E+00
  0.0000000000000E+00
  0.0000000000000E+00
  0.0000000000000E+00
  0.0000000000000E+00
  0.0000000000000E+00
  0.0000000000000E+00
  0.0000000000000E+00
  0.0000000000000E+00
  0.0000000000000E+00
  0.2092873267584E-04
  0.0000000000000E+00
  0.0000000000000E+00
  0.0000000000000E+00
  0.0000000000000E+00
  0.0000000000000E+00
  0.0000000000000E+00
  0.0000000000000E+00
  0.0000000000000E+00
  0.6798202718685E-05
  0.0000000000000E+00
  0.0000000000000E+00
  0.0000000000000E+00
  0.0000000000000E+00
  0.0000000000000E+00
  0.0000000000000E+00
  0.2940718456111E-04
  0.0000000000000E+00
  0.0000000000000E+00
  0.0000000000000E+00
  0.0000000000000E+00
  0.1198396706093E-04
  0.0000000000000E+00
  0.0000000000000E+00
  0.0000000000000E+00
  0.0000000000000E+00
  0.0000000000000E+00
  0.0000000000000E+00
  0.0000000000000E+00
  0.0000000000000E+00
  0.0000000000000E+00
  0.0000000000000E+00
  0.0000000000000E+00
  0.0000000000000E+00
  0.0000000000000E+00
  0.0000000000000E+00
  0.2104597554338E-04
  0.9466556073803E-05
  0.0000000000000E+00
  0.0000000000000E+00
  0.0000000000000E+00
  0.0000000000000E+00
  0.0000000000000E+00
  0.0000000000000E+00
  0.1948067299005E-04
  0.0000000000000E+00
  0.0000000000000E+00
  0.0000000000000E+00
  0.0000000000000E+00
  0.0000000000000E+00
  0.0000000000000E+00
  0.0000000000000E+00
  0.2346402419433E-04
  0.0000000000000E+00
  0.0000000000000E+00
  0.0000000000000E+00
  0.3151702509976E-04
  0.0000000000000E+00
  0.0000000000000E+00
  0.0000000000000E+00
  0.0000000000000E+00
  0.0000000000000E+00
  0.0000000000000E+00
  0.0000000000000E+00
  0.0000000000000E+00
  0.0000000000000E+00
  0.0000000000000E+00
  0.0000000000000E+00
  0.0000000000000E+00
  0.0000000000000E+00
  0.0000000000000E+00
  0.0000000000000E+00
  0.0000000000000E+00
  0.0000000000000E+00
  0.0000000000000E+00
  0.0000000000000E+00
  0.0000000000000E+00
  0.0000000000000E+00
  0.0000000000000E+00
  0.1882098313265E-04
  0.0000000000000E+00
  0.0000000000000E+00
  0.0000000000000E+00
  0.0000000000000E+00
  0.0000000000000E+00
  0.0000000000000E+00
  0.0000000000000E+00
  0.0000000000000E+00
  0.1478205467444E-04
  0.0000000000000E+00
  0.0000000000000E+00
  0.0000000000000E+00
  0.0000000000000E+00
  0.1545751834945E-04
  0.0000000000000E+00
  0.0000000000000E+00
  0.0000000000000E+00
  0.0000000000000E+00
  0.0000000000000E+00
  0.0000000000000E+00
  0.0000000000000E+00
  0.0000000000000E+00
  0.0000000000000E+00
  0.0000000000000E+00
  0.0000000000000E+00
  0.0000000000000E+00
  0.0000000000000E+00
  0.0000000000000E+00
  0.0000000000000E+00
  0.0000000000000E+00
  0.0000000000000E+00
  0.0000000000000E+00
  0.0000000000000E+00
  0.0000000000000E+00
  0.0000000000000E+00
  0.0000000000000E+00
  0.0000000000000E+00
  0.0000000000000E+00
  0.0000000000000E+00
  0.0000000000000E+00
  0.0000000000000E+00
  0.0000000000000E+00
  0.0000000000000E+00
  0.5045680143067E-05
  0.7766231845188E-05
  0.0000000000000E+00
  0.0000000000000E+00
  0.8191231289582E-05
  0.0000000000000E+00
  0.0000000000000E+00
  0.0000000000000E+00
  0.0000000000000E+00
  0.0000000000000E+00
  0.0000000000000E+00
  0.0000000000000E+00
  0.0000000000000E+00
  0.0000000000000E+00
  0.0000000000000E+00
  0.0000000000000E+00
  0.0000000000000E+00
  0.8278144788530E-05
  0.5438995221201E-05
  0.5696971578966E-05
  0.6878195237868E-05
  0.3152655605548E-05
  0.3488449529645E-05
  0.4316178593027E-05
  0.5033252899251E-05
  0.4793331390974E-05
  0.0000000000000E+00
  0.6813132278816E-05
  0.7366730461309E-05
  0.5892967120611E-05
  0.4158061880422E-05
  0.7658328520611E-05
  0.6113864128920E-05
  0.4727710881669E-05
  0.0000000000000E+00
  0.0000000000000E+00
  0.4958909059224E-05
  0.0000000000000E+00
  0.0000000000000E+00
  0.0000000000000E+00
  0.0000000000000E+00
  0.5747313671055E-05
  0.0000000000000E+00
  0.0000000000000E+00
  0.0000000000000E+00
  0.2483645155639E-04
  0.1917539399449E-04
  0.2416532044152E-04
  0.1594956034674E-04
  0.1127856060071E-04
  0.1262680507015E-04
  0.1370875841065E-04
  0.1786863313501E-04
  0.5402777777778E+00
  0.5402777777778E+00
  0.5402777777778E+00
  0.5402777777778E+00
  0.5402777777778E+00
  0.5402777777778E+00
  0.5402777777778E+00
  0.5402777777778E+00
  0.5402777777778E+00
  0.5402777777778E+00
  0.5402777777778E+00
  0.5402777777778E+00
  0.5402777777778E+00
  0.5402777777778E+00
  0.5402777777778E+00
  0.5402777777778E+00
  0.5402777777778E+00
  0.5402777777778E+00
  0.5402777777778E+00
  0.5402777777778E+00
  0.5402777777778E+00
  0.5402777777778E+00
  0.5402777777778E+00
  0.5402777777778E+00
  0.5402777777778E+00
  0.5402777777778E+00
  0.5402777777778E+00
  0.5402777777778E+00
  0.5402777777778E+00
  0.5402777777778E+00
  0.5402777777778E+00
  0.5402777777778E+00
  0.5402777777778E+00
  0.5402777777778E+00
  0.5402777777778E+00
  0.5402777777778E+00
  0.5025000000000E+00
  0.5025000000000E+00
  0.5025000000000E+00
  0.5025000000000E+00
  0.5025000000000E+00
  0.5025000000000E+00
  0.5025000000000E+00
  0.5025000000000E+00
  0.5025000000000E+00
  0.5025000000000E+00
  0.5025000000000E+00
  0.5025000000000E+00
  0.5025000000000E+00
  0.5025000000000E+00
  0.5025000000000E+00
  0.5025000000000E+00
  0.5025000000000E+00
  0.5025000000000E+00
  0.5025000000000E+00
  0.5025000000000E+00
  0.5025000000000E+00
  0.5025000000000E+00
  0.5025000000000E+00
  0.5025000000000E+00
  0.5025000000000E+00
  0.5025000000000E+00
  0.5025000000000E+00
  0.5025000000000E+00
  0.5025000000000E+00
  0.5025000000000E+00
  0.5025000000000E+00
  0.5025000000000E+00
  0.5025000000000E+00
  0.5025000000000E+00
  0.5025000000000E+00
  0.5025000000000E+00
  0.4669444444444E+00
  0.4669444444444E+00
  0.4669444444444E+00
  0.4669444444444E+00
  0.4669444444444E+00
  0.4669444444444E+00
  0.4669444444444E+00
  0.4669444444444E+00
  0.4669444444444E+00
  0.4669444444444E+00
  0.4669444444444E+00
  0.4669444444444E+00
  0.4669444444444E+00
  0.4669444444444E+00
  0.4669444444444E+00
  0.4669444444444E+00
  0.4669444444444E+00
  0.4669444444444E+00
  0.4669444444444E+00
  0.4669444444444E+00
  0.4669444444444E+00
  0.4669444444444E+00
  0.4669444444444E+00
  0.4669444444444E+00
  0.4669444444444E+00
  0.4669444444444E+00
  0.4669444444444E+00
  0.4669444444444E+00
  0.4669444444444E+00
  0.4669444444444E+00
  0.4669444444444E+00
  0.4669444444444E+00
  0.4669444444444E+00
  0.4669444444444E+00
  0.4669444444444E+00
  0.4669444444444E+00
  0.4336111111111E+00
  0.4336111111111E+00
  0.4336111111111E+00
  0.4336111111111E+00
  0.4336111111111E+00
  0.4336111111111E+00
  0.4336111111111E+00
  0.4336111111111E+00
  0.4336111111111E+00
  0.4336111111111E+00
  0.4336111111111E+00
  0.4336111111111E+00
  0.4336111111111E+00
  0.4336111111111E+00
  0.4336111111111E+00
  0.4336111111111E+00
  0.4336111111111E+00
  0.4336111111111E+00
  0.4336111111111E+00
  0.4336111111111E+00
  0.4336111111111E+00
  0.4336111111111E+00
  0.4336111111111E+00
  0.4336111111111E+00
  0.4336111111111E+00
  0.4336111111111E+00
  0.4336111111111E+00
  0.4336111111111E+00
  0.4336111111111E+00
  0.4336111111111E+00
  0.4336111111111E+00
  0.4336111111111E+00
  0.4336111111111E+00
  0.4336111111111E+00
  0.4336111111111E+00
  0.4336111111111E+00
  0.4025000000000E+00
  0.4025000000000E+00
  0.4025000000000E+00
  0.4025000000000E+00
  0.4025000000000E+00
  0.4025000000000E+00
  0.4025000000000E+00
  0.4025000000000E+00
  0.4025000000000E+00
  0.4025000000000E+00
  0.4025000000000E+00
  0.4025000000000E+00
  0.4025000000000E+00
  0.4025000000000E+00
  0.4025000000000E+00
  0.4025000000000E+00
  0.4025000000000E+00
  0.4025000000000E+00
  0.4025000000000E+00
  0.4025000000000E+00
  0.4025000000000E+00
  0.4025000000000E+00
  0.4025000000000E+00
  0.4025000000000E+00
  0.4025000000000E+00
  0.4025000000000E+00
  0.4025000000000E+00
  0.4025000000000E+00
  0.4025000000000E+00
  0.4025000000000E+00
  0.4025000000000E+00
  0.4025000000000E+00
  0.4025000000000E+00
  0.4025000000000E+00
  0.4025000000000E+00
  0.4025000000000E+00
  0.3736111111111E+00
  0.3736111111111E+00
  0.3736111111111E+00
  0.3736111111111E+00
  0.3736111111111E+00
  0.3736111111111E+00
  0.3736111111111E+00
  0.3736111111111E+00
  0.3736111111111E+00
  0.3736111111111E+00
  0.3736111111111E+00
  0.3736111111111E+00
  0.3736111111111E+00
  0.3736111111111E+00
  0.3736111111111E+00
  0.3736111111111E+00
  0.3736111111111E+00
  0.3736111111111E+00
  0.3736111111111E+00
  0.3736111111111E+00
  0.3736111111111E+00
  0.3736111111111E+00
  0.3736111111111E+00
  0.3736111111111E+00
  0.3736111111111E+00
  0.3736111111111E+00
  0.3736111111111E+00
  0.3736111111111E+00
  0.3736111111111E+00
  0.3736111111111E+00
  0.3736111111111E+00
  0.3736111111111E+00
  0.3736111111111E+00
  0.3736111111111E+00
  0.3736111111111E+00
  0.3736111111111E+00
  0.3469444444444E+00
  0.3469444444444E+00
  0.3469444444444E+00
  0.3469444444444E+00
  0.3469444444444E+00
  0.3469444444444E+00
  0.3469444444444E+00
  0.3469444444444E+00
  0.3469444444444E+00
  0.3469444444444E+00
  0.3469444444444E+00
  0.3469444444444E+00
  0.3469444444444E+00
  0.3469444444444E+00
  0.3469444444444E+00
  0.3469444444444E+00
  0.3469444444444E+00
  0.3469444444444E+00
  0.3469444444444E+00
  0.3469444444444E+00
  0.3469444444444E+00
  0.3469444444444E+00
  0.3469444444444E+00
  0.3469444444444E+00
  0.3469444444444E+00
  0.3469444444444E+00
  0.3469444444444E+00
  0.3469444444444E+00
  0.3469444444444E+00
  0.3469444444444E+00
  0.3469444444444E+00
  0.3469444444444E+00
  0.3469444444444E+00
  0.3469444444444E+00
  0.3469444444444E+00
  0.3469444444444E+00
  0.3225000000000E+00
  0.3225000000000E+00
  0.3225000000000E+00
  0.3225000000000E+00
  0.3225000000000E+00
  0.3225000000000E+00
  0.3225000000000E+00
  0.3225000000000E+00
  0.3225000000000E+00
  0.3225000000000E+00
  0.3225000000000E+00
  0.3225000000000E+00
  0.3225000000000E+00
  0.3225000000000E+00
  0.3225000000000E+00
  0.3225000000000E+00
  0.3225000000000E+00
  0.3225000000000E+00
  0.3225000000000E+00
  0.3225000000000E+00
  0.3225000000000E+00
  0.3225000000000E+00
  0.3225000000000E+00
  0.3225000000000E+00
  0.3225000000000E+00
  0.3225000000000E+00
  0.3225000000000E+00
  0.3225000000000E+00
  0.3225000000000E+00
  0.3225000000000E+00
  0.3225000000000E+00
  0.3225000000000E+00
  0.3225000000000E+00
  0.3225000000000E+00
  0.3225000000000E+00
  0.3225000000000E+00
  0.3002777777778E+00
  0.3002777777778E+00
  0.3002777777778E+00
  0.3002777777778E+00
  0.3002777777778E+00
  0.3002777777778E+00
  0.3002777777778E+00
  0.3002777777778E+00
  0.3002777777778E+00
  0.3002777777778E+00
  0.3002777777778E+00
  0.3002777777778E+00
  0.3002777777778E+00
  0.3002777777778E+00
  0.3002777777778E+00
  0.3002777777778E+00
  0.3002777777778E+00
  0.3002777777778E+00
  0.3002777777778E+00
  0.3002777777778E+00
  0.3002777777778E+00
  0.3002777777778E+00
  0.3002777777778E+00
  0.3002777777778E+00
  0.3002777777778E+00
  0.3002777777778E+00
  0.3002777777778E+00
  0.3002777777778E+00
  0.3002777777778E+00
  0.3002777777778E+00
  0.3002777777778E+00
  0.3002777777778E+00
  0.3002777777778E+00
  0.3002777777778E+00
  0.3002777777778E+00
  0.3002777777778E+00
  0.2802777777778E+00
  0.2802777777778E+00
  0.2802777777778E+00
  0.2802777777778E+00
  0.2802777777778E+00
  0.2802777777778E+00
  0.2802777777778E+00
  0.2802777777778E+00
  0.2802777777778E+00
  0.2802777777778E+00
  0.2802777777778E+00
  0.2802777777778E+00
  0.2802777777778E+00
  0.2802777777778E+00
  0.2802777777778E+00
  0.2802777777778E+00
  0.2802777777778E+00
  0.2802777777778E+00
  0.2802777777778E+00
  0.2802777777778E+00
  0.2802777777778E+00
  0.2802777777778E+00
  0.2802777777778E+00
  0.2802777777778E+00
  0.2802777777778E+00
  0.2802777777778E+00
  0.2802777777778E+00
  0.2802777777778E+00
  0.2802777777778E+00
  0.2802777777778E+00
  0.2802777777778E+00
  0.2802777777778E+00
  0.2802777777778E+00
  0.2802777777778E+00
  0.2802777777778E+00
  0.2802777777778E+00
  0.2625000000000E+00
  0.2625000000000E+00
  0.2625000000000E+00
  0.2625000000000E+00
  0.2625000000000E+00
  0.2625000000000E+00
  0.2625000000000E+00
  0.2625000000000E+00
  0.2625000000000E+00
  0.2625000000000E+00
  0.2625000000000E+00
  0.2625000000000E+00
  0.2625000000000E+00
  0.2625000000000E+00
  0.2625000000000E+00
  0.2625000000000E+00
  0.2625000000000E+00
  0.2625000000000E+00
  0.2625000000000E+00
  0.2625000000000E+00
  0.2625000000000E+00
  0.2625000000000E+00
  0.2625000000000E+00
  0.2625000000000E+00
  0.2625000000000E+00
  0.2625000000000E+00
  0.2625000000000E+00
  0.2625000000000E+00
  0.2625000000000E+00
  0.2625000000000E+00
  0.2625000000000E+00
  0.2625000000000E+00
  0.2625000000000E+00
  0.2625000000000E+00
  0.2625000000000E+00
  0.2625000000000E+00
  0.2469444444444E+00
  0.2469444444444E+00
  0.2469444444444E+00
  0.2469444444444E+00
  0.2469444444444E+00
  0.2469444444444E+00
  0.2469444444444E+00
  0.2469444444444E+00
  0.2469444444444E+00
  0.2469444444444E+00
  0.2469444444444E+00
  0.2469444444444E+00
  0.2469444444444E+00
  0.2469444444444E+00
  0.2469444444444E+00
  0.2469444444444E+00
  0.2469444444444E+00
  0.2469444444444E+00
  0.2469444444444E+00
  0.2469444444444E+00
  0.2469444444444E+00
  0.2469444444444E+00
  0.2469444444444E+00
  0.2469444444444E+00
  0.2469444444444E+00
  0.2469444444444E+00
  0.2469444444444E+00
  0.2469444444444E+00
  0.2469444444444E+00
  0.2469444444444E+00
  0.2469444444444E+00
  0.2469444444444E+00
  0.2469444444444E+00
  0.2469444444444E+00
  0.2469444444444E+00
  0.2469444444444E+00
  0.2336111111111E+00
  0.2336111111111E+00
  0.2336111111111E+00
  0.2336111111111E+00
  0.2336111111111E+00
  0.2336111111111E+00
  0.2336111111111E+00
  0.2336111111111E+00
  0.2336111111111E+00
  0.2336111111111E+00
  0.2336111111111E+00
  0.2336111111111E+00
  0.2336111111111E+00
  0.2336111111111E+00
  0.2336111111111E+00
  0.2336111111111E+00
  0.2336111111111E+00
  0.2336111111111E+00
  0.2336111111111E+00
  0.2336111111111E+00
  0.2336111111111E+00
  0.2336111111111E+00
  0.2336111111111E+00
  0.2336111111111E+00
  0.2336111111111E+00
  0.2336111111111E+00
  0.2336111111111E+00
  0.2336111111111E+00
  0.2336111111111E+00
  0.2336111111111E+00
  0.2336111111111E+00
  0.2336111111111E+00
  0.2336111111111E+00
  0.2336111111111E+00
  0.2336111111111E+00
  0.2336111111111E+00
  0.2225000000000E+00
  0.2225000000000E+00
  0.2225000000000E+00
  0.2225000000000E+00
  0.2225000000000E+00
  0.2225000000000E+00
  0.2225000000000E+00
  0.2225000000000E+00
  0.2225000000000E+00
  0.2225000000000E+00
  0.2225000000000E+00
  0.2225000000000E+00
  0.2225000000000E+00
  0.2225000000000E+00
  0.2225000000000E+00
  0.2225000000000E+00
  0.2225000000000E+00
  0.2225000000000E+00
  0.2225000000000E+00
  0.2225000000000E+00
  0.2225000000000E+00
  0.2225000000000E+00
  0.2225000000000E+00
  0.2225000000000E+00
  0.2225000000000E+00
  0.2225000000000E+00
  0.2225000000000E+00
  0.2225000000000E+00
  0.2225000000000E+00
  0.2225000000000E+00
  0.2225000000000E+00
  0.2225000000000E+00
  0.2225000000000E+00
  0.2225000000000E+00
  0.2225000000000E+00
  0.2225000000000E+00
  0.2136111111111E+00
  0.2136111111111E+00
  0.2136111111111E+00
  0.2136111111111E+00
  0.2136111111111E+00
  0.2136111111111E+00
  0.2136111111111E+00
  0.2136111111111E+00
  0.2136111111111E+00
  0.2136111111111E+00
  0.2136111111111E+00
  0.2136111111111E+00
  0.2136111111111E+00
  0.2136111111111E+00
  0.2136111111111E+00
  0.2136111111111E+00
  0.2136111111111E+00
  0.2136111111111E+00
  0.2136111111111E+00
  0.2136111111111E+00
  0.2136111111111E+00
  0.2136111111111E+00
  0.2136111111111E+00
  0.2136111111111E+00
  0.2136111111111E+00
  0.2136111111111E+00
  0.2136111111111E+00
  0.2136111111111E+00
  0.2136111111111E+00
  0.2136111111111E+00
  0.2136111111111E+00
  0.2136111111111E+00
  0.2136111111111E+00
  0.2136111111111E+00
  0.2136111111111E+00
  0.2136111111111E+00
  0.2069444444444E+00
  0.2069444444444E+00
  0.2069444444444E+00
  0.2069444444444E+00
  0.2069444444444E+00
  0.2069444444444E+00
  0.2069444444444E+00
  0.2069444444444E+00
  0.2069444444444E+00
  0.2069444444444E+00
  0.2069444444444E+00
  0.2069444444444E+00
  0.2069444444444E+00
  0.2069444444444E+00
  0.2069444444444E+00
  0.2069444444444E+00
  0.2069444444444E+00
  0.2069444444444E+00
  0.2069444444444E+00
  0.2069444444444E+00
  0.2069444444444E+00
  0.2069444444444E+00
  0.2069444444444E+00
  0.2069444444444E+00
  0.2069444444444E+00
  0.2069444444444E+00
  0.2069444444444E+00
  0.2069444444444E+00
  0.2069444444444E+00
  0.2069444444444E+00
  0.2069444444444E+00
  0.2069444444444E+00
  0.2069444444444E+00
  0.2069444444444E+00
  0.2069444444444E+00
  0.2069444444444E+00
  0.2025000000000E+00
  0.2025000000000E+00
  0.2025000000000E+00
  0.2025000000000E+00
  0.2025000000000E+00
  0.2025000000000E+00
  0.2025000000000E+00
  0.2025000000000E+00
  0.2025000000000E+00
  0.2025000000000E+00
  0.2025000000000E+00
  0.2025000000000E+00
  0.2025000000000E+00
  0.2025000000000E+00
  0.2025000000000E+00
  0.2025000000000E+00
  0.2025000000000E+00
  0.2025000000000E+00
  0.2025000000000E+00
  0.2025000000000E+00
  0.2025000000000E+00
  0.2025000000000E+00
  0.2025000000000E+00
  0.2025000000000E+00
  0.2025000000000E+00
  0.2025000000000E+00
  0.2025000000000E+00
  0.2025000000000E+00
  0.2025000000000E+00
  0.2025000000000E+00
  0.2025000000000E+00
  0.2025000000000E+00
  0.2025000000000E+00
  0.2025000000000E+00
  0.2025000000000E+00
  0.2025000000000E+00
  0.2002777777778E+00
  0.2002777777778E+00
  0.2002777777778E+00
  0.2002777777778E+00
  0.2002777777778E+00
  0.2002777777778E+00
  0.2002777777778E+00
  0.2002777777778E+00
  0.2002777777778E+00
  0.2002777777778E+00
  0.2002777777778E+00
  0.2002777777778E+00
  0.2002777777778E+00
  0.2002777777778E+00
  0.2002777777778E+00
  0.2002777777778E+00
  0.2002777777778E+00
  0.2002777777778E+00
  0.2002777777778E+00
  0.2002777777778E+00
  0.2002777777778E+00
  0.2002777777778E+00
  0.2002777777778E+00
  0.2002777777778E+00
  0.2002777777778E+00
  0.2002777777778E+00
  0.2002777777778E+00
  0.2002777777778E+00
  0.2002777777778E+00
  0.2002777777778E+00
  0.2002777777778E+00
  0.2002777777778E+00
  0.2002777777778E+00
  0.2002777777778E+00
  0.2002777777778E+00
  0.2002777777778E+00
  0.2002777777778E+00
  0.2002777777778E+00
  0.2002777777778E+00
  0.2002777777778E+00
  0.2002777777778E+00
  0.2002777777778E+00
  0.2002777777778E+00
  0.2002777777778E+00
  0.2002777777778E+00
  0.2002777777778E+00
  0.2002777777778E+00
  0.2002777777778E+00
  0.2002777777778E+00
  0.2002777777778E+00
  0.2002777777778E+00
  0.2002777777778E+00
  0.2002777777778E+00
  0.2002777777778E+00
  0.2002777777778E+00
  0.2002777777778E+00
  0.2002777777778E+00
  0.2002777777778E+00
  0.2002777777778E+00
  0.2002777777778E+00
  0.2002777777778E+00
  0.2002777777778E+00
  0.2002777777778E+00
  0.2002777777778E+00
  0.2002777777778E+00
  0.2002777777778E+00
  0.2002777777778E+00
  0.2002777777778E+00
  0.2002777777778E+00
  0.2002777777778E+00
  0.2002777777778E+00
  0.2002777777778E+00
  0.2025000000000E+00
  0.2025000000000E+00
  0.2025000000000E+00
  0.2025000000000E+00
  0.2025000000000E+00
  0.2025000000000E+00
  0.2025000000000E+00
  0.2025000000000E+00
  0.2025000000000E+00
  0.2025000000000E+00
  0.2025000000000E+00
  0.2025000000000E+00
  0.2025000000000E+00
  0.2025000000000E+00
  0.2025000000000E+00
  0.2025000000000E+00
  0.2025000000000E+00
  0.2025000000000E+00
  0.2025000000000E+00
  0.2025000000000E+00
  0.2025000000000E+00
  0.2025000000000E+00
  0.2025000000000E+00
  0.2025000000000E+00
  0.2025000000000E+00
  0.2025000000000E+00
  0.2025000000000E+00
  0.2025000000000E+00
  0.2025000000000E+00
  0.2025000000000E+00
  0.2025000000000E+00
  0.2025000000000E+00
  0.2025000000000E+00
  0.2025000000000E+00
  0.2025000000000E+00
  0.2025000000000E+00
  0.2069444444444E+00
  0.2069444444444E+00
  0.2069444444444E+00
  0.2069444444444E+00
  0.2069444444444E+00
  0.2069444444444E+00
  0.2069444444444E+00
  0.2069444444444E+00
  0.2069444444444E+00
  0.2069444444444E+00
  0.2069444444444E+00
  0.2069444444444E+00
  0.2069444444444E+00
  0.2069444444444E+00
  0.2069444444444E+00
  0.2069444444444E+00
  0.2069444444444E+00
  0.2069444444444E+00
  0.2069444444444E+00
  0.2069444444444E+00
  0.2069444444444E+00
  0.2069444444444E+00
  0.2069444444444E+00
  0.2069444444444E+00
  0.2069444444444E+00
  0.2069444444444E+00
  0.2069444444444E+00
  0.2069444444444E+00
  0.2069444444444E+00
  0.2069444444444E+00
  0.2069444444444E+00
  0.2069444444444E+00
  0.2069444444444E+00
  0.2069444444444E+00
  0.2069444444444E+00
  0.2069444444444E+00
  0.2136111111111E+00
  0.2136111111111E+00
  0.2136111111111E+00
  0.2136111111111E+00
  0.2136111111111E+00
  0.2136111111111E+00
  0.2136111111111E+00
  0.2136111111111E+00
  0.2136111111111E+00
  0.2136111111111E+00
  0.2136111111111E+00
  0.2136111111111E+00
  0.2136111111111E+00
  0.2136111111111E+00
  0.2136111111111E+00
  0.2136111111111E+00
  0.2136111111111E+00
  0.2136111111111E+00
  0.2136111111111E+00
  0.2136111111111E+00
  0.2136111111111E+00
  0.2136111111111E+00
  0.2136111111111E+00
  0.2136111111111E+00
  0.2136111111111E+00
  0.2136111111111E+00
  0.2136111111111E+00
  0.2136111111111E+00
  0.2136111111111E+00
  0.2136111111111E+00
  0.2136111111111E+00
  0.2136111111111E+00
  0.2136111111111E+00
  0.2136111111111E+00
  0.2136111111111E+00
  0.2136111111111E+00
  0.2225000000000E+00
  0.2225000000000E+00
  0.2225000000000E+00
  0.2225000000000E+00
  0.2225000000000E+00
  0.2225000000000E+00
  0.2225000000000E+00
  0.2225000000000E+00
  0.2225000000000E+00
  0.2225000000000E+00
  0.2225000000000E+00
  0.2225000000000E+00
  0.2225000000000E+00
  0.2225000000000E+00
  0.2225000000000E+00
  0.2225000000000E+00
  0.2225000000000E+00
  0.2225000000000E+00
  0.2225000000000E+00
  0.2225000000000E+00
  0.2225000000000E+00
  0.2225000000000E+00
  0.2225000000000E+00
  0.2225000000000E+00
  0.2225000000000E+00
  0.2225000000000E+00
  0.2225000000000E+00
  0.2225000000000E+00
  0.2225000000000E+00
  0.2225000000000E+00
  0.2225000000000E+00
  0.2225000000000E+00
  0.2225000000000E+00
  0.2225000000000E+00
  0.2225000000000E+00
  0.2225000000000E+00
  0.2336111111111E+00
  0.2336111111111E+00
  0.2336111111111E+00
  0.2336111111111E+00
  0.2336111111111E+00
  0.2336111111111E+00
  0.2336111111111E+00
  0.2336111111111E+00
  0.2336111111111E+00
  0.2336111111111E+00
  0.2336111111111E+00
  0.2336111111111E+00
  0.2336111111111E+00
  0.2336111111111E+00
  0.2336111111111E+00
  0.2336111111111E+00
  0.2336111111111E+00
  0.2336111111111E+00
  0.2336111111111E+00
  0.2336111111111E+00
  0.2336111111111E+00
  0.2336111111111E+00
  0.2336111111111E+00
  0.2336111111111E+00
  0.2336111111111E+00
  0.2336111111111E+00
  0.2336111111111E+00
  0.2336111111111E+00
  0.2336111111111E+00
  0.2336111111111E+00
  0.2336111111111E+00
  0.2336111111111E+00
  0.2336111111111E+00
  0.2336111111111E+00
  0.2336111111111E+00
  0.2336111111111E+00
  0.2469444444444E+00
  0.2469444444444E+00
  0.2469444444444E+00
  0.2469444444444E+00
  0.2469444444444E+00
  0.2469444444444E+00
  0.2469444444444E+00
  0.2469444444444E+00
  0.2469444444444E+00
  0.2469444444444E+00
  0.2469444444444E+00
  0.2469444444444E+00
  0.2469444444444E+00
  0.2469444444444E+00
  0.2469444444444E+00
  0.2469444444444E+00
  0.2469444444444E+00
  0.2469444444444E+00
  0.2469444444444E+00
  0.2469444444444E+00
  0.2469444444444E+00
  0.2469444444444E+00
  0.2469444444444E+00
  0.2469444444444E+00
  0.2469444444444E+00
  0.2469444444444E+00
  0.2469444444444E+00
  0.2469444444444E+00
  0.2469444444444E+00
  0.2469444444444E+00
  0.2469444444444E+00
  0.2469444444444E+00
  0.2469444444444E+00
  0.2469444444444E+00
  0.2469444444444E+00
  0.2469444444444E+00
  0.2625000000000E+00
  0.2625000000000E+00
  0.2625000000000E+00
  0.2625000000000E+00
  0.2625000000000E+00
  0.2625000000000E+00
  0.2625000000000E+00
  0.2625000000000E+00
  0.2625000000000E+00
  0.2625000000000E+00
  0.2625000000000E+00
  0.2625000000000E+00
  0.2625000000000E+00
  0.2625000000000E+00
  0.2625000000000E+00
  0.2625000000000E+00
  0.2625000000000E+00
  0.2625000000000E+00
  0.2625000000000E+00
  0.2625000000000E+00
  0.2625000000000E+00
  0.2625000000000E+00
  0.2625000000000E+00
  0.2625000000000E+00
  0.2625000000000E+00
  0.2625000000000E+00
  0.2625000000000E+00
  0.2625000000000E+00
  0.2625000000000E+00
  0.2625000000000E+00
  0.2625000000000E+00
  0.2625000000000E+00
  0.2625000000000E+00
  0.2625000000000E+00
  0.2625000000000E+00
  0.2625000000000E+00
  0.2802777777778E+00
  0.2802777777778E+00
  0.2802777777778E+00
  0.2802777777778E+00
  0.2802777777778E+00
  0.2802777777778E+00
  0.2802777777778E+00
  0.2802777777778E+00
  0.2802777777778E+00
  0.2802777777778E+00
  0.2802777777778E+00
  0.2802777777778E+00
  0.2802777777778E+00
  0.2802777777778E+00
  0.2802777777778E+00
  0.2802777777778E+00
  0.2802777777778E+00
  0.2802777777778E+00
  0.2802777777778E+00
  0.2802777777778E+00
  0.2802777777778E+00
  0.2802777777778E+00
  0.2802777777778E+00
  0.2802777777778E+00
  0.2802777777778E+00
  0.2802777777778E+00
  0.2802777777778E+00
  0.2802777777778E+00
  0.2802777777778E+00
  0.2802777777778E+00
  0.2802777777778E+00
  0.2802777777778E+00
  0.2802777777778E+00
  0.2802777777778E+00
  0.2802777777778E+00
  0.2802777777778E+00
  0.3002777777778E+00
  0.3002777777778E+00
  0.3002777777778E+00
  0.3002777777778E+00
  0.3002777777778E+00
  0.3002777777778E+00
  0.3002777777778E+00
  0.3002777777778E+00
  0.3002777777778E+00
  0.3002777777778E+00
  0.3002777777778E+00
  0.3002777777778E+00
  0.3002777777778E+00
  0.3002777777778E+00
  0.3002777777778E+00
  0.3002777777778E+00
  0.3002777777778E+00
  0.3002777777778E+00
  0.3002777777778E+00
  0.3002777777778E+00
  0.3002777777778E+00
  0.3002777777778E+00
  0.3002777777778E+00
  0.3002777777778E+00
  0.3002777777778E+00
  0.3002777777778E+00
  0.3002777777778E+00
  0.3002777777778E+00
  0.3002777777778E+00
  0.3002777777778E+00
  0.3002777777778E+00
  0.3002777777778E+00
  0.3002777777778E+00
  0.3002777777778E+00
  0.3002777777778E+00
  0.3002777777778E+00
  0.3225000000000E+00
  0.3225000000000E+00
  0.3225000000000E+00
  0.3225000000000E+00
  0.3225000000000E+00
  0.3225000000000E+00
  0.3225000000000E+00
  0.3225000000000E+00
  0.3225000000000E+00
  0.3225000000000E+00
  0.3225000000000E+00
  0.3225000000000E+00
  0.3225000000000E+00
  0.3225000000000E+00
  0.3225000000000E+00
  0.3225000000000E+00
  0.3225000000000E+00
  0.3225000000000E+00
  0.3225000000000E+00
  0.3225000000000E+00
  0.3225000000000E+00
  0.3225000000000E+00
  0.3225000000000E+00
  0.3225000000000E+00
  0.3225000000000E+00
  0.3225000000000E+00
  0.3225000000000E+00
  0.3225000000000E+00
  0.3225000000000E+00
  0.3225000000000E+00
  0.3225000000000E+00
  0.3225000000000E+00
  0.3225000000000E+00
  0.3225000000000E+00
  0.3225000000000E+00
  0.3225000000000E+00
  0.3469444444444E+00
  0.3469444444444E+00
  0.3469444444444E+00
  0.3469444444444E+00
  0.3469444444444E+00
  0.3469444444444E+00
  0.3469444444444E+00
  0.3469444444444E+00
  0.3469444444444E+00
  0.3469444444444E+00
  0.3469444444444E+00
  0.3469444444444E+00
  0.3469444444444E+00
  0.3469444444444E+00
  0.3469444444444E+00
  0.3469444444444E+00
  0.3469444444444E+00
  0.3469444444444E+00
  0.3469444444444E+00
  0.3469444444444E+00
  0.3469444444444E+00
  0.3469444444444E+00
  0.3469444444444E+00
  0.3469444444444E+00
  0.3469444444444E+00
  0.3469444444444E+00
  0.3469444444444E+00
  0.3469444444444E+00
  0.3469444444444E+00
  0.3469444444444E+00
  0.3469444444444E+00
  0.3469444444444E+00
  0.3469444444444E+00
  0.3469444444444E+00
  0.3469444444444E+00
  0.3469444444444E+00
  0.3736111111111E+00
  0.3736111111111E+00
  0.3736111111111E+00
  0.3736111111111E+00
  0.3736111111111E+00
  0.3736111111111E+00
  0.3736111111111E+00
  0.3736111111111E+00
  0.3736111111111E+00
  0.3736111111111E+00
  0.3736111111111E+00
  0.3736111111111E+00
  0.3736111111111E+00
  0.3736111111111E+00
  0.3736111111111E+00
  0.3736111111111E+00
  0.3736111111111E+00
  0.3736111111111E+00
  0.3736111111111E+00
  0.3736111111111E+00
  0.3736111111111E+00
  0.3736111111111E+00
  0.3736111111111E+00
  0.3736111111111E+00
  0.3736111111111E+00
  0.3736111111111E+00
  0.3736111111111E+00
  0.3736111111111E+00
  0.3736111111111E+00
  0.3736111111111E+00
  0.3736111111111E+00
  0.3736111111111E+00
  0.3736111111111E+00
  0.3736111111111E+00
  0.3736111111111E+00
  0.3736111111111E+00
  0.4025000000000E+00
  0.4025000000000E+00
  0.4025000000000E+00
  0.4025000000000E+00
  0.4025000000000E+00
  0.4025000000000E+00
  0.4025000000000E+00
  0.4025000000000E+00
  0.4025000000000E+00
  0.4025000000000E+00
  0.4025000000000E+00
  0.4025000000000E+00
  0.4025000000000E+00
  0.4025000000000E+00
  0.4025000000000E+00
  0.4025000000000E+00
  0.4025000000000E+00
  0.4025000000000E+00
  0.4025000000000E+00
  0.4025000000000E+00
  0.4025000000000E+00
  0.4025000000000E+00
  0.4025000000000E+00
  0.4025000000000E+00
  0.4025000000000E+00
  0.4025000000000E+00
  0.4025000000000E+00
  0.4025000000000E+00
  0.4025000000000E+00
  0.4025000000000E+00
  0.4025000000000E+00
  0.4025000000000E+00
  0.4025000000000E+00
  0.4025000000000E+00
  0.4025000000000E+00
  0.4025000000000E+00
  0.4336111111111E+00
  0.4336111111111E+00
  0.4336111111111E+00
  0.4336111111111E+00
  0.4336111111111E+00
  0.4336111111111E+00
  0.4336111111111E+00
  0.4336111111111E+00
  0.4336111111111E+00
  0.4336111111111E+00
  0.4336111111111E+00
  0.4336111111111E+00
  0.4336111111111E+00
  0.4336111111111E+00
  0.4336111111111E+00
  0.4336111111111E+00
  0.4336111111111E+00
  0.4336111111111E+00
  0.4336111111111E+00
  0.4336111111111E+00
  0.4336111111111E+00
  0.4336111111111E+00
  0.4336111111111E+00
  0.4336111111111E+00
  0.4336111111111E+00
  0.4336111111111E+00
  0.4336111111111E+00
  0.4336111111111E+00
  0.4336111111111E+00
  0.4336111111111E+00
  0.4336111111111E+00
  0.4336111111111E+00
  0.4336111111111E+00
  0.4336111111111E+00
  0.4336111111111E+00
  0.4336111111111E+00
  0.4669444444444E+00
  0.4669444444444E+00
  0.4669444444444E+00
  0.4669444444444E+00
  0.4669444444444E+00
  0.4669444444444E+00
  0.4669444444444E+00
  0.4669444444444E+00
  0.4669444444444E+00
  0.4669444444444E+00
  0.4669444444444E+00
  0.4669444444444E+00
  0.4669444444444E+00
  0.4669444444444E+00
  0.4669444444444E+00
  0.4669444444444E+00
  0.4669444444444E+00
  0.4669444444444E+00
  0.4669444444444E+00
  0.4669444444444E+00
  0.4669444444444E+00
  0.4669444444444E+00
  0.4669444444444E+00
  0.4669444444444E+00
  0.4669444444444E+00
  0.4669444444444E+00
  0.4669444444444E+00
  0.4669444444444E+00
  0.4669444444444E+00
  0.4669444444444E+00
  0.4669444444444E+00
  0.4669444444444E+00
  0.4669444444444E+00
  0.4669444444444E+00
  0.4669444444444E+00
  0.4669444444444E+00
  0.5025000000000E+00
  0.5025000000000E+00
  0.5025000000000E+00
  0.5025000000000E+00
  0.5025000000000E+00
  0.5025000000000E+00
  0.5025000000000E+00
  0.5025000000000E+00
  0.5025000000000E+00
  0.5242255004969E+00
  0.5025000000000E+00
  0.5025000000000E+00
  0.5025000000000E+00
  0.5025000000000E+00
  0.5025000000000E+00
  0.5025000000000E+00
  0.5025000000000E+00
  0.5025000000000E+00
  0.5025000000000E+00
  0.6989519401663E+00
  0.5964612334809E+00
  0.5025000000000E+00
  0.5025000000000E+00
  0.5025000000000E+00
  0.5137320804571E+00
  0.5586423332144E+00
  0.6983821108521E+00
  0.6999819546142E+00
  0.5025000000000E+00
  0.5025000000000E+00
  0.5025000000000E+00
  0.5025000000000E+00
  0.5025000000000E+00
  0.5025000000000E+00
  0.5025000000000E+00
  0.5025000000000E+00
  0.7000000000000E+00
  0.6999911112648E+00
  0.7000000000000E+00
  0.7000000000000E+00
  0.7000000000000E+00
  0.6999810731173E+00
  0.7000000000000E+00
  0.7000000000000E+00
  0.7000000000000E+00
  0.6997076245021E+00
  0.7000000000000E+00
  0.6999986741442E+00
  0.7000000000000E+00
  0.7000000000000E+00
  0.7000000000000E+00
  0.7000000000000E+00
  0.7000000000000E+00
  0.7000000000000E+00
  0.7000000000000E+00
  0.7000000000000E+00
  0.5402777777778E+00
  0.5402777777778E+00
  0.5402777777778E+00
  0.5402777777778E+00
  0.7000000000000E+00
  0.6998963906883E+00
  0.7000000000000E+00
  0.7000000000000E+00
  0.6999332114391E+00
  0.7000000000000E+00
  0.6998929034077E+00
  0.7000000000000E+00
  0.6999983741460E+00
  0.7000000000000E+00
  0.7000000000000E+00
  0.6999681305023E+00
  0.3632749066897E+00
  0.3632749066897E+00
  0.3632749066897E+00
  0.3632749066897E+00
  0.3632749066897E+00
  0.3632749066897E+00
  0.3632749066897E+00
  0.3632749066897E+00
  0.3632749066897E+00
  0.3632749066897E+00
  0.3632749066897E+00
  0.3632749066897E+00
  0.3632749066897E+00
  0.3632749066897E+00
  0.3632749066897E+00
  0.3632749066897E+00
  0.3632749066897E+00
  0.3632749066897E+00
  0.3632749066897E+00
  0.3632749066897E+00
  0.3632749066897E+00
  0.3632749066897E+00
  0.3632749066897E+00
  0.3632749066897E+00
  0.3632749066897E+00
  0.3632749066897E+00
  0.3632749066897E+00
  0.3632749066897E+00
  0.3632749066897E+00
  0.3632749066897E+00
  0.3632749066897E+00
  0.3632749066897E+00
  0.3632749066897E+00
  0.3632749066897E+00
  0.3632749066897E+00
  0.3632749066897E+00
  0.2169339337342E+01
  0.2169339337342E+01
  0.2169339337342E+01
  0.2169339337342E+01
  0.2169339337342E+01
  0.2169339337342E+01
  0.2169339337342E+01
  0.2169339337342E+01
  0.2169339337342E+01
  0.2169339337342E+01
  0.2169339337342E+01
  0.2169339337342E+01
  0.2169339337342E+01
  0.2169339337342E+01
  0.2169339337342E+01
  0.2169339337342E+01
  0.2169339337342E+01
  0.2169339337342E+01
  0.2169339337342E+01
  0.2169339337342E+01
  0.2169339337342E+01
  0.2169339337342E+01
  0.2169339337342E+01
  0.2169339337342E+01
  0.2169339337342E+01
  0.2169339337342E+01
  0.2169339337342E+01
  0.2169339337342E+01
  0.2169339337342E+01
  0.2169339337342E+01
  0.2169339337342E+01
  0.2169339337342E+01
  0.2169339337342E+01
  0.2169339337342E+01
  0.2169339337342E+01
  0.2169339337342E+01
  0.6522454965530E+01
  0.7670519832516E+01
  0.7495165599370E+01
  0.7458172910946E+01
  0.8135169649220E+01
  0.8327407879168E+01
  0.8278221652918E+01
  0.8319362773185E+01
  0.8341578801891E+01
  0.8428971011569E+01
  0.8111955985813E+01
  0.7692074472538E+01
  0.7788105333026E+01
  0.8021910670518E+01
  0.8191194966088E+01
  0.8166309919586E+01
  0.8129396306180E+01
  0.8313563861780E+01
  0.8573378669195E+01
  0.7858849817624E+01
  0.6090284195779E+01
  0.5009896814740E+01
  0.4320953922133E+01
  0.3773931693470E+01
  0.4115135323438E+01
  0.4306458526659E+01
  0.4755504401797E+01
  0.5348557645966E+01
  0.5588649459597E+01
  0.5968757999321E+01
  0.6530009839912E+01
  0.6994907275255E+01
  0.7003686172048E+01
  0.6521814984263E+01
  0.5888647359570E+01
  0.5479747873559E+01
  0.9857172025276E+01
  0.9619459918058E+01
  0.9421847251093E+01
  0.8978807096620E+01
  0.8815445175771E+01
  0.8756957458254E+01
  0.8391032161702E+01
  0.8223630451466E+01
  0.8586786062086E+01
  0.8722244526533E+01
  0.8353765797850E+01
  0.7917591352776E+01
  0.7854119572894E+01
  0.8332296227477E+01
  0.8797340087298E+01
  0.9044302493723E+01
  0.9120508689003E+01
  0.9136267114102E+01
  0.6305294266507E+01
  0.5154383088523E+01
  0.7301202011916E+01
  0.7182468871809E+01
  0.7326523917141E+01
  0.7942838578828E+01
  0.8329073552883E+01
  0.8688300667987E+01
  0.9049436808745E+01
  0.9665437425342E+01
  0.1026649120577E+02
  0.1024360975765E+02
  0.1032648244276E+02
  0.1079533235446E+02
  0.1089954185327E+02
  0.1034447554144E+02
  0.1029210399462E+02
  0.1037781969186E+02
  0.1021644446608E+02
  0.9618279788411E+01
  0.8967761497845E+01
  0.8659212637860E+01
  0.8321986525934E+01
  0.7838900615116E+01
  0.7175536297692E+01
  0.6521254978880E+01
  0.7112461846544E+01
  0.7750265573038E+01
  0.7430787243418E+01
  0.7029651985462E+01
  0.7010206101066E+01
  0.7435056043473E+01
  0.7858023113723E+01
  0.8022917552082E+01
  0.8510430557339E+01
  0.8883618409122E+01
  0.5983151349908E+01
  0.4328998632948E+01
  0.6829386291008E+01
  0.7439131868139E+01
  0.7756509607240E+01
  0.8401457580297E+01
  0.8399506982039E+01
  0.8727885925079E+01
  0.9054251656038E+01
  0.8722861204896E+01
  0.8954652666938E+01
  0.9547028992001E+01
  0.9609109499447E+01
  0.9941306840431E+01
  0.1027132369953E+02
  0.1026003709165E+02
  0.1053541968101E+02
  0.1062423536318E+02
  0.9349070206886E+01
  0.8603650469067E+01
  0.7969429764553E+01
  0.7673640063681E+01
  0.7120176957718E+01
  0.6472821998325E+01
  0.4517503849174E+01
  0.3429887809401E+01
  0.4779121777172E+01
  0.5327516775774E+01
  0.5719525848602E+01
  0.5808032459743E+01
  0.5886598353138E+01
  0.6112721278542E+01
  0.6508357102160E+01
  0.6812514866823E+01
  0.7036283557561E+01
  0.6995002217248E+01
  0.4935243520235E+01
  0.3604915626056E+01
  0.6226786490424E+01
  0.7222731243684E+01
  0.7150538767692E+01
  0.7443134162806E+01
  0.7492588202443E+01
  0.8069863991163E+01
  0.8031416289171E+01
  0.7323604600074E+01
  0.7055515100427E+01
  0.7497082050918E+01
  0.7803759532744E+01
  0.8475782278453E+01
  0.9221564830519E+01
  0.9504187939928E+01
  0.9894979527372E+01
  0.9876723425067E+01
  0.7835612431010E+01
  0.7014128752296E+01
  0.6150947932499E+01
  0.5807399274839E+01
  0.6004813386284E+01
  0.5692546476994E+01
  0.5039651982681E+01
  0.4845338719963E+01
  0.4591302225370E+01
  0.4523932407613E+01
  0.4839545713518E+01
  0.4857438647988E+01
  0.4977323845087E+01
  0.5237607806825E+01
  0.5646202576517E+01
  0.5841140353984E+01
  0.5763141587037E+01
  0.5571769591924E+01
  0.3818136639763E+01
  0.2530446951557E+01
  0.4733784715918E+01
  0.5779057860231E+01
  0.6205382524040E+01
  0.6651714389508E+01
  0.6523098333790E+01
  0.6825363568040E+01
  0.6933057922154E+01
  0.6481475872383E+01
  0.5962226988891E+01
  0.5456434713334E+01
  0.5889924232218E+01
  0.7010625213311E+01
  0.7692559127108E+01
  0.8078578508498E+01
  0.8436986416191E+01
  0.8400506658491E+01
  0.6418464422052E+01
  0.5616320547228E+01
  0.5039038929958E+01
  0.3728210688722E+01
  0.2520313051435E+01
  0.4169180807351E+01
  0.4093487015737E+01
  0.4111494918954E+01
  0.3740951728934E+01
  0.3192096404603E+01
  0.3595381324571E+01
  0.3366632746920E+01
  0.3484318962838E+01
  0.3985806050410E+01
  0.4388878475587E+01
  0.4286102891255E+01
  0.4387152238974E+01
  0.4985223903922E+01
  0.2427088900708E+01
  0.0000000000000E+00
  0.2685103030801E+01
  0.3883230803459E+01
  0.4765837315263E+01
  0.5508672203276E+01
  0.5817188068434E+01
  0.5591606670173E+01
  0.5613327249557E+01
  0.4849296685150E+01
  0.4123619114373E+01
  0.3257125699876E+01
  0.3446970651688E+01
  0.4532180424841E+01
  0.5209429706825E+01
  0.5527891781801E+01
  0.6140240464947E+01
  0.6450983513572E+01
  0.6228331433358E+01
  0.2264951391738E+01
  0.2267516932453E+01
  0.1186614039945E+01
  0.0000000000000E+00
  0.3790867140760E+01
  0.3237123128677E+01
  0.3542822159997E+01
  0.3357799558157E+01
  0.3372894312415E+01
  0.3449194592940E+01
  0.2055848372065E+01
  0.1281795056829E+01
  0.1203915923818E+01
  0.1839336195349E+01
  0.2497185855687E+01
  0.3077731222884E+01
  0.5277497327430E+01
  0.8162989897059E+00
  0.0000000000000E+00
  0.1780287832600E+01
  0.1823460652733E+01
  0.2258011629033E+01
  0.3017263056287E+01
  0.3479088061866E+01
  0.3799959211736E+01
  0.5693513870892E+01
  0.6747489410269E+00
  0.1059380175985E+01
  0.2816553052507E+01
  0.3563352845633E+01
  0.3079056717969E+01
  0.2403501117616E+01
  0.3571693440050E+01
  0.4158239137094E+01
  0.4757253114408E+01
  0.7048704459040E+01
  0.2297919644540E+01
  0.0000000000000E+00
  0.0000000000000E+00
  0.0000000000000E+00
  0.4223047176517E+01
  0.4550673310816E+01
  0.4505604855008E+01
  0.4453487178298E+01
  0.4326467564842E+01
  0.4241298414095E+01
  0.3745506127281E+01
  0.3413911674169E+01
  0.3485908882875E+01
  0.3604934986628E+01
  0.3262254944031E+01
  0.3988940903119E+01
  0.5861692555386E+01
  0.2454016981971E+01
  0.0000000000000E+00
  0.6916266155069E+00
  0.3032944556355E+01
  0.3020098328820E+01
  0.1926745072994E+01
  0.1765208753160E+01
  0.4011386367904E+01
  0.7140421692408E+01
  0.3619971466246E+01
  0.9818864980944E+00
  0.4267229599512E+01
  0.5385806993197E+01
  0.5603506690017E+01
  0.5392096079485E+01
  0.4968956887173E+01
  0.4826120423074E+01
  0.5052322924748E+01
  0.7628245520973E+01
  0.2863671251287E+01
  0.0000000000000E+00
  0.0000000000000E+00
  0.0000000000000E+00
  0.4826767866488E+01
  0.5754906983427E+01
  0.5618460177233E+01
  0.5487526615167E+01
  0.5478909826856E+01
  0.5135247241261E+01
  0.4603822744089E+01
  0.4554503552702E+01
  0.4636585534902E+01
  0.4764585247097E+01
  0.5039678076561E+01
  0.5410687679831E+01
  0.6360740022201E+01
  0.3468692518197E+01
  0.0000000000000E+00
  0.0000000000000E+00
  0.3814199965035E+01
  0.4113688929499E+01
  0.3885706471494E+01
  0.4277625194250E+01
  0.5677607364077E+01
  0.7825726838442E+01
  0.3856189539849E+01
  0.0000000000000E+00
  0.4848829664646E+01
  0.5460800800034E+01
  0.6098499710909E+01
  0.6666498703408E+01
  0.6854550762775E+01
  0.6829031287726E+01
  0.6965907851662E+01
  0.7541896445804E+01
  0.3035484865304E+01
  0.0000000000000E+00
  0.0000000000000E+00
  0.4522255990188E+01
  0.6202380615343E+01
  0.6309518627463E+01
  0.6298564013573E+01
  0.6202393394535E+01
  0.5947595071608E+01
  0.5522625925268E+01
  0.5369410964914E+01
  0.5333489142305E+01
  0.5558422314643E+01
  0.5771619243437E+01
  0.6011319356564E+01
  0.6359672119535E+01
  0.6658718102289E+01
  0.4022719232573E+01
  0.5795667432648E+00
  0.0000000000000E+00
  0.3351430444447E+01
  0.4265909693773E+01
  0.4781079394560E+01
  0.5642740209970E+01
  0.6637966156330E+01
  0.7662444797438E+01
  0.3542319418207E+01
  0.0000000000000E+00
  0.4662202717969E+01
  0.4600671154876E+01
  0.6436276683325E+01
  0.7618055222773E+01
  0.8148913089816E+01
  0.8351602638707E+01
  0.8025424042383E+01
  0.7115048733456E+01
  0.3688855236506E+01
  0.1082695567628E+01
  0.2795646378992E+01
  0.5639566157917E+01
  0.6674971855418E+01
  0.6530456633069E+01
  0.6118484094899E+01
  0.5844820808320E+01
  0.5667836500001E+01
  0.5499596925960E+01
  0.5588133832572E+01
  0.5710465471816E+01
  0.6095491866246E+01
  0.6666129809332E+01
  0.6902461403323E+01
  0.6947801609031E+01
  0.6901147478004E+01
  0.3919215033298E+01
  0.5256074834777E+00
  0.0000000000000E+00
  0.1220801147502E+01
  0.3873387793801E+01
  0.5646019615425E+01
  0.6251063675099E+01
  0.6718807851584E+01
  0.7080803538260E+01
  0.2874908394360E+01
  0.0000000000000E+00
  0.4185663724342E+01
  0.3995382579483E+01
  0.6416957465202E+01
  0.7925936377048E+01
  0.8577477524698E+01
  0.8911675810158E+01
  0.8386162592646E+01
  0.6537021033590E+01
  0.3589030174880E+01
  0.9775502698545E+00
  0.4062560600264E+01
  0.6069218558653E+01
  0.6428684253093E+01
  0.6180082460051E+01
  0.5930330379506E+01
  0.5618400772133E+01
  0.5386731516036E+01
  0.5312298012426E+01
  0.5548510698730E+01
  0.6140889990092E+01
  0.6639051110918E+01
  0.7099963083477E+01
  0.7414107057153E+01
  0.7269800790906E+01
  0.6984000972268E+01
  0.3763203921505E+01
  0.0000000000000E+00
  0.0000000000000E+00
  0.0000000000000E+00
  0.4363374611884E+01
  0.6470759615264E+01
  0.6877160893727E+01
  0.6748647110956E+01
  0.5927400221372E+01
  0.1256768552645E+01
  0.0000000000000E+00
  0.3400947360574E+01
  0.4794855858939E+01
  0.6061457319554E+01
  0.7436967195929E+01
  0.8043703359162E+01
  0.8395212072923E+01
  0.8024870088901E+01
  0.5725883652688E+01
  0.3582978969301E+01
  0.2509309168597E+01
  0.4012961301105E+01
  0.5030199100196E+01
  0.5132900103241E+01
  0.5047832544110E+01
  0.4903628262292E+01
  0.4729680323288E+01
  0.4919168311228E+01
  0.5191702224750E+01
  0.5633905083644E+01
  0.6272829494199E+01
  0.6697489837681E+01
  0.7063642829278E+01
  0.7432678208101E+01
  0.7260113079328E+01
  0.6488614825532E+01
  0.3182303969196E+01
  0.0000000000000E+00
  0.0000000000000E+00
  0.0000000000000E+00
  0.4804563266037E+01
  0.6868393885278E+01
  0.6949695920457E+01
  0.6412924607161E+01
  0.4659834323664E+01
  0.7435981750896E+00
  0.0000000000000E+00
  0.3391098977550E+01
  0.6309201926244E+01
  0.6280940239069E+01
  0.6314583836133E+01
  0.6923532999503E+01
  0.7017561557126E+01
  0.6848144096503E+01
  0.4034789226126E+01
  0.2392033110034E+01
  0.3201420666607E+01
  0.3013326363469E+01
  0.3524271909027E+01
  0.3648015578752E+01
  0.3365138497438E+01
  0.3656167996623E+01
  0.3980696334101E+01
  0.4780770875455E+01
  0.5446793899115E+01
  0.5924601186695E+01
  0.6259847682721E+01
  0.6491370149784E+01
  0.6807594623270E+01
  0.7051619871032E+01
  0.6785197006223E+01
  0.4771746476589E+01
  0.1903756221464E+01
  0.0000000000000E+00
  0.0000000000000E+00
  0.0000000000000E+00
  0.5119650017000E+01
  0.7058468919556E+01
  0.6771234760516E+01
  0.5886634643140E+01
  0.4086668927480E+01
  0.8757228405336E+00
  0.0000000000000E+00
  0.3803366322279E+01
  0.5937029718482E+01
  0.5329170559607E+01
  0.4840173928456E+01
  0.4959229738188E+01
  0.4872193349105E+01
  0.5099820172055E+01
  0.2359015337827E+01
  0.1938126151260E+01
  0.2887777237718E+01
  0.1868297459263E+01
  0.2546804277020E+01
  0.1894503893919E+01
  0.2009151204600E+01
  0.3065026864105E+01
  0.4099185407502E+01
  0.5035738008450E+01
  0.5646177984624E+01
  0.5928534009448E+01
  0.6103463232720E+01
  0.6129219793854E+01
  0.6095404131561E+01
  0.6010108950487E+01
  0.5695519161844E+01
  0.3109394055061E+01
  0.0000000000000E+00
  0.0000000000000E+00
  0.0000000000000E+00
  0.1361117115062E+01
  0.5103948929952E+01
  0.6727281028852E+01
  0.6186656892989E+01
  0.5460210079696E+01
  0.3714716271493E+01
  0.8347964036659E+00
  0.0000000000000E+00
  0.3271784846575E+01
  0.4632723194698E+01
  0.3862067299587E+01
  0.3042502796190E+01
  0.2979738030448E+01
  0.2751788389231E+01
  0.2735774619174E+01
  0.1951690147871E+01
  0.9774970142636E+00
  0.2167109951683E+01
  0.1618719723431E+01
  0.1756661219544E+01
  0.1321148637141E+01
  0.2175024794618E+01
  0.3582203060419E+01
  0.4637995277096E+01
  0.5172014283304E+01
  0.5552187979061E+01
  0.5746584908911E+01
  0.5861003074163E+01
  0.5754135864630E+01
  0.5202033437235E+01
  0.4802138397695E+01
  0.4604464919822E+01
  0.2315168862731E+01
  0.0000000000000E+00
  0.0000000000000E+00
  0.1053887398462E+01
  0.5005826276686E+01
  0.6514343579429E+01
  0.5869717543810E+01
  0.5362111503971E+01
  0.5124661994568E+01
  0.2431566704324E+01
  0.1506759103958E+00
  0.0000000000000E+00
  0.1976172075699E+01
  0.3734448394478E+01
  0.2373050410136E+01
  0.1938885181643E+01
  0.3076328848698E+01
  0.3552094625319E+01
  0.3207225455190E+01
  0.1735902622384E+01
  0.7862762746595E+00
  0.1974827955613E+01
  0.2453072738135E+01
  0.1110071799188E+01
  0.2207385041368E+01
  0.3198387185637E+01
  0.4154003977168E+01
  0.4908985079080E+01
  0.5316547117309E+01
  0.5546951448801E+01
  0.5824639747164E+01
  0.5619065502728E+01
  0.5428525426944E+01
  0.4834665734365E+01
  0.4647002761446E+01
  0.4707818298578E+01
  0.3376648384771E+01
  0.2703953289668E+01
  0.0000000000000E+00
  0.3244369239028E+01
  0.5206554916439E+01
  0.5657379804483E+01
  0.4926278406878E+01
  0.4859738015234E+01
  0.4589779456612E+01
  0.2185777489461E+01
  0.1342903804396E+01
  0.0000000000000E+00
  0.0000000000000E+00
  0.3810765593160E+01
  0.2173687977569E+01
  0.2696120934317E+01
  0.3720871652208E+01
  0.4251902206864E+01
  0.2848513025918E+01
  0.3065459146096E+01
  0.1735681012191E+01
  0.1125623362440E+01
  0.2382500898213E+01
  0.2866322025500E+01
  0.3954106828685E+01
  0.4591334664068E+01
  0.5082089534503E+01
  0.5484290751834E+01
  0.5690931730928E+01
  0.5913405154346E+01
  0.5937252015401E+01
  0.5531099969241E+01
  0.5342843199013E+01
  0.4903352570023E+01
  0.4430788090579E+01
  0.4159801486646E+01
  0.2906841419788E+01
  0.2105018068106E+01
  0.0000000000000E+00
  0.4541819989669E+01
  0.5735434091362E+01
  0.5180728701085E+01
  0.3796251455918E+01
  0.3425822422515E+01
  0.3338991320938E+01
  0.2385436329112E+01
  0.0000000000000E+00
  0.0000000000000E+00
  0.0000000000000E+00
  0.4786377354252E+01
  0.3373182098745E+01
  0.3501019951156E+01
  0.4125641174103E+01
  0.4468379450332E+01
  0.2505770524435E+01
  0.4077134156764E+01
  0.2674170349258E+01
  0.2281294903795E+01
  0.3330445514178E+01
  0.4432795631954E+01
  0.5524465510824E+01
  0.5964267318535E+01
  0.6322999436202E+01
  0.6671380138127E+01
  0.6760931322972E+01
  0.6743336819655E+01
  0.6153839011054E+01
  0.5621690989929E+01
  0.4829698164747E+01
  0.3934280587620E+01
  0.3217735647689E+01
  0.2536870200583E+01
  0.2935854883250E+01
  0.4753916904945E-01
  0.2534067853207E+01
  0.5738212707556E+01
  0.6934537468955E+01
  0.6016590887130E+01
  0.3648388558545E+01
  0.8740998908397E+00
  0.7668269718216E+00
  0.0000000000000E+00
  0.0000000000000E+00
  0.0000000000000E+00
  0.0000000000000E+00
  0.3829104616568E+01
  0.3990830567253E+01
  0.4459099990875E+01
  0.3608436031017E+01
  0.3865257578039E+01
  0.2366024440842E+01
  0.4475759602199E+01
  0.2801565686720E+01
  0.3504261049782E+01
  0.4458420643016E+01
  0.5402983603399E+01
  0.6255447475966E+01
  0.6627485985330E+01
  0.7071380622354E+01
  0.7485612416024E+01
  0.7677036037092E+01
  0.7643733817962E+01
  0.7211112975692E+01
  0.6667293003151E+01
  0.5694378792560E+01
  0.4012112552680E+01
  0.3247102711894E+01
  0.3927996795573E+01
  0.5584459202608E+01
  0.4215885065605E+01
  0.4921187696754E+01
  0.7282633416693E+01
  0.7559926657606E+01
  0.6926245043319E+01
  0.5196821304294E+01
  0.1417237462381E+01
  0.0000000000000E+00
  0.0000000000000E+00
  0.0000000000000E+00
  0.0000000000000E+00
  0.0000000000000E+00
  0.2142071257085E+01
  0.4721187472556E+01
  0.5271452430593E+01
  0.3653676578904E+01
  0.3729238933222E+01
  0.1527848482966E+01
  0.4025426509516E+01
  0.3010641372206E+01
  0.4177440468857E+01
  0.5324750489010E+01
  0.5957706291997E+01
  0.6694007944333E+01
  0.7128961840012E+01
  0.7216049768442E+01
  0.7582068854333E+01
  0.8023020130007E+01
  0.8089482094802E+01
  0.8032851880069E+01
  0.7538548371236E+01
  0.6566224546296E+01
  0.4603654042244E+01
  0.2192144902414E+01
  0.1340289759366E+01
  0.5637432666405E+01
  0.7857659658936E+01
  0.7797503154817E+01
  0.7464906327741E+01
  0.7677869311968E+01
  0.7499748549829E+01
  0.6618870497742E+01
  0.2312936451150E+01
  0.0000000000000E+00
  0.0000000000000E+00
  0.0000000000000E+00
  0.0000000000000E+00
  0.7988238177798E+00
  0.2505181104337E+01
  0.5278912328265E+01
  0.5523855019125E+01
  0.3756987080525E+01
  0.3747614806239E+01
  0.2476114525931E+01
  0.3463526351385E+01
  0.5418087847802E+01
  0.5359107196763E+01
  0.5667062729341E+01
  0.6026353723293E+01
  0.6411089062225E+01
  0.6753206414460E+01
  0.7026785895556E+01
  0.7222868399708E+01
  0.7136898149700E+01
  0.7456109625553E+01
  0.7949057603069E+01
  0.7637721764665E+01
  0.6760568329635E+01
  0.4544277566859E+01
  0.9611561688278E+00
  0.1673949887866E+01
  0.4555055863775E+01
  0.6169396980124E+01
  0.6637531135449E+01
  0.7079719856934E+01
  0.7201450390626E+01
  0.7408920757664E+01
  0.7519185659031E+01
  0.3155162441083E+01
  0.0000000000000E+00
  0.0000000000000E+00
  0.0000000000000E+00
  0.0000000000000E+00
  0.2843547246670E+01
  0.1370361382791E+01
  0.5408579660847E+01
  0.5097722396635E+01
  0.3456196641303E+01
  0.3833742909087E+01
  0.2458693207091E+01
  0.3283558928772E+00
  0.6486099093451E+01
  0.6237279108453E+01
  0.5304866930635E+01
  0.5386136956434E+01
  0.5685501026889E+01
  0.5993453266284E+01
  0.6330833841145E+01
  0.6529633572468E+01
  0.6368543955321E+01
  0.6669422307081E+01
  0.7300057269918E+01
  0.7171358266065E+01
  0.6390353424468E+01
  0.3925916612364E+01
  0.1911395878725E+01
  0.3593453710447E+01
  0.5216927536390E+01
  0.5928059160293E+01
  0.6179256306328E+01
  0.6144880432909E+01
  0.6359582782819E+01
  0.6713859961708E+01
  0.7603705837390E+01
  0.3848050790835E+01
  0.0000000000000E+00
  0.0000000000000E+00
  0.0000000000000E+00
  0.0000000000000E+00
  0.2923670023990E+01
  0.9362069911993E+00
  0.4367004634559E+01
  0.3503029910188E+01
  0.1942937398848E+01
  0.2834472926345E+01
  0.1989193819968E+01
  0.0000000000000E+00
  0.5809101783019E+01
  0.5134520243641E+01
  0.4239636460786E+01
  0.4084575957329E+01
  0.4409439223612E+01
  0.4705027251233E+01
  0.5134768452569E+01
  0.5495957510723E+01
  0.5637548547349E+01
  0.6043903200975E+01
  0.6348566488125E+01
  0.6193632631459E+01
  0.5991374050730E+01
  0.3649961571332E+01
  0.2787148670554E+01
  0.3448237568197E+01
  0.4769051531485E+01
  0.4930020812098E+01
  0.4940641239466E+01
  0.4943481464698E+01
  0.5291672970624E+01
  0.5819100687349E+01
  0.6945380558087E+01
  0.3776947424921E+01
  0.0000000000000E+00
  0.0000000000000E+00
  0.0000000000000E+00
  0.0000000000000E+00
  0.0000000000000E+00
  0.1953335512595E+01
  0.2196431167818E+01
  0.1423609386170E+01
  0.0000000000000E+00
  0.0000000000000E+00
  0.0000000000000E+00
  0.0000000000000E+00
  0.3594357724690E+01
  0.4485785183231E+01
  0.2028175332815E+01
  0.2194949322226E+01
  0.2329273301075E+01
  0.1607880259135E+01
  0.2822574829278E+01
  0.3301496415106E+01
  0.3238963544793E+01
  0.4001393075950E+01
  0.5019003100532E+01
  0.5624198121925E+01
  0.5774402912358E+01
  0.2658455841788E+01
  0.0000000000000E+00
  0.2719362478267E+01
  0.3074707183065E+01
  0.2213711537167E+01
  0.2699133868755E+01
  0.2965516704696E+01
  0.3360506481101E+01
  0.4285647295479E+01
  0.5941463362773E+01
  0.4248582129003E+01
  0.0000000000000E+00
  0.0000000000000E+00
  0.1033984096878E+01
  0.0000000000000E+00
  0.0000000000000E+00
  0.2839564612132E+01
  0.2324370399832E+01
  0.0000000000000E+00
  0.0000000000000E+00
  0.0000000000000E+00
  0.0000000000000E+00
  0.0000000000000E+00
  0.8867312312440E+00
  0.3914474301793E+01
  0.4009529826065E+01
  0.4894018966616E+01
  0.5109696940671E+01
  0.5070157868831E+01
  0.4507590710388E+01
  0.4055619174940E+01
  0.3690291504011E+01
  0.2560692078942E+01
  0.2341561936244E+01
  0.5279951344887E+01
  0.5541130873874E+01
  0.3580121673752E+01
  0.0000000000000E+00
  0.0000000000000E+00
  0.1495435380577E+01
  0.2793719529153E+01
  0.3970437531760E+01
  0.3596597023510E+01
  0.2197525873137E+01
  0.2514012146940E+01
  0.4881996892620E+01
  0.5438503108778E+01
  0.1700976473724E+01
  0.0000000000000E+00
  0.2532691156274E+01
  0.3888735303786E+01
  0.3278489894703E+01
  0.1473050338704E+01
  0.0000000000000E+00
  0.0000000000000E+00
  0.0000000000000E+00
  0.0000000000000E+00
  0.0000000000000E+00
  0.0000000000000E+00
  0.2140861985721E+01
  0.2659729017871E+01
  0.3052393257159E+01
  0.4519116063363E+01
  0.5897356903846E+01
  0.6611683740744E+01
  0.6723476927875E+01
  0.6313818601211E+01
  0.5669071056531E+01
  0.4968395397009E+01
  0.4095267782288E+01
  0.5502399938831E+01
  0.3659591717990E+01
  0.0000000000000E+00
  0.0000000000000E+00
  0.0000000000000E+00
  0.0000000000000E+00
  0.4131351552164E+01
  0.6065408161545E+01
  0.6088862100153E+01
  0.5085755509566E+01
  0.3880139827198E+01
  0.4276985952773E+01
  0.5413813319766E+01
  0.1611351121343E+01
  0.2562562187061E+01
  0.3071990817348E+01
  0.3864488715092E+01
  0.3020983992248E+01
  0.0000000000000E+00
  0.0000000000000E+00
  0.0000000000000E+00
  0.0000000000000E+00
  0.0000000000000E+00
  0.0000000000000E+00
  0.0000000000000E+00
  0.1972383289802E+01
  0.3080112991121E+01
  0.3638992756544E+01
  0.4996693211995E+01
  0.5816084159959E+01
  0.6819332938801E+01
  0.7224464407793E+01
  0.7057241363450E+01
  0.6635094690038E+01
  0.5995130400098E+01
  0.5198760210490E+01
  0.5380062605532E+01
  0.2801740152843E+01
  0.0000000000000E+00
  0.0000000000000E+00
  0.0000000000000E+00
  0.0000000000000E+00
  0.3912588716460E+01
  0.5879895522880E+01
  0.6711712648659E+01
  0.6528679151072E+01
  0.5783002060599E+01
  0.4789614603233E+01
  0.5394957535874E+01
  0.2169702444354E+01
  0.3196261939934E+01
  0.2540157826625E+01
  0.8978834373486E+00
  0.0000000000000E+00
  0.0000000000000E+00
  0.0000000000000E+00
  0.0000000000000E+00
  0.0000000000000E+00
  0.0000000000000E+00
  0.0000000000000E+00
  0.0000000000000E+00
  0.0000000000000E+00
  0.1854318653802E+01
  0.4002475065274E+01
  0.5567542219513E+01
  0.6029825166478E+01
  0.6258648048786E+01
  0.6680969864071E+01
  0.6944913495777E+01
  0.6762076642943E+01
  0.6591244533834E+01
  0.6209076361419E+01
  0.5463989768876E+01
  0.3502332996536E+01
  0.0000000000000E+00
  0.0000000000000E+00
  0.0000000000000E+00
  0.0000000000000E+00
  0.2038685411685E+01
  0.4423891806850E+01
  0.5624391630766E+01
  0.6900353431257E+01
  0.7559634703890E+01
  0.6505993311115E+01
  0.5336270381021E+01
  0.2882351235234E+01
  0.1648271348196E+01
  0.1213081396747E+01
  0.0000000000000E+00
  0.0000000000000E+00
  0.0000000000000E+00
  0.0000000000000E+00
  0.0000000000000E+00
  0.0000000000000E+00
  0.0000000000000E+00
  0.0000000000000E+00
  0.0000000000000E+00
  0.0000000000000E+00
  0.0000000000000E+00
  0.2796843457659E+01
  0.3847909258861E+01
  0.5687475392302E+01
  0.6095854639118E+01
  0.5413035918168E+01
  0.5556243743258E+01
  0.5992625910991E+01
  0.6474346141523E+01
  0.6561663125942E+01
  0.5605862661508E+01
  0.3375531094299E+01
  0.0000000000000E+00
  0.0000000000000E+00
  0.0000000000000E+00
  0.0000000000000E+00
  0.0000000000000E+00
  0.3460884465767E+01
  0.5729555516484E+01
  0.7735562710475E+01
  0.8272791474835E+01
  0.7301960871947E+01
  0.6558982426078E+01
  0.4335855562018E+01
  0.0000000000000E+00
  0.0000000000000E+00
  0.0000000000000E+00
  0.0000000000000E+00
  0.0000000000000E+00
  0.0000000000000E+00
  0.0000000000000E+00
  0.0000000000000E+00
  0.0000000000000E+00
  0.0000000000000E+00
  0.0000000000000E+00
  0.0000000000000E+00
  0.0000000000000E+00
  0.1638699026419E+01
  0.3061041633526E+01
  0.2786156146713E+01
  0.2856633872786E+01
  0.2667381645984E+01
  0.3700512020689E+01
  0.4785614516523E+01
  0.5827367840222E+01
  0.6334563925676E+01
  0.3836846681313E+01
  0.1402456125529E+01
  0.0000000000000E+00
  0.0000000000000E+00
  0.0000000000000E+00
  0.2619346064063E+01
  0.2403421172562E+01
  0.1970736306043E+01
  0.5619568127751E+01
  0.7589979598991E+01
  0.8033915223886E+01
  0.8009424897480E+01
  0.6652388075239E+01
  0.3834873878676E+01
  0.2231597632944E+01
  0.1841903610191E+01
  0.0000000000000E+00
  0.0000000000000E+00
  0.0000000000000E+00
  0.0000000000000E+00
  0.0000000000000E+00
  0.0000000000000E+00
  0.0000000000000E+00
  0.0000000000000E+00
  0.0000000000000E+00
  0.0000000000000E+00
  0.0000000000000E+00
  0.1635898401158E+01
  0.1856145024865E+01
  0.3745813247143E+00
  0.3938449269106E+01
  0.5555634076560E+01
  0.4498565054103E+01
  0.1654968275807E+01
  0.3585536754932E+01
  0.4929635114515E+01
  0.2648895738019E+01
  0.0000000000000E+00
  0.0000000000000E+00
  0.0000000000000E+00
  0.1701158521974E+01
  0.2484321978253E+01
  0.2132167182380E+01
  0.3655223436003E+01
  0.4954344270577E+01
  0.7257626208191E+01
  0.7547181819033E+01
  0.7265560171008E+01
  0.6863117115064E+01
  0.6141068728659E+01
  0.3828225669826E+01
  0.3126515345455E+01
  0.2852568799323E+01
  0.0000000000000E+00
  0.0000000000000E+00
  0.0000000000000E+00
  0.0000000000000E+00
  0.0000000000000E+00
  0.0000000000000E+00
  0.0000000000000E+00
  0.1512034028753E+01
  0.1512034028753E+01
  0.1512034028753E+01
  0.1512034028753E+01
  0.1512034028753E+01
  0.1512034028753E+01
  0.1512034028753E+01
  0.1512034028753E+01
  0.1512034028753E+01
  0.1512034028753E+01
  0.1512034028753E+01
  0.1512034028753E+01
  0.1512034028753E+01
  0.1512034028753E+01
  0.1512034028753E+01
  0.1512034028753E+01
  0.1512034028753E+01
  0.1512034028753E+01
  0.1512034028753E+01
  0.1512034028753E+01
  0.1512034028753E+01
  0.1512034028753E+01
  0.1512034028753E+01
  0.1512034028753E+01
  0.1512034028753E+01
  0.1512034028753E+01
  0.1512034028753E+01
  0.1512034028753E+01
  0.1512034028753E+01
  0.1512034028753E+01
  0.1512034028753E+01
  0.1512034028753E+01
  0.1512034028753E+01
  0.1512034028753E+01
  0.1512034028753E+01
  0.1512034028753E+01
  0.2347610834375E+01
  0.2347610834375E+01
  0.2347610834375E+01
  0.2347610834375E+01
  0.2347610834375E+01
  0.2347610834375E+01
  0.2347610834375E+01
  0.2347610834375E+01
  0.2347610834375E+01
  0.2347610834375E+01
  0.2347610834375E+01
  0.2347610834375E+01
  0.2347610834375E+01
  0.2347610834375E+01
  0.2347610834375E+01
  0.2347610834375E+01
  0.2347610834375E+01
  0.2347610834375E+01
  0.2347610834375E+01
  0.2347610834375E+01
  0.2347610834375E+01
  0.2347610834375E+01
  0.2347610834375E+01
  0.2347610834375E+01
  0.2347610834375E+01
  0.2347610834375E+01
  0.2347610834375E+01
  0.2347610834375E+01
  0.2347610834375E+01
  0.2347610834375E+01
  0.2347610834375E+01
  0.2347610834375E+01
  0.2347610834375E+01
  0.2347610834375E+01
  0.2347610834375E+01
  0.2347610834375E+01
  0.7056552016057E+01
  0.7456230767589E+01
  0.7867939669276E+01
  0.8215400627678E+01
  0.8496418019231E+01
  0.8693308024371E+01
  0.8793779347460E+01
  0.8814344460231E+01
  0.8775243227663E+01
  0.8699092685595E+01
  0.8606201785734E+01
  0.8520805398274E+01
  0.8454652386184E+01
  0.8421655778768E+01
  0.8419324045013E+01
  0.8434851797633E+01
  0.8449934542841E+01
  0.8433252239006E+01
  0.8341214027349E+01
  0.8138926450114E+01
  0.7854314239816E+01
  0.7532106194179E+01
  0.7248066751418E+01
  0.7047623932451E+01
  0.6941330680171E+01
  0.6925417712603E+01
  0.6971561981058E+01
  0.7050577517992E+01
  0.7134510917444E+01
  0.7214706871216E+01
  0.7285618598610E+01
  0.7331197193405E+01
  0.7328453693555E+01
  0.7246935393920E+01
  0.7083745284842E+01
  0.6927204410005E+01
  0.3111093702291E+02
  0.3827864229682E+02
  0.4207020692396E+02
  0.4418938006445E+02
  0.4622470052667E+02
  0.4761518565471E+02
  0.4781710503110E+02
  0.4746580654139E+02
  0.4672057422669E+02
  0.4581362663929E+02
  0.4473643858517E+02
  0.4399676223609E+02
  0.4338753881024E+02
  0.4339233208080E+02
  0.4386518914819E+02
  0.4459307476389E+02
  0.4556800701912E+02
  0.4656242964584E+02
  0.4686433204771E+02
  0.4516104828479E+02
  0.4253905913846E+02
  0.3896825712425E+02
  0.3622280026003E+02
  0.3474461794345E+02
  0.3419992272984E+02
  0.3475950966023E+02
  0.3575774854634E+02
  0.3694819862728E+02
  0.3772967365481E+02
  0.3834466927469E+02
  0.3897749559062E+02
  0.3946907162224E+02
  0.3975976756511E+02
  0.3915585975800E+02
  0.3654067895472E+02
  0.3022030226871E+02
  0.6559438737535E+02
  0.7153553530119E+02
  0.7464676274651E+02
  0.7664315304933E+02
  0.8079609719216E+02
  0.8442471833173E+02
  0.8237394579402E+02
  0.8074775475981E+02
  0.7824131341355E+02
  0.7610935815442E+02
  0.7161539243025E+02
  0.6989736351641E+02
  0.6669960000876E+02
  0.6718018452632E+02
  0.6930156787330E+02
  0.7180216866705E+02
  0.7464543940701E+02
  0.7893500393779E+02
  0.8259786690916E+02
  0.7619990505596E+02
  0.6938161679745E+02
  0.5484185314529E+02
  0.4645869734277E+02
  0.4389363027838E+02
  0.4319763225820E+02
  0.4605461178926E+02
  0.4954725841363E+02
  0.5494526487522E+02
  0.5672360040848E+02
  0.5946537741919E+02
  0.6128464430499E+02
  0.6249690252066E+02
  0.6310834176265E+02
  0.6211057515623E+02
  0.6088224348615E+02
  0.6086047254806E+02
  0.7655849989085E+02
  0.7742088054866E+02
  0.7870195688738E+02
  0.8037456348043E+02
  0.8068639622009E+02
  0.8083581052698E+02
  0.8169124679385E+02
  0.7481418385337E+02
  0.7340830959367E+02
  0.7075514919682E+02
  0.7238416764213E+02
  0.7468518818561E+02
  0.7361479285206E+02
  0.7659787561961E+02
  0.7839980585177E+02
  0.8022033274207E+02
  0.8233677691001E+02
  0.8681892779104E+02
  0.8553950275634E+02
  0.6995670704332E+02
  0.6903917028842E+02
  0.6273345663289E+02
  0.5746379790993E+02
  0.5846244855635E+02
  0.5971897188810E+02
  0.6419110359863E+02
  0.6598138027566E+02
  0.6685147975605E+02
  0.6802744592571E+02
  0.6795456936465E+02
  0.7010798379532E+02
  0.6904191406432E+02
  0.7569123411550E+02
  0.7770452704237E+02
  0.7832847254256E+02
  0.7346367398146E+02
  0.7893163434508E+02
  0.7783785679012E+02
  0.8090186777078E+02
  0.8203294865353E+02
  0.8049367607825E+02
  0.8445106319001E+02
  0.8517593404207E+02
  0.7917968134329E+02
  0.7496633582535E+02
  0.7607867295330E+02
  0.7759677231901E+02
  0.7952054703137E+02
  0.7830946669721E+02
  0.8138473836786E+02
  0.8018993548713E+02
  0.8164269123106E+02
  0.8412724020782E+02
  0.8653246515852E+02
  0.7447986548200E+02
  0.4158746725140E+02
  0.5473847537276E+02
  0.5809724461154E+02
  0.6018578910201E+02
  0.6281607319081E+02
  0.6612357993446E+02
  0.7013649385253E+02
  0.7005523848518E+02
  0.6704972357227E+02
  0.6748526168389E+02
  0.7109578205781E+02
  0.7468349143537E+02
  0.7125027518103E+02
  0.7763405098398E+02
  0.7883529792936E+02
  0.8008963283014E+02
  0.7979146312925E+02
  0.7500564391341E+02
  0.7277906598199E+02
  0.7752801158241E+02
  0.7431533222198E+02
  0.6962372249737E+02
  0.8557739360616E+02
  0.8351434918780E+02
  0.7974802198394E+02
  0.8221463067223E+02
  0.8021349506410E+02
  0.8092563420679E+02
  0.8127330747138E+02
  0.8037757334975E+02
  0.8281251078957E+02
  0.8225972991886E+02
  0.8269125806781E+02
  0.8202850742840E+02
  0.7926284536037E+02
  0.5772094657486E+02
  0.3027972332217E+02
  0.5053782323965E+02
  0.6075392816947E+02
  0.6352213444159E+02
  0.6865477324917E+02
  0.7286970744015E+02
  0.7524662131932E+02
  0.7192329816755E+02
  0.5978543154002E+02
  0.6355855240542E+02
  0.8025117541328E+02
  0.8167773886643E+02
  0.7558756577826E+02
  0.8287589595548E+02
  0.8509136547510E+02
  0.8481344666325E+02
  0.7973520565766E+02
  0.6415846345244E+02
  0.5923043331479E+02
  0.6991646646229E+02
  0.5851519251948E+02
  0.5064912725388E+02
  0.8758731867574E+02
  0.9219667501717E+02
  0.8392076472501E+02
  0.9108450470002E+02
  0.8528371791150E+02
  0.8267215691490E+02
  0.8179171853851E+02
  0.8164935913699E+02
  0.8371333545994E+02
  0.8474340732010E+02
  0.8309000493316E+02
  0.7903306592571E+02
  0.7129634940285E+02
  0.4246596062462E+02
  0.2131789228665E+02
  0.4532989062725E+02
  0.6449691749157E+02
  0.7382441449621E+02
  0.7776025821345E+02
  0.7933089774238E+02
  0.7833779574427E+02
  0.6959366095967E+02
  0.4980454056418E+02
  0.6473008099151E+02
  0.9390902537792E+02
  0.9068877139889E+02
  0.9142030959652E+02
  0.9099284403189E+02
  0.8724423258820E+02
  0.8155529375683E+02
  0.7250231552282E+02
  0.5561630492095E+02
  0.4623769507089E+02
  0.6036195492180E+02
  0.3462213776976E+02
  0.2397890297268E+02
  0.8723227693829E+02
  0.9516925364350E+02
  0.8166114086019E+02
  0.8500886292955E+02
  0.8461128429897E+02
  0.8013653092860E+02
  0.7828011577632E+02
  0.7813552309588E+02
  0.8080166436942E+02
  0.8334102002885E+02
  0.7950600760640E+02
  0.7553367312885E+02
  0.6814050354641E+02
  0.2988894746849E+02
  0.1717488485293E+02
  0.3188625103502E+02
  0.6513639980441E+02
  0.8634071218588E+02
  0.8356594897842E+02
  0.8216444755458E+02
  0.7748609602951E+02
  0.6409767244818E+02
  0.3732234152323E+02
  0.5313820119318E+02
  0.8845818481424E+02
  0.8654919493515E+02
  0.9253755984567E+02
  0.8302057417948E+02
  0.7561707816087E+02
  0.7064429007297E+02
  0.6178461254354E+02
  0.5305185013436E+02
  0.3175266010123E+02
  0.4282719579418E+02
  0.1462576320604E+02
  0.1148926418702E+02
  0.8771276387203E+02
  0.9466695691449E+02
  0.8321668465350E+02
  0.8305558877354E+02
  0.8498510152890E+02
  0.8063658277738E+02
  0.7671987527741E+02
  0.7339233630577E+02
  0.7416517845930E+02
  0.7837399148290E+02
  0.7624742474997E+02
  0.7364754181438E+02
  0.6752273226636E+02
  0.2080006494684E+02
  0.6048881318373E+01
  0.2090953209729E+02
  0.5858626473845E+02
  0.9104759014102E+02
  0.8091180146979E+02
  0.7773742781849E+02
  0.7164265302405E+02
  0.5876855601177E+02
  0.1807247514953E+02
  0.3368661658787E+02
  0.8522549061953E+02
  0.8592985617648E+02
  0.8853425774651E+02
  0.7383344192847E+02
  0.6724643514676E+02
  0.6104564343737E+02
  0.5680039703663E+02
  0.5961799380112E+02
  0.3172229645483E+02
  0.1964011995537E+02
  0.8937988377909E+01
  0.1557266674871E+02
  0.8609711873141E+02
  0.9856229215768E+02
  0.8965669059681E+02
  0.9136858819069E+02
  0.8950010016479E+02
  0.8544996385377E+02
  0.8895151075417E+02
  0.8912604650669E+02
  0.9028646449283E+02
  0.8915632777086E+02
  0.8179366307940E+02
  0.7835044243194E+02
  0.7040416412679E+02
  0.2679081544249E+02
  0.0000000000000E+00
  0.1944725398658E+02
  0.5460709361433E+02
  0.1044996330125E+03
  0.7845617391721E+02
  0.7208491400856E+02
  0.6813676950829E+02
  0.5771281202207E+02
  0.2062375706927E+02
  0.1826606196348E+02
  0.8438328031195E+02
  0.9775297180079E+02
  0.1011266549178E+03
  0.8740479953884E+02
  0.7255713117094E+02
  0.6489125856307E+02
  0.6044214931140E+02
  0.6953458420330E+02
  0.3531513922284E+02
  0.1413904131923E+02
  0.1046576039119E+02
  0.2812220052246E+02
  0.9237458380766E+02
  0.1075759644072E+03
  0.9814947481790E+02
  0.1039341096478E+03
  0.1049674933172E+03
  0.9495699048919E+02
  0.1029600363507E+03
  0.1039695047071E+03
  0.1010671470896E+03
  0.9726564876952E+02
  0.8972598501810E+02
  0.8413298981041E+02
  0.7304917864224E+02
  0.3279075286325E+02
  0.0000000000000E+00
  0.1647431486729E+02
  0.4824841218904E+02
  0.1051376036723E+03
  0.8656118437292E+02
  0.7904288720908E+02
  0.7148772007584E+02
  0.5957696100263E+02
  0.1949963682951E+02
  0.1180577744594E+02
  0.7842600710959E+02
  0.1044090499152E+03
  0.1101599225328E+03
  0.1017000407932E+03
  0.8634217936121E+02
  0.8007283534219E+02
  0.7407628402800E+02
  0.8443215839344E+02
  0.4733956816964E+02
  0.9169817527781E+01
  0.2217503169698E+02
  0.5453027345419E+02
  0.1211746549952E+03
  0.1219099873255E+03
  0.1112202306754E+03
  0.1173308684515E+03
  0.1223389334727E+03
  0.1125947648372E+03
  0.1188196405722E+03
  0.1151768478183E+03
  0.1052152304229E+03
  0.1018734010360E+03
  0.9348194552084E+02
  0.8644408966478E+02
  0.7335160234634E+02
  0.3244370304229E+02
  0.0000000000000E+00
  0.7451532102372E+01
  0.3304778314341E+02
  0.9153221015274E+02
  0.9150673239859E+02
  0.8105369546751E+02
  0.7494537128507E+02
  0.6063385942653E+02
  0.3553681614730E+01
  0.9234915434520E+01
  0.6188779492536E+02
  0.1008899175572E+03
  0.1149470929218E+03
  0.1137636738526E+03
  0.1058486978318E+03
  0.9914775676604E+02
  0.9275743339018E+02
  0.1046193850989E+03
  0.6468399661641E+02
  0.0000000000000E+00
  0.3333291753306E+02
  0.9742240127179E+02
  0.1555663246724E+03
  0.1384304439999E+03
  0.1317484807989E+03
  0.1344843158358E+03
  0.1405169906533E+03
  0.1342200212690E+03
  0.1218943159719E+03
  0.1240036702477E+03
  0.1113588721920E+03
  0.1031263898474E+03
  0.9583990872923E+02
  0.8783770180005E+02
  0.7331181983999E+02
  0.3688231103407E+02
  0.0000000000000E+00
  0.0000000000000E+00
  0.2158206512165E+02
  0.8105209483135E+02
  0.9653808511623E+02
  0.7934200563195E+02
  0.7625436749484E+02
  0.6378308548080E+02
  0.0000000000000E+00
  0.1227530896989E+02
  0.3532453328341E+02
  0.9179498906322E+02
  0.1128968534307E+03
  0.1275256400595E+03
  0.1290437218935E+03
  0.1268159115182E+03
  0.1192522295924E+03
  0.1242136054089E+03
  0.7321060456371E+02
  0.4314072473230E+01
  0.2844972063224E+02
  0.1169405768795E+03
  0.1626436281814E+03
  0.1509640981721E+03
  0.1501229849868E+03
  0.1577320657507E+03
  0.1512845840910E+03
  0.1501054451625E+03
  0.1250314071942E+03
  0.1258635507955E+03
  0.1134858070524E+03
  0.1059433547502E+03
  0.9787462285728E+02
  0.8878598350446E+02
  0.7440652004080E+02
  0.3301140508316E+02
  0.0000000000000E+00
  0.0000000000000E+00
  0.1798965456585E+02
  0.8983570575294E+02
  0.1053787799665E+03
  0.8183840272385E+02
  0.7836548506189E+02
  0.6408927164979E+02
  0.0000000000000E+00
  0.1249986448806E+02
  0.2912203634497E+02
  0.9109157646051E+02
  0.1221451412557E+03
  0.1410946240229E+03
  0.1462790218035E+03
  0.1502779982235E+03
  0.1463093893929E+03
  0.1301851279670E+03
  0.6627627509606E+02
  0.2736759306345E+02
  0.3544572770235E+02
  0.1256104318240E+03
  0.1448277214671E+03
  0.1462468523057E+03
  0.1553560534224E+03
  0.1635419130583E+03
  0.1531983689651E+03
  0.1512770076269E+03
  0.1311572057740E+03
  0.1222608781107E+03
  0.1165786935914E+03
  0.1094501638170E+03
  0.1045328648955E+03
  0.9725130703973E+02
  0.8147141707270E+02
  0.2047921393621E+02
  0.0000000000000E+00
  0.0000000000000E+00
  0.2489741893386E+02
  0.1153813994485E+03
  0.1222640452019E+03
  0.8930898106516E+02
  0.8403490531353E+02
  0.6151483174346E+02
  0.0000000000000E+00
  0.9116204262359E+01
  0.2803655634836E+02
  0.9681432323754E+02
  0.1321819445851E+03
  0.1489827929460E+03
  0.1539304062744E+03
  0.1598588502090E+03
  0.1561995194547E+03
  0.1186228259430E+03
  0.4396219942300E+02
  0.6160916032929E+02
  0.6679737453295E+02
  0.1268445359917E+03
  0.1326271840749E+03
  0.1290644616695E+03
  0.1479821948685E+03
  0.1491982501469E+03
  0.1509735451965E+03
  0.1445711230282E+03
  0.1304209891730E+03
  0.1204193666987E+03
  0.1191218858045E+03
  0.1133168899545E+03
  0.1102727225137E+03
  0.1070270510056E+03
  0.8305927513565E+02
  0.1341716001908E+01
  0.0000000000000E+00
  0.0000000000000E+00
  0.3861324026675E+02
  0.1376677229037E+03
  0.1430124848646E+03
  0.1024377569910E+03
  0.9177945310154E+02
  0.6237649527308E+02
  0.0000000000000E+00
  0.6123563159806E+01
  0.2755150651398E+02
  0.1001784722441E+03
  0.1362487644269E+03
  0.1400701659248E+03
  0.1420431684159E+03
  0.1475268890955E+03
  0.1473946571798E+03
  0.8614035705617E+02
  0.4160320507694E+02
  0.7857588183157E+02
  0.8563774440400E+02
  0.1104199121775E+03
  0.1271541755510E+03
  0.1176450569848E+03
  0.1361807432090E+03
  0.1377770298942E+03
  0.1437069003404E+03
  0.1335807360613E+03
  0.1277827541303E+03
  0.1216204104282E+03
  0.1188535749169E+03
  0.1141471530384E+03
  0.1144930628284E+03
  0.1127026070804E+03
  0.7944411157177E+02
  0.0000000000000E+00
  0.0000000000000E+00
  0.1041678094932E+02
  0.6729292316473E+02
  0.1543023728239E+03
  0.1501170925639E+03
  0.1160899014523E+03
  0.1007916966667E+03
  0.6723001262324E+02
  0.0000000000000E+00
  0.0000000000000E+00
  0.2348833322775E+02
  0.1033729903988E+03
  0.1234689040532E+03
  0.1237183578905E+03
  0.1238828644289E+03
  0.1243225798644E+03
  0.1257414683682E+03
  0.4953138678540E+02
  0.3821066337025E+02
  0.8994471060385E+02
  0.9030428047732E+02
  0.9153077071077E+02
  0.1231193169491E+03
  0.1190544698650E+03
  0.1320435328676E+03
  0.1334384066895E+03
  0.1338886171723E+03
  0.1256837461602E+03
  0.1232685830239E+03
  0.1211465184586E+03
  0.1151955930583E+03
  0.1122244821292E+03
  0.1134697250116E+03
  0.1096080944837E+03
  0.7704943551395E+02
  0.0000000000000E+00
  0.0000000000000E+00
  0.3289489341474E+02
  0.1334209198562E+03
  0.1774900220280E+03
  0.1472568894133E+03
  0.1239167193629E+03
  0.1141861049040E+03
  0.7006656195406E+02
  0.3090954131369E+01
  0.0000000000000E+00
  0.1757121799364E+02
  0.1156636663665E+03
  0.1090215875187E+03
  0.1110368569109E+03
  0.1165691560315E+03
  0.1171947164598E+03
  0.1125106038514E+03
  0.3297976287465E+02
  0.4505136280148E+02
  0.1017621969825E+03
  0.9721404233030E+02
  0.1019025753831E+03
  0.1289838795039E+03
  0.1282810202052E+03
  0.1359260396131E+03
  0.1347144657735E+03
  0.1303200414449E+03
  0.1276284704819E+03
  0.1278097525378E+03
  0.1260832724281E+03
  0.1220748670411E+03
  0.1163008588887E+03
  0.1184256413433E+03
  0.1193936316966E+03
  0.9327982916752E+02
  0.1276658991821E+02
  0.1055570137824E+02
  0.6257792700659E+02
  0.1693921830340E+03
  0.1773046103051E+03
  0.1475110688049E+03
  0.1285308801961E+03
  0.1295476369203E+03
  0.7396175773132E+02
  0.5505582677580E+01
  0.0000000000000E+00
  0.1255564698068E+02
  0.1173610407347E+03
  0.9424823781399E+02
  0.1125203561523E+03
  0.1167429529259E+03
  0.1131826127205E+03
  0.9993511386199E+02
  0.2648050879126E+02
  0.7626016781386E+02
  0.1101542130794E+03
  0.1100573144614E+03
  0.1228018577733E+03
  0.1445689867056E+03
  0.1424093651217E+03
  0.1419321541279E+03
  0.1391619790060E+03
  0.1317127881444E+03
  0.1362288504526E+03
  0.1359011259459E+03
  0.1366099214308E+03
  0.1362947953891E+03
  0.1307042632998E+03
  0.1309748476845E+03
  0.1373569473278E+03
  0.1127794817941E+03
  0.3010634238671E+02
  0.3499483665375E+02
  0.1057494582752E+03
  0.1648370041044E+03
  0.1576344059040E+03
  0.1391517560602E+03
  0.1212907765060E+03
  0.1179802940015E+03
  0.7486072033237E+02
  0.1055318257102E+02
  0.0000000000000E+00
  0.8552373808566E+01
  0.1019799385199E+03
  0.8119241309908E+02
  0.1125824813371E+03
  0.1155996604901E+03
  0.1144625054051E+03
  0.9762522570902E+02
  0.2345279920447E+02
  0.1062531838051E+03
  0.1269497659890E+03
  0.1316205463861E+03
  0.1431309379606E+03
  0.1516346032984E+03
  0.1562983651152E+03
  0.1435905585086E+03
  0.1409615877105E+03
  0.1332191378331E+03
  0.1399112417816E+03
  0.1381182019184E+03
  0.1431464344377E+03
  0.1463472900020E+03
  0.1386391635254E+03
  0.1318054432360E+03
  0.1366792175892E+03
  0.1212455303575E+03
  0.6175481499652E+02
  0.5419298242582E+02
  0.1271345024324E+03
  0.1441760710803E+03
  0.1391168768414E+03
  0.1239435593317E+03
  0.8859829347026E+02
  0.7149442682472E+02
  0.5206955918781E+02
  0.1371605185399E+02
  0.7466944134799E+01
  0.6382310943421E+01
  0.7101164021788E+02
  0.8118000543229E+02
  0.1066412675924E+03
  0.1064434134860E+03
  0.1219851658985E+03
  0.9595597295437E+02
  0.2720289459969E+02
  0.1180879403655E+03
  0.1342316780701E+03
  0.1470740224102E+03
  0.1537414775464E+03
  0.1463858760632E+03
  0.1514020345278E+03
  0.1427356492403E+03
  0.1346717709965E+03
  0.1291541496860E+03
  0.1333749369918E+03
  0.1298910134372E+03
  0.1410643427726E+03
  0.1456812856862E+03
  0.1371215432072E+03
  0.1147074708069E+03
  0.1192628053121E+03
  0.1191173898986E+03
  0.9865305117370E+02
  0.7910530406064E+02
  0.1293886366739E+03
  0.1255292548956E+03
  0.1211240204637E+03
  0.1113296730282E+03
  0.6731217757086E+02
  0.4834803544444E+02
  0.3386398445116E+02
  0.1722477422801E+02
  0.1668201011461E+02
  0.8935377709251E+01
  0.4399957832339E+02
  0.9968240940768E+02
  0.9361802828858E+02
  0.8822322880417E+02
  0.1243874946895E+03
  0.9047999188001E+02
  0.3049119891410E+02
  0.1195261087802E+03
  0.1409945347833E+03
  0.1506159626780E+03
  0.1490815401734E+03
  0.1350856708887E+03
  0.1323808693986E+03
  0.1249563173322E+03
  0.1234907278825E+03
  0.1221414272533E+03
  0.1169055949500E+03
  0.1198420510562E+03
  0.1281228556602E+03
  0.1299931756456E+03
  0.1208238719150E+03
  0.7646859479075E+02
  0.7213145097011E+02
  0.9030582130978E+02
  0.1140469009749E+03
  0.9870239525492E+02
  0.1145088573313E+03
  0.1112602204184E+03
  0.1052415551664E+03
  0.1004252943578E+03
  0.6005227911736E+02
  0.3264127897853E+02
  0.1965732448361E+02
  0.1533500798083E+02
  0.2537476957739E+02
  0.1030408726579E+02
  0.2849675693634E+02
  0.1155493206093E+03
  0.8331531346066E+02
  0.6382561772665E+02
  0.1166399218972E+03
  0.8032594868331E+02
  0.2552868914751E+02
  0.1221189858273E+03
  0.1555131936318E+03
  0.1451926798072E+03
  0.1356140994752E+03
  0.1241593903721E+03
  0.1146068980251E+03
  0.1107692146305E+03
  0.1108542461634E+03
  0.1131011671974E+03
  0.1022709056979E+03
  0.1107825597506E+03
  0.1089955786660E+03
  0.1048836751783E+03
  0.9020803554419E+02
  0.3323686379962E+02
  0.5486451781413E+02
  0.9575604656733E+02
  0.1137429370316E+03
  0.1068371738267E+03
  0.1094743546374E+03
  0.1019927444810E+03
  0.9614739882876E+02
  0.8951307728451E+02
  0.5376954873810E+02
  0.2059797567551E+02
  0.7516260048638E+01
  0.5283270791372E+01
  0.1400964446028E+02
  0.2237816625846E+01
  0.1444165217352E+02
  0.1467146092806E+03
  0.7208380436504E+02
  0.3006464773142E+02
  0.1102997082904E+03
  0.6105218023091E+02
  0.1317712591572E+02
  0.1033036978069E+03
  0.1610417487134E+03
  0.1316597519072E+03
  0.1214099110150E+03
  0.1124277478716E+03
  0.1008456002168E+03
  0.9825565000495E+02
  0.9927021589425E+02
  0.1042134383326E+03
  0.1014898663662E+03
  0.1013778059811E+03
  0.9264683849256E+02
  0.8373172723887E+02
  0.5746385511723E+02
  0.3018385059732E+01
  0.7014189447673E+02
  0.1057558867932E+03
  0.1100888850523E+03
  0.1073933713698E+03
  0.1023991274428E+03
  0.9483860669192E+02
  0.8729033943249E+02
  0.8084187546880E+02
  0.4671008372915E+02
  0.3008705933764E+01
  0.2277468184244E+00
  0.0000000000000E+00
  0.0000000000000E+00
  0.0000000000000E+00
  0.1022661129533E+02
  0.1289413490184E+03
  0.5852758466892E+02
  0.1890654396494E+02
  0.6132562134458E+02
  0.2907319803251E+02
  0.4211438895756E+01
  0.5931947615646E+02
  0.1401674232595E+03
  0.1092269682626E+03
  0.1055726505419E+03
  0.1040400712406E+03
  0.9256615601272E+02
  0.9386279136186E+02
  0.8861829818408E+02
  0.9073618649844E+02
  0.9340571252435E+02
  0.9269933728455E+02
  0.8244542192066E+02
  0.7144294353371E+02
  0.3387899891621E+02
  0.2690304287479E+01
  0.8366556508332E+02
  0.9679119487603E+02
  0.9156986833286E+02
  0.1034075148034E+03
  0.9449994389107E+02
  0.8770737805336E+02
  0.8145755811189E+02
  0.7618893501682E+02
  0.3888802483880E+02
  0.0000000000000E+00
  0.4157846110915E+00
  0.0000000000000E+00
  0.0000000000000E+00
  0.0000000000000E+00
  0.1128219881912E+02
  0.6559519096466E+02
  0.5622985002498E+02
  0.1913751487558E+02
  0.2018962320041E+02
  0.2564836204651E+01
  0.1010235133550E+02
  0.3166016291048E+02
  0.9362295669859E+02
  0.9128679176498E+02
  0.9641589216622E+02
  0.9996392367470E+02
  0.8543540036585E+02
  0.8340315640089E+02
  0.7788600319587E+02
  0.7585758259385E+02
  0.7804574578132E+02
  0.8292843371246E+02
  0.7781641747280E+02
  0.6305849301671E+02
  0.1642700935490E+02
  0.1439807823739E+02
  0.7444247741065E+02
  0.7034779726088E+02
  0.7855216410241E+02
  0.9358803901408E+02
  0.8851634038492E+02
  0.8145911928086E+02
  0.7617741504694E+02
  0.7325941870663E+02
  0.3958971855493E+02
  0.0000000000000E+00
  0.7056416750076E+01
  0.1161693952519E+02
  0.7763502683910E+00
  0.0000000000000E+00
  0.1084620334861E+02
  0.1501259551980E+02
  0.3751851411260E+02
  0.1917051186599E+02
  0.0000000000000E+00
  0.0000000000000E+00
  0.2022034471798E+02
  0.1200960136589E+02
  0.5885681214359E+02
  0.8895605876933E+02
  0.1177277070704E+03
  0.1203075398869E+03
  0.1059594841008E+03
  0.9196640956617E+02
  0.8088799856976E+02
  0.7539122045449E+02
  0.7071209468774E+02
  0.7157918419656E+02
  0.7536750857130E+02
  0.5748286415148E+02
  0.1498381256746E+02
  0.1575237427421E+02
  0.3906022639951E+02
  0.3237835812022E+02
  0.7931405526375E+02
  0.9986572476873E+02
  0.9366276925121E+02
  0.7975443237067E+02
  0.7124210340685E+02
  0.6937520445587E+02
  0.5409516442023E+02
  0.3356561872731E+01
  0.2337832924829E+02
  0.4387704454509E+02
  0.2798213384940E+02
  0.0000000000000E+00
  0.9205191902552E+01
  0.1003218503801E+02
  0.1170967678969E+02
  0.5111613637673E+01
  0.0000000000000E+00
  0.1118870589781E+02
  0.2610636659616E+02
  0.4949737860686E+01
  0.2159628292315E+02
  0.7960635495127E+02
  0.1120180668228E+03
  0.1226135866730E+03
  0.1174667545161E+03
  0.1057779214879E+03
  0.9232816608133E+02
  0.8453085687533E+02
  0.7766713983062E+02
  0.7406031835258E+02
  0.7432462067745E+02
  0.4645325740554E+02
  0.9377026666800E+01
  0.9143202167764E+01
  0.2678878977152E+02
  0.1775582612487E+02
  0.7138157037886E+02
  0.1071401897692E+03
  0.1080930851321E+03
  0.9636260896019E+02
  0.8083325089421E+02
  0.6909683633690E+02
  0.6054809737493E+02
  0.2229211092223E+02
  0.4720177648574E+02
  0.5170514163293E+02
  0.3213251162369E+02
  0.1597253182805E+02
  0.5048738014477E+01
  0.1024764662845E+02
  0.9236965402112E-01
  0.0000000000000E+00
  0.0000000000000E+00
  0.1458325051721E+02
  0.1192156762872E+02
  0.6455412297822E+01
  0.1494493701509E+02
  0.6303678013401E+02
  0.9315541604247E+02
  0.1100309171229E+03
  0.1082123575248E+03
  0.1049034558952E+03
  0.9639042575967E+02
  0.9118856204122E+02
  0.8413056079627E+02
  0.7838541988015E+02
  0.7196316340176E+02
  0.3945040729767E+02
  0.1588542638793E+02
  0.5581000931174E+01
  0.2174333079029E+02
  0.1396425400012E+02
  0.5454844043188E+02
  0.8289505232161E+02
  0.1083615949237E+03
  0.1071079152650E+03
  0.9159320702403E+02
  0.7386463788050E+02
  0.6309554891522E+02
  0.2802451771915E+02
  0.4346559765595E+02
  0.3790989878673E+02
  0.1834498844986E+02
  0.1259887724529E+02
  0.1054907375363E+01
  0.0000000000000E+00
  0.0000000000000E+00
  0.0000000000000E+00
  0.4641379509175E+01
  0.8504558532420E+01
  0.5301783707913E+01
  0.8440390611639E+01
  0.2015094069097E+02
  0.4840560527361E+02
  0.8809420178279E+02
  0.9010011610035E+02
  0.8769573534568E+02
  0.9013860773737E+02
  0.8878579224120E+02
  0.8959784898560E+02
  0.8459717856345E+02
  0.8146472133854E+02
  0.7140083101109E+02
  0.4489614882334E+02
  0.1855942333008E+02
  0.6139752801342E+01
  0.1587790870413E+02
  0.1135499824899E+02
  0.2900599348965E+02
  0.5578700680336E+02
  0.7665824728960E+02
  0.8991598963820E+02
  0.9487670018115E+02
  0.8315745785088E+02
  0.6839659032600E+02
  0.4652091476242E+02
  0.2064829967075E+02
  0.1837425585195E+02
  0.7544240990545E+01
  0.6684000830144E+01
  0.6348831829511E+01
  0.0000000000000E+00
  0.0000000000000E+00
  0.6399405877891E+01
  0.0000000000000E+00
  0.1701185842375E+01
  0.0000000000000E+00
  0.4890958474204E+01
  0.1511329201797E+02
  0.3233850993010E+02
  0.6010919654186E+02
  0.6859425041431E+02
  0.7493776493341E+02
  0.7793503390844E+02
  0.7912086841199E+02
  0.8189271209842E+02
  0.8095565580958E+02
  0.8137785010291E+02
  0.7307531078058E+02
  0.5100030581325E+02
  0.1700230499943E+02
  0.6990210034659E+01
  0.1188213776910E+02
  0.8896432736702E+01
  0.1610567431698E+02
  0.2967291372990E+02
  0.6579062983305E+02
  0.7434645280952E+02
  0.8881596602461E+02
  0.8884127817889E+02
  0.7840355478514E+02
  0.5450439910391E+02
  0.2061395159788E+02
  0.9357950021501E+01
  0.7430355027687E+01
  0.3935579155040E+01
  0.5649464105413E+01
  0.0000000000000E+00
  0.0000000000000E+00
  0.2388537286517E+01
  0.3189201522486E+01
  0.0000000000000E+00
  0.1635016015935E+01
  0.3603270192846E+01
  0.1057098130688E+02
  0.2213738089425E+02
  0.4237070158775E+02
  0.4620847948868E+02
  0.5568037999218E+02
  0.6009090741836E+02
  0.6289239653480E+02
  0.6641803768233E+02
  0.7196993763081E+02
  0.7576570913551E+02
  0.6295989169827E+02
  0.3684101790270E+02
  0.1188014524542E+02
  0.9669117978620E+01
  0.9130742221334E+01
  0.7513715412053E+01
  0.1161151004902E+02
  0.2075843884900E+02
  0.6199387427792E+02
  0.7259273109983E+02
  0.8388733824520E+02
  0.8894135169591E+02
  0.8295673737717E+02
  0.4676559762770E+02
  0.1869217147793E+02
  0.1336631066886E+02
  0.9114062193183E+01
  0.6442966217128E+01
  0.6096414038576E+01
  0.4455284297375E+01
  0.2545755853519E+01
  0.6457406424399E+01
  0.8750224420398E+01
  0.3960070546867E+01
  0.6139818252342E+01
  0.6315402820378E+01
  0.7008114553226E+01
  0.9868776089573E+01
  0.1632435244000E+02
  0.2367585674058E+02
  0.3956643570986E+02
  0.5275630510748E+02
  0.4786998060011E+02
  0.3971894123034E+02
  0.4719611323805E+02
  0.5703791314710E+02
  0.3235671315890E+02
  0.1471456565586E+02
  0.1136643800047E+02
  0.8877339570610E+01
  0.6751432514186E+01
  0.7033784837181E+01
  0.1228910078357E+02
  0.1764703312004E+02
  0.4253014675929E+02
  0.6891504160414E+02
  0.7686100191078E+02
  0.8315512057542E+02
  0.8033912648951E+02
  0.5156012363242E+02
  0.2362275281646E+02
  0.1503650057550E+02
  0.9702492138432E+01
  0.9781351176856E+01
  0.8303274667457E+01
  0.7594524537541E+01
  0.6607469471788E+01
  0.8536795046535E+01
  0.9421503509960E+01
  0.7647466412499E+01
  0.7627022139924E+01
  0.7287524227845E+01
  0.7240011365767E+01
  0.7333590200336E+01
  0.7884791669477E+01
  0.8724612273643E+01
  0.1079476266116E+02
  0.1258816550103E+02
  0.1198812180883E+02
  0.1531574909723E+02
  0.1703964382932E+02
  0.1842419288373E+02
  0.1473831076865E+02
  0.1039931276294E+02
  0.7787041629578E+01
  0.6413434615819E+01
  0.5072572400868E+01
  0.4981500061148E+01
  0.7637745976663E+01
  0.1099529931108E+02
  0.1456316938854E+02
  0.1942334584482E+02
  0.2048626945525E+02
  0.3031549814539E+02
  0.3341406993040E+02
  0.2798632172940E+02
  0.2056422960042E+02
  0.1452969311531E+02
  0.9979826542829E+01
  0.8514885755760E+01
  0.7884441142289E+01
  0.7560209925835E+01
  0.7252408293354E+01
  0.7797494845100E+01
  0.8283295823011E+01
  0.8292919619298E+01
  0.5878171056807E+01
  0.5909573709170E+01
  0.5963651410220E+01
  0.6043763286620E+01
  0.6160651759920E+01
  0.6317918695154E+01
  0.6519715982469E+01
  0.6712213369802E+01
  0.6858698845879E+01
  0.7051222200221E+01
  0.7158840548281E+01
  0.7124428737352E+01
  0.6862147384565E+01
  0.6510459453566E+01
  0.6206500857391E+01
  0.5991992131823E+01
  0.5863287635934E+01
  0.5848792620774E+01
  0.5948171525080E+01
  0.6052770920459E+01
  0.6055740100799E+01
  0.6346491456321E+01
  0.6811988172719E+01
  0.7562043318590E+01
  0.8201097396009E+01
  0.8140205524745E+01
  0.7664728382925E+01
  0.7074626659063E+01
  0.6550181448898E+01
  0.6191999753032E+01
  0.5967429406363E+01
  0.5839387879849E+01
  0.5781158791828E+01
  0.5790071974352E+01
  0.5827265833139E+01
  0.5859267443800E+01
  0.0000000000000E+00
  0.0000000000000E+00
  0.0000000000000E+00
  0.0000000000000E+00
  0.0000000000000E+00
  0.0000000000000E+00
  0.0000000000000E+00
  0.0000000000000E+00
  0.0000000000000E+00
  0.0000000000000E+00
  0.0000000000000E+00
  0.0000000000000E+00
  0.0000000000000E+00
  0.0000000000000E+00
  0.0000000000000E+00
  0.0000000000000E+00
  0.0000000000000E+00
  0.0000000000000E+00
  0.0000000000000E+00
  0.0000000000000E+00
  0.0000000000000E+00
  0.0000000000000E+00
  0.0000000000000E+00
  0.0000000000000E+00
  0.0000000000000E+00
  0.0000000000000E+00
  0.0000000000000E+00
  0.0000000000000E+00
  0.0000000000000E+00
  0.0000000000000E+00
  0.0000000000000E+00
  0.0000000000000E+00
  0.0000000000000E+00
  0.0000000000000E+00
  0.0000000000000E+00
  0.0000000000000E+00
  0.0000000000000E+00
  0.3142978488946E+02
  0.3176088228993E+02
  0.3045818061670E+02
  0.3186625892585E+02
  0.3210725623168E+02
  0.3188167368221E+02
  0.3156038828932E+02
  0.3129323511359E+02
  0.3108638097146E+02
  0.3128318813780E+02
  0.3166810429943E+02
  0.3201608570970E+02
  0.3234262276275E+02
  0.3273057391625E+02
  0.3298671218021E+02
  0.3402892050237E+02
  0.3505027041232E+02
  0.3624548469012E+02
  0.3569737440856E+02
  0.3609138520774E+02
  0.3633546064606E+02
  0.3632596377258E+02
  0.3634271061599E+02
  0.3568185311045E+02
  0.3671189522845E+02
  0.3706090702366E+02
  0.3707142179535E+02
  0.3697180846148E+02
  0.3555534984748E+02
  0.3559930862408E+02
  0.3517219055996E+02
  0.3603874592900E+02
  0.3780906987190E+02
  0.3871274483371E+02
  0.0000000000000E+00
  0.4041266899345E+02
  0.4165847468799E+02
  0.4160770615967E+02
  0.3569766686963E+02
  0.3979290964321E+02
  0.4188611791092E+02
  0.4216024783565E+02
  0.4040481570220E+02
  0.3674593859373E+02
  0.3446775996964E+02
  0.3410421215614E+02
  0.3397138514352E+02
  0.3579930282753E+02
  0.3733072094413E+02
  0.3923588427543E+02
  0.4218272536277E+02
  0.4716144180085E+02
  0.4687697191102E+02
  0.5254823656150E+02
  0.5101934511957E+02
  0.4305829016805E+02
  0.3671388238490E+02
  0.3224819966389E+02
  0.2864123299305E+02
  0.3034877691627E+02
  0.3265242505026E+02
  0.3629300503712E+02
  0.3628042042561E+02
  0.3735364263097E+02
  0.3706745892076E+02
  0.3794887923602E+02
  0.3910739589980E+02
  0.4266844886936E+02
  0.4097372516430E+02
  0.3754290395718E+02
  0.3703428204470E+02
  0.2499493325128E+02
  0.2399448612729E+02
  0.2511276066747E+02
  0.2180237428592E+02
  0.2275709826392E+02
  0.2589232170442E+02
  0.2662702344705E+02
  0.2424647430095E+02
  0.1873490862951E+02
  0.2485747886067E+02
  0.2745821182308E+02
  0.2898666877972E+02
  0.3085518548060E+02
  0.3223465309479E+02
  0.3415068144438E+02
  0.3661361514318E+02
  0.3287649712047E+02
  0.3953675385648E+02
  0.4708655801036E+02
  0.3526071734691E+02
  0.4573585218886E+02
  0.3252054542736E+02
  0.2828394750236E+02
  0.2843424059502E+02
  0.2976164926083E+02
  0.3322548107457E+02
  0.3766596716113E+02
  0.2951671305237E+02
  0.2994318159001E+02
  0.2273369551366E+02
  0.2059370189788E+02
  0.1815307157323E+02
  0.3357864404501E+02
  0.2759787885451E+02
  0.2670792495334E+02
  0.2694685485803E+02
  0.2463368555395E+02
  0.2569096818385E+02
  0.2650647920745E+02
  0.2699764645277E+02
  0.2930614126955E+02
  0.3550484529265E+02
  0.3792092651705E+02
  0.3238148266452E+02
  0.2707562846256E+02
  0.2581293709651E+02
  0.2786133125852E+02
  0.2907231874020E+02
  0.3036239374465E+02
  0.3179137260092E+02
  0.3311000261658E+02
  0.3297121005520E+02
  0.3570986083468E+02
  0.4315731414971E+02
  0.4530007087011E+02
  0.0000000000000E+00
  0.1869258179577E+02
  0.1833428612204E+02
  0.1920789238237E+02
  0.2170401441040E+02
  0.2291790085654E+02
  0.2802705787733E+02
  0.3285706814316E+02
  0.3069719169398E+02
  0.2888743746714E+02
  0.2349712099974E+02
  0.2268328401706E+02
  0.1589444835489E+02
  0.3787031716948E+02
  0.2752461870122E+02
  0.2574480266736E+02
  0.2403891432928E+02
  0.2497988205890E+02
  0.2613408637143E+02
  0.2668861123776E+02
  0.2791049703951E+02
  0.2636554651698E+02
  0.3645976343340E+02
  0.3021470528450E+02
  0.2357624378676E+02
  0.2896616618662E+02
  0.2909525424169E+02
  0.3096191352439E+02
  0.3116470918390E+02
  0.3106010965125E+02
  0.3170129002789E+02
  0.3248852287758E+02
  0.3177947706680E+02
  0.3307461374585E+02
  0.3655435815244E+02
  0.3896607695543E+02
  0.0000000000000E+00
  0.1632274995373E+02
  0.2031993526566E+02
  0.2081564984967E+02
  0.2256296101039E+02
  0.2570837330987E+02
  0.3105220889285E+02
  0.3259724431233E+02
  0.3057820992924E+02
  0.2893642368356E+02
  0.3338894649621E+02
  0.3194718613378E+02
  0.1908499847725E+02
  0.3503947008489E+02
  0.2989458258746E+02
  0.2764579417706E+02
  0.2401603100947E+02
  0.2599496342459E+02
  0.2875888130556E+02
  0.2811676606405E+02
  0.2663930198686E+02
  0.1670355417847E+02
  0.3506571434628E+02
  0.3494926402641E+02
  0.3146188630688E+02
  0.3075437137192E+02
  0.3275376744127E+02
  0.3350994145102E+02
  0.3247358601339E+02
  0.3241260351384E+02
  0.3302060420844E+02
  0.3401302416747E+02
  0.3233652427756E+02
  0.3194164029024E+02
  0.3285305027649E+02
  0.3457426430714E+02
  0.0000000000000E+00
  0.1807114868284E+02
  0.3005812565480E+02
  0.3016033738614E+02
  0.2984526980642E+02
  0.3119913698986E+02
  0.3364042876276E+02
  0.3384429512640E+02
  0.3176321724712E+02
  0.3036979611339E+02
  0.4536319243642E+02
  0.4297457543762E+02
  0.3717018025760E+02
  0.4438199604912E+02
  0.3793819735746E+02
  0.2922143368214E+02
  0.2488248209415E+02
  0.2678153388378E+02
  0.3506097941499E+02
  0.3105220069866E+02
  0.1834480635041E+02
  0.0000000000000E+00
  0.2878910668555E+02
  0.3170139155268E+02
  0.2853743188653E+02
  0.2737462728323E+02
  0.2693081244544E+02
  0.2939520015296E+02
  0.2793188458476E+02
  0.3004417595056E+02
  0.3372520822479E+02
  0.3407708327729E+02
  0.3082438380511E+02
  0.3021587435890E+02
  0.3234452670925E+02
  0.2643766207117E+02
  0.0000000000000E+00
  0.5973314741318E+01
  0.3196628944329E+02
  0.3955711866365E+02
  0.3790678045249E+02
  0.3810500059034E+02
  0.3508665056650E+02
  0.3177529598684E+02
  0.3186392408322E+02
  0.1684135485892E+02
  0.3424531490527E+02
  0.3527496698347E+02
  0.3903275820750E+02
  0.4161507035352E+02
  0.3384917809069E+02
  0.2673693500799E+02
  0.2469211127652E+02
  0.2933786429766E+02
  0.2244256671176E+02
  0.1740449975355E+02
  0.0000000000000E+00
  0.0000000000000E+00
  0.2633161974161E+02
  0.2509764193950E+02
  0.2617249979004E+02
  0.2506441656698E+02
  0.2670198663181E+02
  0.2741818740430E+02
  0.1910092617624E+02
  0.1412246464555E+02
  0.1396656782603E+02
  0.1915744948585E+02
  0.2324029197951E+02
  0.2517519132332E+02
  0.3402465326627E+02
  0.9689395546351E+01
  0.0000000000000E+00
  0.0000000000000E+00
  0.1702985107752E+02
  0.2575438691605E+02
  0.3091895713301E+02
  0.3217650159436E+02
  0.2971043920922E+02
  0.3307060968215E+02
  0.5960591705874E+01
  0.0000000000000E+00
  0.2655606402363E+02
  0.3165858241965E+02
  0.2713803770357E+02
  0.2144570739368E+02
  0.2439328418196E+02
  0.2187682830247E+02
  0.2262882216518E+02
  0.3217165893135E+02
  0.2382075203958E+02
  0.0000000000000E+00
  0.0000000000000E+00
  0.0000000000000E+00
  0.2609139262028E+02
  0.2802378771849E+02
  0.2745086487454E+02
  0.2737283275397E+02
  0.2730513541862E+02
  0.2798968440848E+02
  0.2794915280735E+02
  0.2868392000091E+02
  0.3021197098934E+02
  0.3009405241183E+02
  0.2702474240205E+02
  0.2872860022017E+02
  0.3350515813387E+02
  0.2375734902716E+02
  0.0000000000000E+00
  0.0000000000000E+00
  0.2154489283519E+02
  0.2888280647170E+02
  0.2157873559231E+02
  0.1897044029343E+02
  0.2967642931220E+02
  0.3482725768211E+02
  0.2337994231206E+02
  0.0000000000000E+00
  0.3143099160197E+02
  0.3531084023302E+02
  0.3549729287628E+02
  0.3208268367166E+02
  0.2696240686596E+02
  0.2357021573850E+02
  0.2357654247381E+02
  0.3149094170050E+02
  0.2752507352478E+02
  0.0000000000000E+00
  0.0000000000000E+00
  0.0000000000000E+00
  0.2396855216127E+02
  0.2779547546023E+02
  0.2718595436146E+02
  0.2616287535506E+02
  0.2603853308621E+02
  0.2807718749729E+02
  0.2790587650174E+02
  0.2912686777209E+02
  0.3007296552127E+02
  0.3040622901902E+02
  0.3144769226097E+02
  0.3083376406301E+02
  0.3301735406859E+02
  0.2815805861223E+02
  0.0000000000000E+00
  0.0000000000000E+00
  0.1012304945850E+02
  0.2841204363467E+02
  0.3185992879979E+02
  0.3253593969376E+02
  0.3192735798065E+02
  0.3197822143283E+02
  0.1737786905331E+02
  0.0000000000000E+00
  0.2797395039243E+02
  0.2932234775756E+02
  0.3064021548440E+02
  0.2919291203616E+02
  0.2811908991840E+02
  0.2630064079682E+02
  0.2665500757514E+02
  0.3025996140387E+02
  0.2671190620199E+02
  0.0000000000000E+00
  0.0000000000000E+00
  0.0000000000000E+00
  0.2461396682406E+02
  0.2602300533390E+02
  0.2611127668554E+02
  0.2513888264362E+02
  0.2465209180419E+02
  0.2696463056011E+02
  0.2764097014158E+02
  0.2771794983722E+02
  0.2884203115510E+02
  0.2936861488623E+02
  0.3006402919934E+02
  0.3081376808668E+02
  0.3341810979706E+02
  0.3053152657280E+02
  0.0000000000000E+00
  0.0000000000000E+00
  0.0000000000000E+00
  0.2547410472569E+02
  0.2944179353219E+02
  0.3118057727673E+02
  0.3146379272936E+02
  0.3038748970602E+02
  0.0000000000000E+00
  0.0000000000000E+00
  0.1727905152800E+02
  0.2299060494935E+02
  0.2663138303858E+02
  0.2608494064389E+02
  0.2756162013019E+02
  0.2724885636798E+02
  0.2739491448517E+02
  0.3049376114880E+02
  0.2904391059405E+02
  0.0000000000000E+00
  0.0000000000000E+00
  0.2597667609029E+02
  0.2339294290267E+02
  0.2474358135870E+02
  0.2413515366567E+02
  0.2281599358302E+02
  0.2336896221466E+02
  0.2511856891869E+02
  0.2617845693585E+02
  0.2555029904040E+02
  0.2678786741615E+02
  0.2869103076480E+02
  0.2999581661198E+02
  0.3132943414045E+02
  0.3412129921785E+02
  0.2505292058977E+02
  0.0000000000000E+00
  0.0000000000000E+00
  0.0000000000000E+00
  0.2062471364037E+02
  0.2691193492799E+02
  0.2952555165324E+02
  0.3200961616062E+02
  0.3342969429779E+02
  0.0000000000000E+00
  0.0000000000000E+00
  0.0000000000000E+00
  0.2013774898013E+02
  0.2352323120659E+02
  0.2323570551136E+02
  0.2675160755677E+02
  0.2879458075675E+02
  0.2960453408333E+02
  0.3031590992139E+02
  0.2530015804733E+02
  0.0000000000000E+00
  0.0000000000000E+00
  0.2651333663916E+02
  0.2235485814216E+02
  0.2319779857363E+02
  0.2290643636435E+02
  0.2147425085872E+02
  0.2347369227204E+02
  0.2300850637285E+02
  0.2410472157102E+02
  0.2419303985020E+02
  0.2573191083315E+02
  0.2796435496047E+02
  0.3035208454493E+02
  0.3250429151098E+02
  0.3495598783842E+02
  0.0000000000000E+00
  0.0000000000000E+00
  0.0000000000000E+00
  0.0000000000000E+00
  0.1964886727218E+02
  0.2474511569813E+02
  0.3012219100032E+02
  0.3456942998943E+02
  0.3617401157920E+02
  0.0000000000000E+00
  0.0000000000000E+00
  0.0000000000000E+00
  0.2305841265327E+02
  0.2172458500951E+02
  0.2053460383842E+02
  0.2442636062889E+02
  0.2794088718201E+02
  0.3118521351293E+02
  0.2782041563243E+02
  0.2123050942524E+02
  0.0000000000000E+00
  0.0000000000000E+00
  0.2607157919638E+02
  0.2165388790433E+02
  0.2061951973099E+02
  0.1934213834511E+02
  0.1850780100004E+02
  0.2162153444938E+02
  0.2164711830839E+02
  0.2223668381839E+02
  0.2258773824344E+02
  0.2379061475955E+02
  0.2617017434461E+02
  0.2941498192705E+02
  0.3319009816502E+02
  0.3662102133824E+02
  0.0000000000000E+00
  0.0000000000000E+00
  0.0000000000000E+00
  0.0000000000000E+00
  0.1816860655736E+02
  0.2278638042308E+02
  0.2969945734480E+02
  0.3518775134129E+02
  0.3492341606494E+02
  0.0000000000000E+00
  0.0000000000000E+00
  0.0000000000000E+00
  0.2713612622659E+02
  0.2137514497195E+02
  0.1980187928997E+02
  0.2235324564583E+02
  0.2418355464824E+02
  0.2882054018264E+02
  0.1849538860519E+02
  0.0000000000000E+00
  0.2907304418035E+02
  0.2472706523747E+02
  0.2366204081527E+02
  0.1787509725423E+02
  0.1588923043647E+02
  0.1620518852875E+02
  0.1702288795820E+02
  0.1987572531100E+02
  0.2086240485325E+02
  0.2003355582461E+02
  0.1965923713371E+02
  0.1932233682803E+02
  0.2148955107089E+02
  0.2450089111244E+02
  0.3053944994696E+02
  0.3035227570398E+02
  0.0000000000000E+00
  0.0000000000000E+00
  0.0000000000000E+00
  0.0000000000000E+00
  0.1614064435537E+02
  0.2081268533548E+02
  0.2714217401656E+02
  0.3205326939722E+02
  0.3206201988419E+02
  0.0000000000000E+00
  0.0000000000000E+00
  0.0000000000000E+00
  0.2614964282434E+02
  0.2160354469544E+02
  0.1933671665795E+02
  0.1975618530822E+02
  0.1950238248645E+02
  0.2254664301474E+02
  0.1027935100819E+02
  0.0000000000000E+00
  0.2463242389265E+02
  0.1567223331541E+02
  0.1664623885896E+02
  0.9657225491928E+01
  0.9753336471127E+01
  0.1338141620889E+02
  0.1626768234930E+02
  0.1814586148154E+02
  0.1907068750143E+02
  0.1725086037729E+02
  0.1785733046505E+02
  0.1825004208056E+02
  0.2014193916879E+02
  0.2200188122707E+02
  0.2560653108558E+02
  0.1952757411884E+02
  0.0000000000000E+00
  0.0000000000000E+00
  0.0000000000000E+00
  0.0000000000000E+00
  0.1334266136612E+02
  0.2094906173678E+02
  0.2590550614184E+02
  0.2939418586513E+02
  0.2869371158788E+02
  0.0000000000000E+00
  0.0000000000000E+00
  0.0000000000000E+00
  0.2209749920315E+02
  0.1932187793516E+02
  0.1515763968898E+02
  0.1465772552377E+02
  0.1242035718085E+02
  0.1341681981171E+02
  0.0000000000000E+00
  0.0000000000000E+00
  0.1721971539661E+02
  0.1325533374203E+02
  0.1169991285472E+02
  0.6809590088582E+01
  0.1011446380553E+02
  0.1442899491757E+02
  0.1648159246034E+02
  0.1680654215982E+02
  0.1800620455691E+02
  0.1736619196839E+02
  0.1921644818803E+02
  0.2078112658174E+02
  0.2205631015913E+02
  0.2266548038124E+02
  0.2452951170339E+02
  0.1501396748171E+02
  0.0000000000000E+00
  0.0000000000000E+00
  0.0000000000000E+00
  0.1505577632008E+02
  0.1732503292250E+02
  0.2418077991508E+02
  0.2806658845354E+02
  0.3127047112607E+02
  0.1906645038230E+02
  0.0000000000000E+00
  0.0000000000000E+00
  0.0000000000000E+00
  0.1916473756943E+02
  0.1431243855542E+02
  0.1162373531654E+02
  0.1811154636868E+02
  0.1931483736352E+02
  0.1759463904827E+02
  0.0000000000000E+00
  0.0000000000000E+00
  0.1454310482857E+02
  0.1891026699113E+02
  0.6704943090678E+01
  0.1048731238282E+02
  0.1320310492574E+02
  0.1457764709979E+02
  0.1547581929839E+02
  0.1608705642854E+02
  0.1748831616020E+02
  0.1827282841797E+02
  0.1971952387973E+02
  0.2186127656888E+02
  0.2347947892071E+02
  0.2596997585688E+02
  0.2823026086356E+02
  0.2258758115913E+02
  0.0000000000000E+00
  0.0000000000000E+00
  0.0000000000000E+00
  0.1309936940937E+02
  0.1775177488289E+02
  0.2528526524217E+02
  0.3144198932102E+02
  0.3073076237952E+02
  0.1689727362839E+02
  0.0000000000000E+00
  0.0000000000000E+00
  0.0000000000000E+00
  0.2132259026672E+02
  0.1435135445835E+02
  0.1781294733334E+02
  0.2427274964678E+02
  0.2533221566639E+02
  0.1689824510694E+02
  0.0000000000000E+00
  0.1298830889165E+02
  0.7858439931122E+01
  0.1620401630878E+02
  0.1493392392940E+02
  0.1543237879363E+02
  0.1534617669969E+02
  0.1484179435583E+02
  0.1509265477862E+02
  0.1553700600923E+02
  0.1733450349905E+02
  0.1925681261992E+02
  0.2039827619402E+02
  0.2413020515417E+02
  0.2797665131465E+02
  0.2974909167194E+02
  0.2810102931758E+02
  0.1955988801297E+02
  0.0000000000000E+00
  0.0000000000000E+00
  0.1904051040722E+02
  0.1302845104950E+02
  0.1878267008332E+02
  0.2316357506463E+02
  0.2716472893276E+02
  0.2360769136278E+02
  0.1860850360457E+02
  0.0000000000000E+00
  0.0000000000000E+00
  0.0000000000000E+00
  0.2865051728725E+02
  0.2258604220697E+02
  0.2403451602143E+02
  0.2842378106864E+02
  0.2743572655572E+02
  0.1586045715250E+02
  0.0000000000000E+00
  0.1821770298275E+02
  0.1475401740868E+02
  0.1987561836758E+02
  0.2032171211814E+02
  0.1968285363729E+02
  0.1849709671132E+02
  0.1852776602872E+02
  0.1926554536524E+02
  0.1999729350373E+02
  0.2155833853275E+02
  0.2299510248491E+02
  0.2450959619997E+02
  0.2595045816199E+02
  0.2761672375655E+02
  0.2633333131539E+02
  0.1808929986193E+02
  0.1780329575252E+02
  0.0000000000000E+00
  0.0000000000000E+00
  0.1074911198615E+02
  0.1684752954945E+02
  0.2473548593081E+02
  0.2445484613570E+02
  0.7510318622489E+01
  0.0000000000000E+00
  0.0000000000000E+00
  0.0000000000000E+00
  0.0000000000000E+00
  0.0000000000000E+00
  0.0000000000000E+00
  0.2278405034209E+02
  0.2863281984869E+02
  0.2558161751120E+02
  0.2412632271190E+02
  0.1715722891461E+02
  0.0000000000000E+00
  0.1659031268945E+02
  0.2070916880702E+02
  0.2274420950750E+02
  0.2093444864724E+02
  0.1985859883951E+02
  0.1841993234237E+02
  0.2009444094018E+02
  0.2089644207208E+02
  0.2315479339881E+02
  0.2487336546648E+02
  0.2678622588380E+02
  0.3074317698004E+02
  0.3126300062917E+02
  0.3176785069286E+02
  0.3366086916089E+02
  0.3302081732156E+02
  0.3139850334335E+02
  0.0000000000000E+00
  0.7548867782868E+01
  0.1752836459607E+02
  0.2281111745819E+02
  0.2928806440240E+02
  0.3392205057911E+02
  0.1387863704895E+02
  0.0000000000000E+00
  0.0000000000000E+00
  0.0000000000000E+00
  0.0000000000000E+00
  0.0000000000000E+00
  0.0000000000000E+00
  0.2255019825102E+02
  0.3088249562636E+02
  0.2740171509765E+02
  0.2463858962365E+02
  0.1325357061481E+02
  0.0000000000000E+00
  0.1510895113678E+02
  0.2296202501566E+02
  0.2435144396086E+02
  0.2165517640414E+02
  0.1996537221198E+02
  0.1969160422547E+02
  0.2099800373115E+02
  0.2193547740003E+02
  0.2407047066772E+02
  0.2633740068668E+02
  0.2921930870332E+02
  0.3292761869211E+02
  0.3561671433490E+02
  0.3822844027362E+02
  0.2975731792838E+02
  0.1361749788532E+02
  0.0000000000000E+00
  0.1086970998984E+02
  0.1862430500689E+02
  0.2359601349333E+02
  0.2655146896831E+02
  0.3018938455234E+02
  0.3685323829036E+02
  0.2385814395548E+02
  0.0000000000000E+00
  0.0000000000000E+00
  0.0000000000000E+00
  0.0000000000000E+00
  0.0000000000000E+00
  0.0000000000000E+00
  0.2221545259855E+02
  0.3177793729479E+02
  0.2975213148506E+02
  0.2657178829478E+02
  0.2495816442784E+02
  0.0000000000000E+00
  0.2299641571702E+02
  0.2662183955215E+02
  0.2673388478237E+02
  0.2344070740156E+02
  0.2076352257419E+02
  0.2065792408867E+02
  0.2221972494780E+02
  0.2352099890794E+02
  0.2453772183011E+02
  0.2666155394354E+02
  0.2853494347391E+02
  0.3205898659227E+02
  0.3565285107942E+02
  0.4026975356160E+02
  0.1753496110703E+02
  0.0000000000000E+00
  0.1668632727976E+02
  0.2139257648759E+02
  0.2529360427353E+02
  0.2754612572472E+02
  0.2730025150309E+02
  0.2924437831760E+02
  0.3650406534978E+02
  0.3221557808984E+02
  0.0000000000000E+00
  0.0000000000000E+00
  0.0000000000000E+00
  0.0000000000000E+00
  0.0000000000000E+00
  0.0000000000000E+00
  0.2558518322835E+02
  0.3291745061463E+02
  0.0000000000000E+00
  0.3010058162822E+02
  0.2706869237470E+02
  0.0000000000000E+00
  0.2735781456189E+02
  0.2932139619124E+02
  0.2964441954837E+02
  0.2584859267324E+02
  0.2305119817253E+02
  0.2293800270054E+02
  0.2368020722851E+02
  0.2488041913614E+02
  0.2578611380762E+02
  0.2758470940108E+02
  0.2868497002507E+02
  0.3087891315677E+02
  0.3392848678016E+02
  0.3485061581563E+02
  0.0000000000000E+00
  0.2464712968795E+02
  0.2774199591787E+02
  0.2655407792841E+02
  0.3033448455264E+02
  0.2923051884406E+02
  0.2779951399302E+02
  0.2888346675557E+02
  0.3560338861192E+02
  0.3724224885227E+02
  0.0000000000000E+00
  0.0000000000000E+00
  0.0000000000000E+00
  0.0000000000000E+00
  0.0000000000000E+00
  0.0000000000000E+00
  0.3160967685085E+02
  0.2966932150105E+02
  0.0000000000000E+00
  0.0000000000000E+00
  0.0000000000000E+00
  0.0000000000000E+00
  0.0000000000000E+00
  0.2785478643307E+02
  0.3053605154536E+02
  0.2746475560499E+02
  0.2599526692806E+02
  0.2650330541739E+02
  0.2569689173671E+02
  0.2652462401924E+02
  0.2826148700255E+02
  0.2990381212235E+02
  0.3014046872895E+02
  0.2978534323417E+02
  0.3312405969980E+02
  0.3430938751677E+02
  0.0000000000000E+00
  0.2952631802094E+02
  0.3170315884034E+02
  0.3185180297902E+02
  0.3201485350270E+02
  0.3089152138564E+02
  0.3024717768736E+02
  0.3051028007224E+02
  0.3400432920447E+02
  0.3404618518921E+02
  0.0000000000000E+00
  0.0000000000000E+00
  0.0000000000000E+00
  0.0000000000000E+00
  0.0000000000000E+00
  0.0000000000000E+00
  0.2549832525649E+02
  0.1627906640949E+02
  0.0000000000000E+00
  0.0000000000000E+00
  0.0000000000000E+00
  0.0000000000000E+00
  0.0000000000000E+00
  0.2606339910645E+02
  0.1925360370590E+02
  0.2118589990052E+02
  0.2091423870276E+02
  0.1421954651360E+02
  0.2005496202517E+02
  0.2148371626252E+02
  0.2215451984331E+02
  0.2715144806404E+02
  0.3150055946821E+02
  0.3064932089051E+02
  0.3347041229481E+02
  0.2799517581462E+02
  0.0000000000000E+00
  0.2930441390199E+02
  0.2729824328233E+02
  0.1901095402611E+02
  0.2472425968781E+02
  0.2610535934757E+02
  0.2771022582305E+02
  0.3061489745919E+02
  0.3250709230920E+02
  0.3307716538789E+02
  0.0000000000000E+00
  0.0000000000000E+00
  0.0000000000000E+00
  0.0000000000000E+00
  0.0000000000000E+00
  0.0000000000000E+00
  0.0000000000000E+00
  0.0000000000000E+00
  0.0000000000000E+00
  0.0000000000000E+00
  0.0000000000000E+00
  0.0000000000000E+00
  0.0000000000000E+00
  0.3289648938559E+02
  0.3976137531585E+02
  0.4350881641713E+02
  0.3976525458929E+02
  0.3457422011593E+02
  0.2790019083763E+02
  0.2471485893783E+02
  0.2427959616671E+02
  0.1970595925968E+02
  0.1924584983863E+02
  0.3318036517720E+02
  0.3609678316671E+02
  0.3796297776671E+02
  0.0000000000000E+00
  0.0000000000000E+00
  0.0000000000000E+00
  0.2733779627965E+02
  0.3904042687398E+02
  0.3331898432616E+02
  0.2126315019487E+02
  0.2354953863037E+02
  0.3147653147912E+02
  0.3503738114329E+02
  0.0000000000000E+00
  0.0000000000000E+00
  0.2282647903455E+02
  0.2765758695975E+02
  0.0000000000000E+00
  0.0000000000000E+00
  0.0000000000000E+00
  0.0000000000000E+00
  0.0000000000000E+00
  0.0000000000000E+00
  0.0000000000000E+00
  0.0000000000000E+00
  0.0000000000000E+00
  0.0000000000000E+00
  0.2861796116026E+02
  0.3835980643175E+02
  0.4037789709722E+02
  0.3741761665020E+02
  0.3401013231664E+02
  0.3120924611412E+02
  0.2971735386310E+02
  0.2985471428676E+02
  0.2824213110016E+02
  0.3486851638875E+02
  0.2757581800175E+02
  0.0000000000000E+00
  0.0000000000000E+00
  0.0000000000000E+00
  0.0000000000000E+00
  0.3681417719936E+02
  0.4969557834564E+02
  0.4580829723508E+02
  0.3829621246544E+02
  0.3195521942589E+02
  0.2990986325482E+02
  0.3308236091974E+02
  0.1992927413675E+02
  0.2463291871493E+02
  0.3188680107371E+02
  0.3617493202655E+02
  0.2920042921016E+02
  0.0000000000000E+00
  0.0000000000000E+00
  0.0000000000000E+00
  0.0000000000000E+00
  0.0000000000000E+00
  0.0000000000000E+00
  0.0000000000000E+00
  0.0000000000000E+00
  0.0000000000000E+00
  0.3610896004873E+02
  0.4134926268283E+02
  0.3581600998199E+02
  0.3308403584004E+02
  0.3229046193668E+02
  0.3130299352280E+02
  0.3061682923443E+02
  0.3067563060951E+02
  0.3052297694936E+02
  0.3436597104994E+02
  0.2625698545037E+02
  0.0000000000000E+00
  0.0000000000000E+00
  0.0000000000000E+00
  0.0000000000000E+00
  0.3396240293153E+02
  0.4140993735442E+02
  0.4014400360789E+02
  0.4034026202054E+02
  0.3952123733100E+02
  0.3221051550990E+02
  0.3529558561485E+02
  0.0000000000000E+00
  0.3588853254121E+02
  0.3264232670666E+02
  0.0000000000000E+00
  0.0000000000000E+00
  0.0000000000000E+00
  0.0000000000000E+00
  0.0000000000000E+00
  0.0000000000000E+00
  0.0000000000000E+00
  0.0000000000000E+00
  0.0000000000000E+00
  0.0000000000000E+00
  0.0000000000000E+00
  0.3828909656892E+02
  0.4331872063023E+02
  0.3601971326658E+02
  0.2988011788008E+02
  0.2879365376070E+02
  0.3060768721875E+02
  0.3102428510179E+02
  0.3250309251701E+02
  0.3381303203292E+02
  0.3617047820786E+02
  0.3486476461798E+02
  0.0000000000000E+00
  0.0000000000000E+00
  0.0000000000000E+00
  0.0000000000000E+00
  0.0000000000000E+00
  0.3379247999103E+02
  0.2920861217609E+02
  0.3581525239387E+02
  0.4393169658114E+02
  0.3942975383808E+02
  0.3713632900663E+02
  0.2305729144936E+02
  0.0000000000000E+00
  0.0000000000000E+00
  0.0000000000000E+00
  0.0000000000000E+00
  0.0000000000000E+00
  0.0000000000000E+00
  0.0000000000000E+00
  0.0000000000000E+00
  0.0000000000000E+00
  0.0000000000000E+00
  0.0000000000000E+00
  0.0000000000000E+00
  0.0000000000000E+00
  0.0000000000000E+00
  0.2978211924076E+02
  0.3599146610339E+02
  0.3246591278261E+02
  0.2842427523888E+02
  0.2969614396912E+02
  0.3163311435752E+02
  0.3476081726464E+02
  0.3919759604755E+02
  0.4465039103492E+02
  0.4053982941579E+02
  0.0000000000000E+00
  0.0000000000000E+00
  0.0000000000000E+00
  0.0000000000000E+00
  0.0000000000000E+00
  0.0000000000000E+00
  0.3897034690549E+02
  0.2859887985241E+02
  0.4271557040760E+02
  0.4406007289107E+02
  0.4918429964799E+02
  0.4150889344618E+02
  0.0000000000000E+00
  0.0000000000000E+00
  0.0000000000000E+00
  0.0000000000000E+00
  0.0000000000000E+00
  0.0000000000000E+00
  0.0000000000000E+00
  0.0000000000000E+00
  0.0000000000000E+00
  0.0000000000000E+00
  0.0000000000000E+00
  0.0000000000000E+00
  0.0000000000000E+00
  0.0000000000000E+00
  0.3449242171574E+02
  0.2902794480804E+02
  0.2344311941736E+02
  0.2217852033898E+02
  0.2927684635758E+02
  0.3521156602009E+02
  0.4212869949758E+02
  0.5285327236349E+02
  0.4384985190270E+02
  0.0000000000000E+00
  0.0000000000000E+00
  0.0000000000000E+00
  0.0000000000000E+00
  0.0000000000000E+00
  0.0000000000000E+00
  0.0000000000000E+00
  0.5730104130939E+02
  0.4354870294584E+02
  0.4740834363832E+02
  0.5610035864495E+02
  0.6789151335750E+02
  0.0000000000000E+00
  0.0000000000000E+00
  0.0000000000000E+00
  0.0000000000000E+00
  0.0000000000000E+00
  0.0000000000000E+00
  0.0000000000000E+00
  0.0000000000000E+00
  0.0000000000000E+00
  0.0000000000000E+00
  0.0000000000000E+00
  0.0000000000000E+00
  0.0000000000000E+00
  0.0000000000000E+00
  0.0000000000000E+00
  0.0000000000000E+00
  0.0000000000000E+00
  0.4690520854584E+02
  0.6394426952477E+02
  0.5321413790841E+02
  0.2018816519012E+02
  0.3891330336847E+02
  0.6327792991428E+02
  0.0000000000000E+00
  0.0000000000000E+00
  0.0000000000000E+00
  0.0000000000000E+00
  0.0000000000000E+00
  0.0000000000000E+00
  0.0000000000000E+00
  0.0000000000000E+00
  0.5388010051219E+02
  0.7087803691379E+02
  0.7317726822948E+02
  0.8231503946107E+02
  0.8453345474161E+02
  0.3232307774732E+02
  0.0000000000000E+00
  0.0000000000000E+00
  0.0000000000000E+00
  0.0000000000000E+00
  0.0000000000000E+00
  0.0000000000000E+00
  0.0000000000000E+00
  0.0000000000000E+00
  0.0000000000000E+00
  0.0000000000000E+00
  0.0000000000000E+00
  0.0000000000000E+00
  0.0000000000000E+00
  0.0000000000000E+00
  0.0000000000000E+00
  0.0000000000000E+00
  0.0000000000000E+00
  0.0000000000000E+00
  0.0000000000000E+00
  0.2096966007929E+02
  0.0000000000000E+00
  0.0000000000000E+00
  0.0000000000000E+00
  0.0000000000000E+00
  0.0000000000000E+00
  0.0000000000000E+00
  0.0000000000000E+00
  0.0000000000000E+00
  0.0000000000000E+00
  0.7514162655945E+01
  0.1602392015166E+02
  0.0000000000000E+00
  0.0000000000000E+00
  0.1981287298727E+02
  0.2088578083678E+02
  0.1922908696155E+02
  0.8594168280007E+01
  0.7931335708446E+01
  0.0000000000000E+00
  0.0000000000000E+00
  0.0000000000000E+00
  0.0000000000000E+00
  0.0000000000000E+00
  0.0000000000000E+00
  0.0000000000000E+00
  0.0000000000000E+00
  0.1003354275472E+02
  0.9949320214548E+01
  0.9854205238271E+01
  0.9776403255068E+01
  0.9714932577141E+01
  0.9682110199024E+01
  0.9635938335793E+01
  0.9624503133986E+01
  0.9640660140681E+01
  0.9868898000610E+01
  0.9645423288355E+01
  0.9628979357113E+01
  0.9628515371699E+01
  0.9639742343006E+01
  0.9653714335294E+01
  0.9661397151840E+01
  0.9655017856506E+01
  0.9638433474651E+01
  0.9608907539295E+01
  0.9567456917026E+01
  0.0000000000000E+00
  0.0000000000000E+00
  0.0000000000000E+00
  0.0000000000000E+00
  0.1017052938333E+02
  0.1042033410914E+02
  0.1052264704058E+02
  0.1059801266139E+02
  0.1064082291560E+02
  0.1056874399260E+02
  0.1060341212808E+02
  0.1044971316153E+02
  0.1036327988061E+02
  0.1028241237395E+02
  0.1020822490425E+02
  0.1014703829068E+02
  0.8461389863607E+02
  0.8461389863607E+02
  0.8461389863607E+02
  0.8461389863607E+02
  0.8461389863607E+02
  0.8461389863607E+02
  0.8461389863607E+02
  0.8461389863607E+02
  0.8461389863607E+02
  0.8461389863607E+02
  0.8461389863607E+02
  0.8461389863607E+02
  0.8461389863607E+02
  0.8461389863607E+02
  0.8461389863607E+02
  0.8461389863607E+02
  0.8461389863607E+02
  0.8461389863607E+02
  0.8461389863607E+02
  0.8461389863607E+02
  0.8461389863607E+02
  0.8461389863607E+02
  0.8461389863607E+02
  0.8461389863607E+02
  0.8461389863607E+02
  0.8461389863607E+02
  0.8461389863607E+02
  0.8461389863607E+02
  0.8461389863607E+02
  0.8461389863607E+02
  0.8461389863607E+02
  0.8461389863607E+02
  0.8461389863607E+02
  0.8461389863607E+02
  0.8461389863607E+02
  0.8461389863607E+02
  0.1039973540253E+03
  0.3119920620759E+02
  0.3119920620759E+02
  0.3119920620759E+02
  0.3119920620759E+02
  0.3119920620759E+02
  0.3119920620759E+02
  0.3119920620759E+02
  0.3119920620759E+02
  0.3119920620759E+02
  0.3119920620759E+02
  0.3119920620759E+02
  0.3119920620759E+02
  0.3119920620759E+02
  0.3119920620759E+02
  0.3119920620759E+02
  0.3119920620759E+02
  0.3119920620759E+02
  0.3119920620759E+02
  0.3119920620759E+02
  0.3119920620759E+02
  0.3119920620759E+02
  0.3119920620759E+02
  0.3119920620759E+02
  0.3119920620759E+02
  0.3119920620759E+02
  0.3119920620759E+02
  0.3119920620759E+02
  0.3119920620759E+02
  0.3119920620759E+02
  0.3119920620759E+02
  0.3119920620759E+02
  0.3119920620759E+02
  0.3119920620759E+02
  0.3119920620759E+02
  0.1039973540253E+03
  0.3842302216815E+02
  0.3842302216815E+02
  0.3842302216815E+02
  0.3842302216815E+02
  0.3842302216815E+02
  0.3842302216815E+02
  0.3842302216815E+02
  0.3842302216815E+02
  0.3842302216815E+02
  0.3842302216815E+02
  0.3842302216815E+02
  0.3842302216815E+02
  0.3842302216815E+02
  0.3842302216815E+02
  0.3842302216815E+02
  0.3842302216815E+02
  0.3842302216815E+02
  0.3842302216815E+02
  0.3842302216815E+02
  0.3842302216815E+02
  0.3842302216815E+02
  0.3842302216815E+02
  0.3842302216815E+02
  0.3842302216815E+02
  0.3842302216815E+02
  0.3842302216815E+02
  0.3842302216815E+02
  0.3842302216815E+02
  0.3842302216815E+02
  0.3842302216815E+02
  0.3842302216815E+02
  0.3842302216815E+02
  0.3842302216815E+02
  0.3842302216815E+02
  0.3842302216815E+02
  0.3842302216815E+02
  0.4556701551129E+02
  0.4556701551129E+02
  0.4556701551129E+02
  0.4556701551129E+02
  0.4556701551129E+02
  0.4556701551129E+02
  0.4556701551129E+02
  0.4556701551129E+02
  0.4556701551129E+02
  0.4556701551129E+02
  0.4556701551129E+02
  0.4556701551129E+02
  0.4556701551129E+02
  0.4556701551129E+02
  0.4556701551129E+02
  0.4556701551129E+02
  0.4556701551129E+02
  0.4556701551129E+02
  0.4556701551129E+02
  0.4556701551129E+02
  0.4556701551129E+02
  0.4556701551129E+02
  0.4556701551129E+02
  0.4556701551129E+02
  0.4556701551129E+02
  0.4556701551129E+02
  0.4556701551129E+02
  0.4556701551129E+02
  0.4556701551129E+02
  0.4556701551129E+02
  0.4556701551129E+02
  0.4556701551129E+02
  0.4556701551129E+02
  0.4556701551129E+02
  0.4556701551129E+02
  0.4556701551129E+02
  0.5238571649122E+02
  0.5238571649122E+02
  0.5238571649122E+02
  0.5238571649122E+02
  0.5238571649122E+02
  0.5238571649122E+02
  0.5238571649122E+02
  0.5238571649122E+02
  0.5238571649122E+02
  0.5238571649122E+02
  0.5238571649122E+02
  0.5238571649122E+02
  0.5238571649122E+02
  0.5238571649122E+02
  0.5238571649122E+02
  0.5238571649122E+02
  0.5238571649122E+02
  0.5238571649122E+02
  0.5238571649122E+02
  0.1746190549707E+03
  0.5238571649122E+02
  0.5238571649122E+02
  0.5238571649122E+02
  0.5238571649122E+02
  0.5238571649122E+02
  0.5238571649122E+02
  0.5238571649122E+02
  0.5238571649122E+02
  0.5238571649122E+02
  0.5238571649122E+02
  0.5238571649122E+02
  0.5238571649122E+02
  0.5238571649122E+02
  0.5238571649122E+02
  0.5238571649122E+02
  0.5238571649122E+02
  0.5883887056231E+02
  0.5883887056231E+02
  0.5883887056231E+02
  0.5883887056231E+02
  0.5883887056231E+02
  0.5883887056231E+02
  0.5883887056231E+02
  0.5883887056231E+02
  0.5883887056231E+02
  0.5883887056231E+02
  0.5883887056231E+02
  0.5883887056231E+02
  0.5883887056231E+02
  0.5883887056231E+02
  0.5883887056231E+02
  0.5883887056231E+02
  0.5883887056231E+02
  0.5883887056231E+02
  0.5883887056231E+02
  0.1961295685410E+03
  0.5883887056231E+02
  0.5883887056231E+02
  0.5883887056231E+02
  0.5883887056231E+02
  0.5883887056231E+02
  0.5883887056231E+02
  0.5883887056231E+02
  0.5883887056231E+02
  0.5883887056231E+02
  0.5883887056231E+02
  0.5883887056231E+02
  0.5883887056231E+02
  0.5883887056231E+02
  0.5883887056231E+02
  0.5883887056231E+02
  0.5883887056231E+02
  0.6490277836102E+02
  0.6490277836102E+02
  0.6490277836102E+02
  0.6490277836102E+02
  0.6490277836102E+02
  0.6490277836102E+02
  0.6490277836102E+02
  0.6490277836102E+02
  0.6490277836102E+02
  0.6490277836102E+02
  0.6490277836102E+02
  0.6490277836102E+02
  0.6490277836102E+02
  0.6490277836102E+02
  0.6490277836102E+02
  0.6490277836102E+02
  0.6490277836102E+02
  0.6490277836102E+02
  0.6490277836102E+02
  0.2163425945367E+03
  0.6490277836102E+02
  0.6490277836102E+02
  0.6490277836102E+02
  0.6490277836102E+02
  0.6490277836102E+02
  0.6490277836102E+02
  0.6490277836102E+02
  0.6490277836102E+02
  0.6490277836102E+02
  0.6490277836102E+02
  0.6490277836102E+02
  0.6490277836102E+02
  0.6490277836102E+02
  0.6490277836102E+02
  0.6490277836102E+02
  0.6490277836102E+02
  0.7055484009980E+02
  0.7055484009980E+02
  0.7055484009980E+02
  0.7055484009980E+02
  0.2351828003327E+03
  0.7055484009980E+02
  0.7055484009980E+02
  0.7055484009980E+02
  0.7055484009980E+02
  0.7055484009980E+02
  0.7055484009980E+02
  0.7055484009980E+02
  0.7055484009980E+02
  0.7055484009980E+02
  0.7055484009980E+02
  0.7055484009980E+02
  0.7055484009980E+02
  0.7055484009980E+02
  0.7055484009980E+02
  0.2351828003327E+03
  0.7055484009980E+02
  0.7055484009980E+02
  0.7055484009980E+02
  0.7055484009980E+02
  0.7055484009980E+02
  0.7055484009980E+02
  0.7055484009980E+02
  0.7055484009980E+02
  0.7055484009980E+02
  0.7055484009980E+02
  0.7055484009980E+02
  0.7055484009980E+02
  0.7055484009980E+02
  0.7055484009980E+02
  0.7055484009980E+02
  0.7055484009980E+02
  0.7577257700732E+02
  0.7577257700732E+02
  0.7577257700732E+02
  0.2525752566911E+03
  0.2525752566911E+03
  0.7577257700732E+02
  0.7577257700732E+02
  0.7577257700732E+02
  0.7577257700732E+02
  0.7577257700732E+02
  0.7577257700732E+02
  0.7577257700732E+02
  0.7577257700732E+02
  0.7577257700732E+02
  0.7577257700732E+02
  0.7577257700732E+02
  0.7577257700732E+02
  0.7577257700732E+02
  0.7577257700732E+02
  0.2525752566911E+03
  0.2525752566911E+03
  0.7577257700732E+02
  0.7577257700732E+02
  0.7577257700732E+02
  0.7577257700732E+02
  0.7577257700732E+02
  0.7577257700732E+02
  0.7577257700732E+02
  0.2525752566911E+03
  0.7577257700732E+02
  0.7577257700732E+02
  0.7577257700732E+02
  0.7577257700732E+02
  0.7577257700732E+02
  0.7577257700732E+02
  0.7577257700732E+02
  0.8053430562166E+02
  0.8053430562166E+02
  0.2684476854055E+03
  0.2684476854055E+03
  0.2684476854055E+03
  0.8053430562166E+02
  0.8053430562166E+02
  0.8053430562166E+02
  0.8053430562166E+02
  0.8053430562166E+02
  0.8053430562166E+02
  0.8053430562166E+02
  0.8053430562166E+02
  0.8053430562166E+02
  0.8053430562166E+02
  0.8053430562166E+02
  0.8053430562166E+02
  0.8053430562166E+02
  0.8053430562166E+02
  0.2684476854055E+03
  0.2684476854055E+03
  0.8053430562166E+02
  0.8053430562166E+02
  0.8053430562166E+02
  0.8053430562166E+02
  0.8053430562166E+02
  0.8053430562166E+02
  0.8053430562166E+02
  0.2684476854055E+03
  0.8053430562166E+02
  0.8053430562166E+02
  0.8053430562166E+02
  0.8053430562166E+02
  0.8053430562166E+02
  0.8053430562166E+02
  0.8053430562166E+02
  0.8481977211792E+02
  0.8481977211792E+02
  0.2827325737264E+03
  0.2827325737264E+03
  0.2827325737264E+03
  0.8481977211792E+02
  0.8481977211792E+02
  0.8481977211792E+02
  0.8481977211792E+02
  0.8481977211792E+02
  0.8481977211792E+02
  0.8481977211792E+02
  0.8481977211792E+02
  0.8481977211792E+02
  0.8481977211792E+02
  0.8481977211792E+02
  0.8481977211792E+02
  0.8481977211792E+02
  0.8481977211792E+02
  0.2827325737264E+03
  0.2827325737264E+03
  0.8481977211792E+02
  0.8481977211792E+02
  0.8481977211792E+02
  0.8481977211792E+02
  0.8481977211792E+02
  0.8481977211792E+02
  0.8481977211792E+02
  0.2827325737264E+03
  0.8481977211792E+02
  0.8481977211792E+02
  0.8481977211792E+02
  0.8481977211792E+02
  0.8481977211792E+02
  0.8481977211792E+02
  0.8481977211792E+02
  0.8861057059695E+02
  0.8861057059695E+02
  0.2953685686565E+03
  0.2953685686565E+03
  0.2953685686565E+03
  0.8861057059695E+02
  0.8861057059695E+02
  0.8861057059695E+02
  0.8861057059695E+02
  0.8861057059695E+02
  0.8861057059695E+02
  0.8861057059695E+02
  0.8861057059695E+02
  0.8861057059695E+02
  0.8861057059695E+02
  0.8861057059695E+02
  0.8861057059695E+02
  0.8861057059695E+02
  0.8861057059695E+02
  0.2953685686565E+03
  0.2953685686565E+03
  0.2953685686565E+03
  0.8861057059695E+02
  0.8861057059695E+02
  0.8861057059695E+02
  0.8861057059695E+02
  0.8861057059695E+02
  0.2953685686565E+03
  0.2953685686565E+03
  0.8861057059695E+02
  0.8861057059695E+02
  0.8861057059695E+02
  0.8861057059695E+02
  0.8861057059695E+02
  0.8861057059695E+02
  0.8861057059695E+02
  0.9189039175290E+02
  0.9189039175290E+02
  0.3063013058430E+03
  0.3063013058430E+03
  0.9189039175290E+02
  0.9189039175290E+02
  0.9189039175290E+02
  0.9189039175290E+02
  0.9189039175290E+02
  0.9189039175290E+02
  0.9189039175290E+02
  0.9189039175290E+02
  0.9189039175290E+02
  0.9189039175290E+02
  0.9189039175290E+02
  0.9189039175290E+02
  0.9189039175290E+02
  0.9189039175290E+02
  0.9189039175290E+02
  0.3063013058430E+03
  0.3063013058430E+03
  0.3063013058430E+03
  0.9189039175290E+02
  0.9189039175290E+02
  0.9189039175290E+02
  0.9189039175290E+02
  0.9189039175290E+02
  0.3063013058430E+03
  0.3063013058430E+03
  0.3063013058430E+03
  0.9189039175290E+02
  0.9189039175290E+02
  0.9189039175290E+02
  0.9189039175290E+02
  0.9189039175290E+02
  0.9189039175290E+02
  0.9464516171641E+02
  0.9464516171641E+02
  0.3154838723880E+03
  0.3154838723880E+03
  0.9464516171641E+02
  0.9464516171641E+02
  0.9464516171641E+02
  0.9464516171641E+02
  0.9464516171641E+02
  0.9464516171641E+02
  0.9464516171641E+02
  0.9464516171641E+02
  0.9464516171641E+02
  0.9464516171641E+02
  0.9464516171641E+02
  0.9464516171641E+02
  0.9464516171641E+02
  0.9464516171641E+02
  0.3154838723880E+03
  0.3154838723880E+03
  0.3154838723880E+03
  0.3154838723880E+03
  0.9464516171641E+02
  0.9464516171641E+02
  0.9464516171641E+02
  0.9464516171641E+02
  0.9464516171641E+02
  0.3154838723880E+03
  0.3154838723880E+03
  0.3154838723880E+03
  0.9464516171641E+02
  0.9464516171641E+02
  0.9464516171641E+02
  0.9464516171641E+02
  0.9464516171641E+02
  0.9464516171641E+02
  0.9686311444844E+02
  0.9686311444844E+02
  0.3228770481615E+03
  0.3228770481615E+03
  0.9686311444844E+02
  0.9686311444844E+02
  0.9686311444844E+02
  0.9686311444844E+02
  0.9686311444844E+02
  0.9686311444844E+02
  0.9686311444844E+02
  0.9686311444844E+02
  0.9686311444844E+02
  0.9686311444844E+02
  0.9686311444844E+02
  0.9686311444844E+02
  0.9686311444844E+02
  0.9686311444844E+02
  0.3228770481615E+03
  0.3228770481615E+03
  0.3228770481615E+03
  0.3228770481615E+03
  0.9686311444844E+02
  0.9686311444844E+02
  0.9686311444844E+02
  0.9686311444844E+02
  0.9686311444844E+02
  0.3228770481615E+03
  0.3228770481615E+03
  0.3228770481615E+03
  0.9686311444844E+02
  0.9686311444844E+02
  0.9686311444844E+02
  0.9686311444844E+02
  0.9686311444844E+02
  0.9686311444844E+02
  0.9853482572012E+02
  0.3284494190671E+03
  0.9853482572012E+02
  0.9853482572012E+02
  0.9853482572012E+02
  0.9853482572012E+02
  0.9853482572012E+02
  0.9853482572012E+02
  0.9853482572012E+02
  0.9853482572012E+02
  0.9853482572012E+02
  0.9853482572012E+02
  0.9853482572012E+02
  0.9853482572012E+02
  0.9853482572012E+02
  0.9853482572012E+02
  0.9853482572012E+02
  0.9853482572012E+02
  0.3284494190671E+03
  0.3284494190671E+03
  0.3284494190671E+03
  0.3284494190671E+03
  0.9853482572012E+02
  0.9853482572012E+02
  0.9853482572012E+02
  0.9853482572012E+02
  0.9853482572012E+02
  0.3284494190671E+03
  0.3284494190671E+03
  0.3284494190671E+03
  0.9853482572012E+02
  0.9853482572012E+02
  0.9853482572012E+02
  0.9853482572012E+02
  0.9853482572012E+02
  0.9853482572012E+02
  0.9965322614582E+02
  0.3321774204861E+03
  0.9965322614582E+02
  0.9965322614582E+02
  0.9965322614582E+02
  0.9965322614582E+02
  0.9965322614582E+02
  0.9965322614582E+02
  0.9965322614582E+02
  0.9965322614582E+02
  0.9965322614582E+02
  0.9965322614582E+02
  0.9965322614582E+02
  0.9965322614582E+02
  0.9965322614582E+02
  0.9965322614582E+02
  0.9965322614582E+02
  0.9965322614582E+02
  0.3321774204861E+03
  0.3321774204861E+03
  0.3321774204861E+03
  0.3321774204861E+03
  0.9965322614582E+02
  0.9965322614582E+02
  0.9965322614582E+02
  0.9965322614582E+02
  0.9965322614582E+02
  0.3321774204861E+03
  0.3321774204861E+03
  0.3321774204861E+03
  0.9965322614582E+02
  0.9965322614582E+02
  0.9965322614582E+02
  0.9965322614582E+02
  0.9965322614582E+02
  0.9965322614582E+02
  0.3340453465498E+03
  0.3340453465498E+03
  0.1002136039649E+03
  0.1002136039649E+03
  0.1002136039649E+03
  0.1002136039649E+03
  0.1002136039649E+03
  0.1002136039649E+03
  0.1002136039649E+03
  0.1002136039649E+03
  0.1002136039649E+03
  0.1002136039649E+03
  0.1002136039649E+03
  0.1002136039649E+03
  0.1002136039649E+03
  0.1002136039649E+03
  0.1002136039649E+03
  0.1002136039649E+03
  0.3340453465498E+03
  0.3340453465498E+03
  0.3340453465498E+03
  0.1002136039649E+03
  0.1002136039649E+03
  0.1002136039649E+03
  0.1002136039649E+03
  0.1002136039649E+03
  0.1002136039649E+03
  0.3340453465498E+03
  0.3340453465498E+03
  0.3340453465498E+03
  0.1002136039649E+03
  0.1002136039649E+03
  0.1002136039649E+03
  0.1002136039649E+03
  0.1002136039649E+03
  0.1002136039649E+03
  0.3340453465599E+03
  0.3340453465599E+03
  0.1002136039680E+03
  0.1002136039680E+03
  0.1002136039680E+03
  0.1002136039680E+03
  0.1002136039680E+03
  0.1002136039680E+03
  0.1002136039680E+03
  0.1002136039680E+03
  0.1002136039680E+03
  0.1002136039680E+03
  0.1002136039680E+03
  0.1002136039680E+03
  0.1002136039680E+03
  0.1002136039680E+03
  0.1002136039680E+03
  0.1002136039680E+03
  0.3340453465599E+03
  0.3340453465599E+03
  0.3340453465599E+03
  0.1002136039680E+03
  0.1002136039680E+03
  0.1002136039680E+03
  0.1002136039680E+03
  0.1002136039680E+03
  0.1002136039680E+03
  0.3340453465599E+03
  0.3340453465599E+03
  0.3340453465599E+03
  0.1002136039680E+03
  0.1002136039680E+03
  0.1002136039680E+03
  0.1002136039680E+03
  0.1002136039680E+03
  0.1002136039680E+03
  0.3321774205163E+03
  0.9965322615490E+02
  0.9965322615490E+02
  0.9965322615490E+02
  0.9965322615490E+02
  0.9965322615490E+02
  0.9965322615490E+02
  0.9965322615490E+02
  0.9965322615490E+02
  0.9965322615490E+02
  0.9965322615490E+02
  0.9965322615490E+02
  0.9965322615490E+02
  0.9965322615490E+02
  0.9965322615490E+02
  0.9965322615490E+02
  0.9965322615490E+02
  0.9965322615490E+02
  0.3321774205163E+03
  0.3321774205163E+03
  0.9965322615490E+02
  0.9965322615490E+02
  0.9965322615490E+02
  0.9965322615490E+02
  0.9965322615490E+02
  0.9965322615490E+02
  0.9965322615490E+02
  0.3321774205163E+03
  0.3321774205163E+03
  0.3321774205163E+03
  0.9965322615490E+02
  0.9965322615490E+02
  0.9965322615490E+02
  0.9965322615490E+02
  0.9965322615490E+02
  0.9965322615490E+02
  0.3284494191172E+03
  0.9853482573517E+02
  0.9853482573517E+02
  0.9853482573517E+02
  0.9853482573517E+02
  0.9853482573517E+02
  0.9853482573517E+02
  0.9853482573517E+02
  0.9853482573517E+02
  0.9853482573517E+02
  0.9853482573517E+02
  0.9853482573517E+02
  0.9853482573517E+02
  0.9853482573517E+02
  0.9853482573517E+02
  0.9853482573517E+02
  0.9853482573517E+02
  0.9853482573517E+02
  0.3284494191172E+03
  0.3284494191172E+03
  0.9853482573517E+02
  0.9853482573517E+02
  0.9853482573517E+02
  0.9853482573517E+02
  0.9853482573517E+02
  0.3284494191172E+03
  0.3284494191172E+03
  0.3284494191172E+03
  0.3284494191172E+03
  0.3284494191172E+03
  0.3284494191172E+03
  0.9853482573517E+02
  0.9853482573517E+02
  0.9853482573517E+02
  0.9853482573517E+02
  0.9853482573517E+02
  0.3228770482312E+03
  0.9686311446935E+02
  0.9686311446935E+02
  0.9686311446935E+02
  0.9686311446935E+02
  0.9686311446935E+02
  0.9686311446935E+02
  0.9686311446935E+02
  0.9686311446935E+02
  0.9686311446935E+02
  0.9686311446935E+02
  0.9686311446935E+02
  0.9686311446935E+02
  0.9686311446935E+02
  0.9686311446935E+02
  0.9686311446935E+02
  0.9686311446935E+02
  0.9686311446935E+02
  0.3228770482312E+03
  0.9686311446935E+02
  0.9686311446935E+02
  0.9686311446935E+02
  0.9686311446935E+02
  0.9686311446935E+02
  0.9686311446935E+02
  0.3228770482312E+03
  0.3228770482312E+03
  0.3228770482312E+03
  0.3228770482312E+03
  0.3228770482312E+03
  0.3228770482312E+03
  0.9686311446935E+02
  0.9686311446935E+02
  0.9686311446935E+02
  0.9686311446935E+02
  0.9686311446935E+02
  0.3154838724766E+03
  0.9464516174298E+02
  0.9464516174298E+02
  0.9464516174298E+02
  0.9464516174298E+02
  0.9464516174298E+02
  0.9464516174298E+02
  0.9464516174298E+02
  0.9464516174298E+02
  0.9464516174298E+02
  0.9464516174298E+02
  0.9464516174298E+02
  0.9464516174298E+02
  0.9464516174298E+02
  0.9464516174298E+02
  0.9464516174298E+02
  0.9464516174298E+02
  0.3154838724766E+03
  0.9464516174298E+02
  0.9464516174298E+02
  0.9464516174298E+02
  0.9464516174298E+02
  0.9464516174298E+02
  0.9464516174298E+02
  0.9464516174298E+02
  0.3154838724766E+03
  0.3154838724766E+03
  0.3154838724766E+03
  0.3154838724766E+03
  0.3154838724766E+03
  0.3154838724766E+03
  0.9464516174298E+02
  0.9464516174298E+02
  0.9464516174298E+02
  0.9464516174298E+02
  0.9464516174298E+02
  0.3063013059497E+03
  0.9189039178491E+02
  0.9189039178491E+02
  0.9189039178491E+02
  0.9189039178491E+02
  0.9189039178491E+02
  0.9189039178491E+02
  0.9189039178491E+02
  0.9189039178491E+02
  0.9189039178491E+02
  0.9189039178491E+02
  0.9189039178491E+02
  0.9189039178491E+02
  0.9189039178491E+02
  0.9189039178491E+02
  0.9189039178491E+02
  0.3063013059497E+03
  0.9189039178491E+02
  0.9189039178491E+02
  0.9189039178491E+02
  0.9189039178491E+02
  0.9189039178491E+02
  0.9189039178491E+02
  0.9189039178491E+02
  0.9189039178491E+02
  0.3063013059497E+03
  0.3063013059497E+03
  0.3063013059497E+03
  0.3063013059497E+03
  0.3063013059497E+03
  0.3063013059497E+03
  0.9189039178491E+02
  0.9189039178491E+02
  0.3063013059497E+03
  0.9189039178491E+02
  0.9189039178491E+02
  0.2953685687804E+03
  0.8861057063412E+02
  0.8861057063412E+02
  0.8861057063412E+02
  0.8861057063412E+02
  0.8861057063412E+02
  0.8861057063412E+02
  0.8861057063412E+02
  0.8861057063412E+02
  0.8861057063412E+02
  0.8861057063412E+02
  0.8861057063412E+02
  0.8861057063412E+02
  0.8861057063412E+02
  0.8861057063412E+02
  0.2953685687804E+03
  0.8861057063412E+02
  0.8861057063412E+02
  0.8861057063412E+02
  0.8861057063412E+02
  0.8861057063412E+02
  0.8861057063412E+02
  0.8861057063412E+02
  0.8861057063412E+02
  0.8861057063412E+02
  0.2953685687804E+03
  0.2953685687804E+03
  0.2953685687804E+03
  0.2953685687804E+03
  0.2953685687804E+03
  0.2953685687804E+03
  0.8861057063412E+02
  0.8861057063412E+02
  0.2953685687804E+03
  0.2953685687804E+03
  0.2953685687804E+03
  0.2827325738664E+03
  0.2827325738664E+03
  0.8481977215993E+02
  0.8481977215993E+02
  0.8481977215993E+02
  0.8481977215993E+02
  0.8481977215993E+02
  0.8481977215993E+02
  0.8481977215993E+02
  0.8481977215993E+02
  0.8481977215993E+02
  0.8481977215993E+02
  0.8481977215993E+02
  0.8481977215993E+02
  0.8481977215993E+02
  0.2827325738664E+03
  0.8481977215993E+02
  0.8481977215993E+02
  0.8481977215993E+02
  0.8481977215993E+02
  0.8481977215993E+02
  0.8481977215993E+02
  0.8481977215993E+02
  0.8481977215993E+02
  0.8481977215993E+02
  0.2827325738664E+03
  0.2827325738664E+03
  0.2827325738664E+03
  0.2827325738664E+03
  0.2827325738664E+03
  0.2827325738664E+03
  0.8481977215993E+02
  0.8481977215993E+02
  0.2827325738664E+03
  0.2827325738664E+03
  0.2827325738664E+03
  0.2684476855604E+03
  0.2684476855604E+03
  0.8053430566812E+02
  0.8053430566812E+02
  0.8053430566812E+02
  0.8053430566812E+02
  0.8053430566812E+02
  0.8053430566812E+02
  0.8053430566812E+02
  0.8053430566812E+02
  0.8053430566812E+02
  0.8053430566812E+02
  0.8053430566812E+02
  0.8053430566812E+02
  0.8053430566812E+02
  0.2684476855604E+03
  0.8053430566812E+02
  0.8053430566812E+02
  0.8053430566812E+02
  0.8053430566812E+02
  0.8053430566812E+02
  0.8053430566812E+02
  0.8053430566812E+02
  0.8053430566812E+02
  0.8053430566812E+02
  0.2684476855604E+03
  0.2684476855604E+03
  0.2684476855604E+03
  0.2684476855604E+03
  0.2684476855604E+03
  0.2684476855604E+03
  0.2684476855604E+03
  0.2684476855604E+03
  0.2684476855604E+03
  0.2684476855604E+03
  0.2684476855604E+03
  0.2525752568593E+03
  0.2525752568593E+03
  0.7577257705780E+02
  0.7577257705780E+02
  0.7577257705780E+02
  0.7577257705780E+02
  0.7577257705780E+02
  0.7577257705780E+02
  0.7577257705780E+02
  0.7577257705780E+02
  0.7577257705780E+02
  0.7577257705780E+02
  0.7577257705780E+02
  0.7577257705780E+02
  0.7577257705780E+02
  0.2525752568593E+03
  0.2525752568593E+03
  0.2525752568593E+03
  0.7577257705780E+02
  0.7577257705780E+02
  0.7577257705780E+02
  0.7577257705780E+02
  0.7577257705780E+02
  0.7577257705780E+02
  0.7577257705780E+02
  0.2525752568593E+03
  0.2525752568593E+03
  0.7577257705780E+02
  0.7577257705780E+02
  0.2525752568593E+03
  0.2525752568593E+03
  0.2525752568593E+03
  0.2525752568593E+03
  0.2525752568593E+03
  0.2525752568593E+03
  0.2525752568593E+03
  0.2351828005128E+03
  0.2351828005128E+03
  0.2351828005128E+03
  0.7055484015383E+02
  0.7055484015383E+02
  0.7055484015383E+02
  0.7055484015383E+02
  0.7055484015383E+02
  0.7055484015383E+02
  0.7055484015383E+02
  0.7055484015383E+02
  0.7055484015383E+02
  0.7055484015383E+02
  0.7055484015383E+02
  0.2351828005128E+03
  0.2351828005128E+03
  0.2351828005128E+03
  0.2351828005128E+03
  0.7055484015383E+02
  0.7055484015383E+02
  0.7055484015383E+02
  0.7055484015383E+02
  0.7055484015383E+02
  0.7055484015383E+02
  0.7055484015383E+02
  0.7055484015383E+02
  0.7055484015383E+02
  0.7055484015383E+02
  0.7055484015383E+02
  0.7055484015383E+02
  0.2351828005128E+03
  0.2351828005128E+03
  0.2351828005128E+03
  0.2351828005128E+03
  0.2351828005128E+03
  0.2351828005128E+03
  0.2163425947269E+03
  0.2163425947269E+03
  0.2163425947269E+03
  0.6490277841806E+02
  0.6490277841806E+02
  0.6490277841806E+02
  0.6490277841806E+02
  0.6490277841806E+02
  0.6490277841806E+02
  0.6490277841806E+02
  0.6490277841806E+02
  0.6490277841806E+02
  0.6490277841806E+02
  0.6490277841806E+02
  0.2163425947269E+03
  0.2163425947269E+03
  0.2163425947269E+03
  0.2163425947269E+03
  0.6490277841806E+02
  0.6490277841806E+02
  0.6490277841806E+02
  0.6490277841806E+02
  0.6490277841806E+02
  0.6490277841806E+02
  0.6490277841806E+02
  0.2163425947269E+03
  0.6490277841806E+02
  0.6490277841806E+02
  0.2163425947269E+03
  0.2163425947269E+03
  0.2163425947269E+03
  0.2163425947269E+03
  0.2163425947269E+03
  0.2163425947269E+03
  0.2163425947269E+03
  0.2163425947269E+03
  0.1961295687393E+03
  0.1961295687393E+03
  0.1961295687393E+03
  0.5883887062178E+02
  0.5883887062178E+02
  0.5883887062178E+02
  0.5883887062178E+02
  0.5883887062178E+02
  0.5883887062178E+02
  0.5883887062178E+02
  0.5883887062178E+02
  0.5883887062178E+02
  0.5883887062178E+02
  0.5883887062178E+02
  0.1961295687393E+03
  0.1961295687393E+03
  0.1961295687393E+03
  0.1961295687393E+03
  0.1961295687393E+03
  0.5883887062178E+02
  0.5883887062178E+02
  0.5883887062178E+02
  0.5883887062178E+02
  0.5883887062178E+02
  0.5883887062178E+02
  0.5883887062178E+02
  0.1961295687393E+03
  0.1961295687393E+03
  0.1961295687393E+03
  0.1961295687393E+03
  0.1961295687393E+03
  0.1961295687393E+03
  0.1961295687393E+03
  0.1961295687393E+03
  0.1961295687393E+03
  0.1961295687393E+03
  0.1746190551750E+03
  0.1746190551750E+03
  0.1746190551750E+03
  0.1746190551750E+03
  0.5238571655249E+02
  0.5238571655249E+02
  0.5238571655249E+02
  0.5238571655249E+02
  0.5238571655249E+02
  0.5238571655249E+02
  0.5238571655249E+02
  0.5238571655249E+02
  0.5238571655249E+02
  0.5238571655249E+02
  0.1746190551750E+03
  0.1746190551750E+03
  0.1746190551750E+03
  0.1746190551750E+03
  0.1746190551750E+03
  0.1746190551750E+03
  0.5238571655249E+02
  0.5238571655249E+02
  0.5238571655249E+02
  0.5238571655249E+02
  0.5238571655249E+02
  0.5238571655249E+02
  0.1746190551750E+03
  0.1746190551750E+03
  0.1746190551750E+03
  0.1746190551750E+03
  0.1746190551750E+03
  0.1746190551750E+03
  0.1746190551750E+03
  0.1746190551750E+03
  0.1746190551750E+03
  0.1746190551750E+03
  0.1518900519122E+03
  0.1518900519122E+03
  0.1518900519122E+03
  0.1518900519122E+03
  0.4556701557366E+02
  0.4556701557366E+02
  0.4556701557366E+02
  0.4556701557366E+02
  0.4556701557366E+02
  0.4556701557366E+02
  0.4556701557366E+02
  0.4556701557366E+02
  0.4556701557366E+02
  0.1518900519122E+03
  0.1518900519122E+03
  0.1518900519122E+03
  0.1518900519122E+03
  0.1518900519122E+03
  0.1518900519122E+03
  0.1518900519122E+03
  0.4556701557366E+02
  0.4556701557366E+02
  0.4556701557366E+02
  0.4556701557366E+02
  0.4556701557366E+02
  0.1518900519122E+03
  0.1518900519122E+03
  0.1518900519122E+03
  0.1518900519122E+03
  0.1518900519122E+03
  0.1518900519122E+03
  0.1518900519122E+03
  0.1518900519122E+03
  0.1518900519122E+03
  0.1518900519122E+03
  0.1518900519122E+03
  0.1280767407697E+03
  0.1280767407697E+03
  0.1280767407697E+03
  0.1280767407697E+03
  0.1280767407697E+03
  0.1280767407697E+03
  0.3842302223091E+02
  0.3842302223091E+02
  0.3842302223091E+02
  0.3842302223091E+02
  0.3842302223091E+02
  0.3842302223091E+02
  0.1280767407697E+03
  0.1280767407697E+03
  0.1280767407697E+03
  0.1280767407697E+03
  0.1280767407697E+03
  0.1280767407697E+03
  0.1280767407697E+03
  0.1280767407697E+03
  0.3842302223091E+02
  0.3842302223091E+02
  0.3842302223091E+02
  0.3842302223091E+02
  0.3842302223091E+02
  0.3842302223091E+02
  0.1280767407697E+03
  0.1280767407697E+03
  0.1280767407697E+03
  0.1280767407697E+03
  0.1280767407697E+03
  0.1280767407697E+03
  0.1280767407697E+03
  0.1280767407697E+03
  0.1280767407697E+03
  0.1280767407697E+03
  0.1039973542331E+03
  0.1039973542331E+03
  0.1039973542331E+03
  0.1039973542331E+03
  0.1039973542331E+03
  0.1039973542331E+03
  0.1039973542331E+03
  0.1039973542331E+03
  0.1039973542331E+03
  0.2983675728236E+02
  0.1039973542331E+03
  0.1039973542331E+03
  0.1039973542331E+03
  0.1039973542331E+03
  0.1039973542331E+03
  0.1039973542331E+03
  0.1039973542331E+03
  0.1039973542331E+03
  0.1039973542331E+03
  0.1887931761993E+02
  0.2530671198904E+02
  0.1039973542331E+03
  0.1039973542331E+03
  0.3119920626994E+02
  0.3049482035030E+02
  0.2767840981882E+02
  0.1891505274016E+02
  0.1881472338230E+02
  0.1039973542331E+03
  0.1039973542331E+03
  0.1039973542331E+03
  0.1039973542331E+03
  0.1039973542331E+03
  0.1039973542331E+03
  0.1039973542331E+03
  0.1039973542331E+03
  0.1656489620790E+02
  0.1656538701115E+02
  0.1656489620790E+02
  0.1656489620790E+02
  0.1656489620790E+02
  0.1656594128073E+02
  0.1656489620790E+02
  0.1656489620790E+02
  0.1656489620790E+02
  0.1658104010716E+02
  0.1656489620790E+02
  0.1656496941678E+02
  0.1656489620790E+02
  0.1656489620790E+02
  0.1656489620790E+02
  0.1656489620790E+02
  0.1656489620790E+02
  0.1656489620790E+02
  0.1656489620790E+02
  0.1656489620790E+02
  0.8461389883975E+02
  0.8461389883975E+02
  0.8461389883975E+02
  0.8461389883975E+02
  0.1656489620790E+02
  0.1657061713289E+02
  0.1656489620790E+02
  0.1656489620790E+02
  0.1656858402650E+02
  0.1656489620790E+02
  0.1657080968769E+02
  0.1656489620790E+02
  0.1656498598158E+02
  0.1656489620790E+02
  0.1656489620790E+02
  0.1656665592431E+02
 -0.1872926494456E+03
 -0.1877201458975E+03
 -0.1881843925880E+03
 -0.1886417263830E+03
 -0.1890575910425E+03
 -0.1893976799200E+03
 -0.1896382905744E+03
 -0.1897726809113E+03
 -0.1898093118387E+03
 -0.1897668963258E+03
 -0.1896681283054E+03
 -0.1895342699589E+03
 -0.1893810473185E+03
 -0.1892179276155E+03
 -0.1890453737189E+03
 -0.1888550725385E+03
 -0.1886316216620E+03
 -0.1883549456414E+03
 -0.1880083187497E+03
 -0.1875884547807E+03
 -0.1871177772794E+03
 -0.1866369889875E+03
 -0.1861950808936E+03
 -0.1858340369370E+03
 -0.1855794713792E+03
 -0.1854388054289E+03
 -0.1854011821249E+03
 -0.1854473600301E+03
 -0.1855563487156E+03
 -0.1857085972882E+03
 -0.1858895848786E+03
 -0.1860859922690E+03
 -0.1862885341433E+03
 -0.1864918476942E+03
 -0.1867035690021E+03
 -0.1869527503113E+03
 -0.2098074758658E+03
 -0.1535940207893E+03
 -0.1538646904406E+03
 -0.1553420560516E+03
 -0.1547216176485E+03
 -0.1548994064991E+03
 -0.1552841995834E+03
 -0.1555938391898E+03
 -0.1557413244404E+03
 -0.1557655212899E+03
 -0.1554440745922E+03
 -0.1549823104042E+03
 -0.1545692852058E+03
 -0.1542153605524E+03
 -0.1538587949784E+03
 -0.1536338400691E+03
 -0.1528296094568E+03
 -0.1520032565712E+03
 -0.1509472163609E+03
 -0.1509835721433E+03
 -0.1501933578884E+03
 -0.1494494306967E+03
 -0.1489354022925E+03
 -0.1485318843318E+03
 -0.1487726186201E+03
 -0.1479878046558E+03
 -0.1478027986798E+03
 -0.1479233550187E+03
 -0.1481591773590E+03
 -0.1493374891912E+03
 -0.1494929962525E+03
 -0.1499801345833E+03
 -0.1495232050185E+03
 -0.1483606166041E+03
 -0.1477088485762E+03
 -0.2094441518829E+03
 -0.1769232952409E+03
 -0.1793449521740E+03
 -0.1796012134513E+03
 -0.1818857969832E+03
 -0.1824121675932E+03
 -0.1826871813400E+03
 -0.1828232243258E+03
 -0.1834160831107E+03
 -0.1843212650464E+03
 -0.1848308331867E+03
 -0.1841952496163E+03
 -0.1833481610568E+03
 -0.1826860988843E+03
 -0.1824370998520E+03
 -0.1820697982399E+03
 -0.1811981993939E+03
 -0.1798041675337E+03
 -0.1802096703166E+03
 -0.1790881807915E+03
 -0.1776658208550E+03
 -0.1752095537205E+03
 -0.1734643172503E+03
 -0.1722112707595E+03
 -0.1712616291690E+03
 -0.1715556874484E+03
 -0.1711677295644E+03
 -0.1713357541709E+03
 -0.1734595399248E+03
 -0.1740238985458E+03
 -0.1754095182356E+03
 -0.1766885175753E+03
 -0.1775351168797E+03
 -0.1767322111114E+03
 -0.1763409090257E+03
 -0.1760212446690E+03
 -0.1751568130754E+03
 -0.1906487128672E+03
 -0.1911719934474E+03
 -0.1913276155771E+03
 -0.1925766095419E+03
 -0.1928594896678E+03
 -0.1924777050459E+03
 -0.1922140148076E+03
 -0.1926649516150E+03
 -0.1945757598310E+03
 -0.1924725235565E+03
 -0.1910214226850E+03
 -0.1897395687677E+03
 -0.1887421314342E+03
 -0.1887746225425E+03
 -0.1886451957471E+03
 -0.1881690086953E+03
 -0.1892115628991E+03
 -0.1874645912775E+03
 -0.1794732151918E+03
 -0.1800984517371E+03
 -0.1812151775069E+03
 -0.1843672568109E+03
 -0.1853106493788E+03
 -0.1856713519809E+03
 -0.1855405145839E+03
 -0.1850067724017E+03
 -0.1843867375452E+03
 -0.1873265818843E+03
 -0.1881138395517E+03
 -0.1902221078204E+03
 -0.1911365277443E+03
 -0.1922145736913E+03
 -0.1890550222757E+03
 -0.1901293409330E+03
 -0.1903280770989E+03
 -0.1903022350180E+03
 -0.1943775443101E+03
 -0.1940801612934E+03
 -0.1939408429424E+03
 -0.1942004278913E+03
 -0.1938032168719E+03
 -0.1917633515169E+03
 -0.1900069408418E+03
 -0.1904989616609E+03
 -0.1933296552973E+03
 -0.1943904909610E+03
 -0.1928857061269E+03
 -0.1915180288003E+03
 -0.1906693535842E+03
 -0.1906471348169E+03
 -0.1906018962617E+03
 -0.1906923471690E+03
 -0.1904434687716E+03
 -0.1888483313281E+03
 -0.1816298602178E+03
 -0.2334741482046E+03
 -0.1925381644598E+03
 -0.1927209881468E+03
 -0.1922591939517E+03
 -0.1917618205871E+03
 -0.1912103683624E+03
 -0.1899883837908E+03
 -0.1890396205133E+03
 -0.1894716845620E+03
 -0.1907744712205E+03
 -0.1933970102041E+03
 -0.1940162012251E+03
 -0.1962211828022E+03
 -0.1910520541761E+03
 -0.1936289028226E+03
 -0.1941982649183E+03
 -0.1946204918300E+03
 -0.1960712848573E+03
 -0.1954841208597E+03
 -0.1953414332536E+03
 -0.1952433442091E+03
 -0.1956779024302E+03
 -0.1911251031725E+03
 -0.1880950867366E+03
 -0.1871112133305E+03
 -0.1893290272365E+03
 -0.1906355779455E+03
 -0.1905188525978E+03
 -0.1903653287000E+03
 -0.1902551073082E+03
 -0.1902428940532E+03
 -0.1905077731476E+03
 -0.1911310999797E+03
 -0.1908677085774E+03
 -0.1893991164337E+03
 -0.1822729983391E+03
 -0.2370586350785E+03
 -0.1952422584061E+03
 -0.1944113090527E+03
 -0.1938105177389E+03
 -0.1933049504571E+03
 -0.1920530926237E+03
 -0.1909766259026E+03
 -0.1903910394822E+03
 -0.1901547366331E+03
 -0.1910219900309E+03
 -0.1909692786299E+03
 -0.1922621697640E+03
 -0.1973757779109E+03
 -0.1933617395143E+03
 -0.1950394446203E+03
 -0.1958483502975E+03
 -0.1966633652319E+03
 -0.1960110739300E+03
 -0.1942668388449E+03
 -0.1936919911950E+03
 -0.1942734263713E+03
 -0.2001928442494E+03
 -0.1913908693226E+03
 -0.1893582193903E+03
 -0.1902139934302E+03
 -0.1894332195648E+03
 -0.1876540189846E+03
 -0.1881650148175E+03
 -0.1884445164636E+03
 -0.1885567737615E+03
 -0.1888334266622E+03
 -0.1893291764802E+03
 -0.1902753428631E+03
 -0.1899401558595E+03
 -0.1887759301980E+03
 -0.1805311800283E+03
 -0.2400151939347E+03
 -0.1937704363454E+03
 -0.1900282121316E+03
 -0.1908146681895E+03
 -0.1916178241313E+03
 -0.1905729964806E+03
 -0.1900673703396E+03
 -0.1900969281789E+03
 -0.1901444189911E+03
 -0.1904391040439E+03
 -0.1833209965423E+03
 -0.1861064968612E+03
 -0.1913782416498E+03
 -0.1902273355776E+03
 -0.1928121144510E+03
 -0.1958658797084E+03
 -0.1970072543324E+03
 -0.1949628679879E+03
 -0.1898050083371E+03
 -0.1907737524321E+03
 -0.1944387064239E+03
 -0.2477775440540E+03
 -0.1903849329999E+03
 -0.1883183360008E+03
 -0.1901390233961E+03
 -0.1888502499156E+03
 -0.1855222326438E+03
 -0.1859181813403E+03
 -0.1852102892470E+03
 -0.1841191471795E+03
 -0.1843815304111E+03
 -0.1858883816400E+03
 -0.1868855307228E+03
 -0.1873554357035E+03
 -0.1882702082234E+03
 -0.1768734396030E+03
 -0.2425553006592E+03
 -0.2000505148255E+03
 -0.1837458090076E+03
 -0.1838117411977E+03
 -0.1870900628490E+03
 -0.1876486131393E+03
 -0.1879655375388E+03
 -0.1893710084519E+03
 -0.1870802446748E+03
 -0.1944651669654E+03
 -0.1790341576083E+03
 -0.1800196590944E+03
 -0.1842160338246E+03
 -0.1856777451054E+03
 -0.1900680846485E+03
 -0.1945969757741E+03
 -0.1958615970615E+03
 -0.1947582024469E+03
 -0.1807664316315E+03
 -0.1872007805225E+03
 -0.2491124627008E+03
 -0.2503723724085E+03
 -0.1912914111273E+03
 -0.1890337434197E+03
 -0.1898390936425E+03
 -0.1893436128310E+03
 -0.1878784884684E+03
 -0.1874234350062E+03
 -0.1832449634190E+03
 -0.1785183717100E+03
 -0.1768785327904E+03
 -0.1795652878324E+03
 -0.1820712089576E+03
 -0.1846842156487E+03
 -0.1894154163734E+03
 -0.1748062864058E+03
 -0.2446573226105E+03
 -0.2454262808608E+03
 -0.1817166321053E+03
 -0.1771174235116E+03
 -0.1796135119028E+03
 -0.1816833350431E+03
 -0.1848357255568E+03
 -0.1902600601625E+03
 -0.1812800044414E+03
 -0.2446368248617E+03
 -0.1825451759153E+03
 -0.1844512777983E+03
 -0.1844401379002E+03
 -0.1836335627279E+03
 -0.1889233878030E+03
 -0.1929519344465E+03
 -0.1942719878156E+03
 -0.1964893361943E+03
 -0.1804939748503E+03
 -0.2498042812115E+03
 -0.2514863889423E+03
 -0.2526069322742E+03
 -0.1944732364163E+03
 -0.1946462636160E+03
 -0.1945170884468E+03
 -0.1940978350689E+03
 -0.1932675466749E+03
 -0.1920362228892E+03
 -0.1892594368864E+03
 -0.1864224085949E+03
 -0.1854664098401E+03
 -0.1859452302086E+03
 -0.1855906882550E+03
 -0.1882179536260E+03
 -0.1922906309684E+03
 -0.1811609571040E+03
 -0.2477939914464E+03
 -0.2479077293098E+03
 -0.1888829085985E+03
 -0.1827553100682E+03
 -0.1779896114368E+03
 -0.1784841258784E+03
 -0.1868929980115E+03
 -0.1940738150234E+03
 -0.1891813891195E+03
 -0.2468189628356E+03
 -0.1891366879389E+03
 -0.1919887355563E+03
 -0.1926778928452E+03
 -0.1933368246546E+03
 -0.1942098966981E+03
 -0.1953594217308E+03
 -0.1957952496009E+03
 -0.1988522407349E+03
 -0.1831881226460E+03
 -0.2516714145974E+03
 -0.2534853089925E+03
 -0.2544753440082E+03
 -0.1989837374650E+03
 -0.1995362561910E+03
 -0.1991606196325E+03
 -0.1990734355229E+03
 -0.1987614185070E+03
 -0.1961460862137E+03
 -0.1939708087339E+03
 -0.1927038611928E+03
 -0.1920994374283E+03
 -0.1920214889218E+03
 -0.1920607216191E+03
 -0.1932526414800E+03
 -0.1945494156515E+03
 -0.1859879466262E+03
 -0.2522121376540E+03
 -0.2499601270898E+03
 -0.2031030777260E+03
 -0.1907456577565E+03
 -0.1867418384137E+03
 -0.1877179605084E+03
 -0.1927602779668E+03
 -0.1972153377658E+03
 -0.1954081544333E+03
 -0.2488518690050E+03
 -0.1943823050691E+03
 -0.1960264724692E+03
 -0.1973853066938E+03
 -0.1990722274059E+03
 -0.1994641834445E+03
 -0.1998862070927E+03
 -0.1997383421627E+03
 -0.2000982728096E+03
 -0.1859022133101E+03
 -0.2530768974596E+03
 -0.2551413091192E+03
 -0.2559448656282E+03
 -0.2031184862979E+03
 -0.2024074394319E+03
 -0.2020380289322E+03
 -0.2020608883314E+03
 -0.2013671391778E+03
 -0.1985647472241E+03
 -0.1973491177631E+03
 -0.1968360398816E+03
 -0.1964730105939E+03
 -0.1963849869424E+03
 -0.1962596608500E+03
 -0.1964207775917E+03
 -0.1957295325649E+03
 -0.1881603131051E+03
 -0.2544044899606E+03
 -0.2516300463129E+03
 -0.2517547599316E+03
 -0.1941598787042E+03
 -0.1931060009500E+03
 -0.1942340435007E+03
 -0.1960816069315E+03
 -0.1982240864120E+03
 -0.2475157883170E+03
 -0.2506877303142E+03
 -0.2011044596315E+03
 -0.1974452853170E+03
 -0.2008248755827E+03
 -0.2029698361015E+03
 -0.2027864996556E+03
 -0.2029187078623E+03
 -0.2021737135750E+03
 -0.2000576687681E+03
 -0.1891673833949E+03
 -0.2542739694630E+03
 -0.2563791723435E+03
 -0.2011357201599E+03
 -0.2052429569665E+03
 -0.2040078372279E+03
 -0.2031452750449E+03
 -0.2030038148358E+03
 -0.2019263975575E+03
 -0.2000145169209E+03
 -0.1992175370068E+03
 -0.1995027466526E+03
 -0.1993358688420E+03
 -0.1992832090287E+03
 -0.1987983765015E+03
 -0.1980015545384E+03
 -0.1965512213446E+03
 -0.1919190560469E+03
 -0.2554331321888E+03
 -0.2533392661000E+03
 -0.2534269235192E+03
 -0.1965590030683E+03
 -0.1979121275042E+03
 -0.1971792615180E+03
 -0.1965963873098E+03
 -0.1965834176388E+03
 -0.2494503869000E+03
 -0.2522555963986E+03
 -0.2533355466156E+03
 -0.1976482782839E+03
 -0.2027968295843E+03
 -0.2052053646883E+03
 -0.2044200670608E+03
 -0.2039654344031E+03
 -0.2027891691546E+03
 -0.1996288109966E+03
 -0.1919433335113E+03
 -0.2551824551087E+03
 -0.2571556808546E+03
 -0.2023547015151E+03
 -0.2055902347969E+03
 -0.2044247483248E+03
 -0.2037877796312E+03
 -0.2036372319614E+03
 -0.2015548217672E+03
 -0.2010909542138E+03
 -0.2005743804046E+03
 -0.2015396515473E+03
 -0.2013360626801E+03
 -0.2007869066772E+03
 -0.2000179704593E+03
 -0.1986049956472E+03
 -0.1968887877933E+03
 -0.2506005278617E+03
 -0.2570132420987E+03
 -0.2550392111968E+03
 -0.2547118525710E+03
 -0.1996878929916E+03
 -0.2014586300827E+03
 -0.1987775006315E+03
 -0.1960801829475E+03
 -0.1930294228817E+03
 -0.2533318257138E+03
 -0.2535319379182E+03
 -0.2546073443854E+03
 -0.1989929732309E+03
 -0.2033235644989E+03
 -0.2060927586058E+03
 -0.2051247868041E+03
 -0.2042366959219E+03
 -0.2023890790107E+03
 -0.1993657470893E+03
 -0.1956581520274E+03
 -0.2561226126479E+03
 -0.2576602308269E+03
 -0.1998377269677E+03
 -0.2030734843236E+03
 -0.2033481587754E+03
 -0.2035803482075E+03
 -0.2034220603183E+03
 -0.2015969597557E+03
 -0.2018409310055E+03
 -0.2020578179604E+03
 -0.2028123816589E+03
 -0.2025576497190E+03
 -0.2017093078736E+03
 -0.2007079403996E+03
 -0.1986710601052E+03
 -0.1954102650810E+03
 -0.2517488676298E+03
 -0.2575807206045E+03
 -0.2558031488142E+03
 -0.2556912547451E+03
 -0.2024653398300E+03
 -0.2035318820001E+03
 -0.1994780178381E+03
 -0.1953866650264E+03
 -0.1894008337350E+03
 -0.2560699306877E+03
 -0.2544785262374E+03
 -0.2555807572768E+03
 -0.2012634082371E+03
 -0.2041074450837E+03
 -0.2049339834350E+03
 -0.2046596720704E+03
 -0.2040601293791E+03
 -0.2017051085156E+03
 -0.2001871752408E+03
 -0.2560668587653E+03
 -0.1877507255450E+03
 -0.1903812377586E+03
 -0.1949614533116E+03
 -0.2006269355434E+03
 -0.2010099931479E+03
 -0.2018720876235E+03
 -0.2022432717651E+03
 -0.2024640509211E+03
 -0.2031172133924E+03
 -0.2040346729826E+03
 -0.2043505934453E+03
 -0.2044206138197E+03
 -0.2034620599311E+03
 -0.2022605462669E+03
 -0.1990356726881E+03
 -0.1932770418568E+03
 -0.2527369079930E+03
 -0.2575617283317E+03
 -0.2559037532136E+03
 -0.2563824956341E+03
 -0.2048593037317E+03
 -0.2049936799119E+03
 -0.2004833854392E+03
 -0.1956858532614E+03
 -0.1886394741347E+03
 -0.2547030510582E+03
 -0.2551146234519E+03
 -0.2562365093566E+03
 -0.2011212936865E+03
 -0.2019197902868E+03
 -0.2019986237038E+03
 -0.2020366423119E+03
 -0.2021173708880E+03
 -0.2010028199409E+03
 -0.2008079546839E+03
 -0.2571059040503E+03
 -0.1892676791510E+03
 -0.1894772499629E+03
 -0.1951820020211E+03
 -0.1995077557185E+03
 -0.2002435094039E+03
 -0.2019932424990E+03
 -0.2033305037064E+03
 -0.2043406276926E+03
 -0.2046438652959E+03
 -0.2055964915358E+03
 -0.2050240258714E+03
 -0.2043711837752E+03
 -0.2029216682104E+03
 -0.2016044339321E+03
 -0.1989850593335E+03
 -0.1932175406056E+03
 -0.2542741290852E+03
 -0.2576359692030E+03
 -0.2563843917547E+03
 -0.2567943298570E+03
 -0.2068291489409E+03
 -0.2044615831992E+03
 -0.1999860458731E+03
 -0.1960154800488E+03
 -0.1891131483254E+03
 -0.2534585976826E+03
 -0.2555445117808E+03
 -0.2565670282164E+03
 -0.1998312783544E+03
 -0.1986384456420E+03
 -0.1984802910186E+03
 -0.1986796774554E+03
 -0.2000867529997E+03
 -0.1991017032713E+03
 -0.2573866137882E+03
 -0.2577733909187E+03
 -0.1907182014982E+03
 -0.1899567568523E+03
 -0.1945868818119E+03
 -0.1991397568007E+03
 -0.2009679440541E+03
 -0.2032413612362E+03
 -0.2047914001167E+03
 -0.2054723503139E+03
 -0.2050110894162E+03
 -0.2051532720223E+03
 -0.2038064819740E+03
 -0.2022624206412E+03
 -0.1998668041834E+03
 -0.1982159868730E+03
 -0.1964372991069E+03
 -0.1926070734086E+03
 -0.2543899177701E+03
 -0.2566398517258E+03
 -0.2567254774992E+03
 -0.2060028637892E+03
 -0.2069400536019E+03
 -0.2010671658658E+03
 -0.1967949921420E+03
 -0.1941615719925E+03
 -0.1885905640567E+03
 -0.2535986123537E+03
 -0.2559953615142E+03
 -0.2566321055654E+03
 -0.1985523587117E+03
 -0.1950995676149E+03
 -0.1950653299985E+03
 -0.1958322409075E+03
 -0.1975714395443E+03
 -0.1976321680553E+03
 -0.2578741738743E+03
 -0.2581013063741E+03
 -0.1923731995842E+03
 -0.1916583776712E+03
 -0.1962263143064E+03
 -0.2006817945820E+03
 -0.2029248036104E+03
 -0.2050335255371E+03
 -0.2060686465046E+03
 -0.2061005445148E+03
 -0.2051744572109E+03
 -0.2046781651701E+03
 -0.2029203359135E+03
 -0.2008149607729E+03
 -0.1978843348832E+03
 -0.1956763282321E+03
 -0.1946873320191E+03
 -0.1926093626373E+03
 -0.2549007657165E+03
 -0.2560212965824E+03
 -0.2567567772388E+03
 -0.2076936151930E+03
 -0.2049892157353E+03
 -0.1976328425411E+03
 -0.1931504676212E+03
 -0.1925429952320E+03
 -0.1890020411750E+03
 -0.2540635605255E+03
 -0.2563660421965E+03
 -0.2564977709571E+03
 -0.1971917631795E+03
 -0.1933123436644E+03
 -0.1934823079698E+03
 -0.1941783743880E+03
 -0.1962857642145E+03
 -0.1962553660787E+03
 -0.2580243051665E+03
 -0.1919243128864E+03
 -0.1931877689030E+03
 -0.1942255041490E+03
 -0.1993523027778E+03
 -0.2038599113033E+03
 -0.2057735224950E+03
 -0.2070570795413E+03
 -0.2073230699930E+03
 -0.2069313699262E+03
 -0.2057592838639E+03
 -0.2041676463809E+03
 -0.2021651163061E+03
 -0.1991673299465E+03
 -0.1953525454747E+03
 -0.1924465911846E+03
 -0.1924823797047E+03
 -0.1924858735605E+03
 -0.2552505980034E+03
 -0.2560759453699E+03
 -0.2018550865199E+03
 -0.2084096120751E+03
 -0.2029847745076E+03
 -0.1942586907903E+03
 -0.1886049845583E+03
 -0.1912009800758E+03
 -0.1890702330378E+03
 -0.2542539720489E+03
 -0.2558594503686E+03
 -0.2561759415904E+03
 -0.1962951183944E+03
 -0.1933544236375E+03
 -0.1928880852185E+03
 -0.1931879316111E+03
 -0.1958186361110E+03
 -0.1949659931576E+03
 -0.2579027351308E+03
 -0.1941797500569E+03
 -0.1951127488271E+03
 -0.1969809424792E+03
 -0.2016912612706E+03
 -0.2052310665626E+03
 -0.2066976319677E+03
 -0.2070106205007E+03
 -0.2067884939646E+03
 -0.2060793650737E+03
 -0.2047796191242E+03
 -0.2024027999802E+03
 -0.1998968584607E+03
 -0.1963048297973E+03
 -0.1912419012106E+03
 -0.1880101098598E+03
 -0.1908832083889E+03
 -0.1944408202950E+03
 -0.2553586926619E+03
 -0.2556855241901E+03
 -0.2094729199496E+03
 -0.2076289546610E+03
 -0.2012710754612E+03
 -0.1922226860591E+03
 -0.1856046430059E+03
 -0.2520480810402E+03
 -0.2526620693246E+03
 -0.2541082182997E+03
 -0.2552416340083E+03
 -0.2556075753553E+03
 -0.2554569744207E+03
 -0.1961729043343E+03
 -0.1941852544056E+03
 -0.1922847767411E+03
 -0.1952845636582E+03
 -0.1921923775887E+03
 -0.2575568200726E+03
 -0.1967514711213E+03
 -0.1970975975513E+03
 -0.1998359279157E+03
 -0.2040080787476E+03
 -0.2064127725636E+03
 -0.2075787811906E+03
 -0.2070676531607E+03
 -0.2068328099762E+03
 -0.2056601333206E+03
 -0.2043836229084E+03
 -0.2023284400316E+03
 -0.1990704844057E+03
 -0.1958630564191E+03
 -0.1886054728076E+03
 -0.1823996421549E+03
 -0.1879716254409E+03
 -0.1965183305278E+03
 -0.2551555866748E+03
 -0.2099802701896E+03
 -0.2074516505162E+03
 -0.2052853027273E+03
 -0.2006576483696E+03
 -0.1928236576185E+03
 -0.1824972508424E+03
 -0.2517164257211E+03
 -0.2525115699979E+03
 -0.2536918923061E+03
 -0.2546155728961E+03
 -0.2547838091480E+03
 -0.2548538877679E+03
 -0.1988802343717E+03
 -0.1956514187374E+03
 -0.1909738991430E+03
 -0.1940931670019E+03
 -0.1878064562766E+03
 -0.2569893721644E+03
 -0.1993637999089E+03
 -0.1983501896877E+03
 -0.2014665422785E+03
 -0.2045847244048E+03
 -0.2067415025706E+03
 -0.2072663302128E+03
 -0.2063769468403E+03
 -0.2060095612505E+03
 -0.2052599587918E+03
 -0.2039437722794E+03
 -0.2022673508271E+03
 -0.1994975190515E+03
 -0.1957861511121E+03
 -0.1873981338571E+03
 -0.1743184461488E+03
 -0.1823653347820E+03
 -0.2530890025432E+03
 -0.2105839436280E+03
 -0.2069675980812E+03
 -0.2044979187449E+03
 -0.2033364657762E+03
 -0.2008345019372E+03
 -0.1953860652827E+03
 -0.1812722524488E+03
 -0.2509990330019E+03
 -0.2519216018351E+03
 -0.2529801517755E+03
 -0.2536934532361E+03
 -0.2536807422623E+03
 -0.2538509169758E+03
 -0.2004159584781E+03
 -0.1956159094263E+03
 -0.1896602577363E+03
 -0.1925261117930E+03
 -0.1843666592047E+03
 -0.2560729608760E+03
 -0.2020953634321E+03
 -0.1999599274856E+03
 -0.2007285512338E+03
 -0.2033282449184E+03
 -0.2053332181449E+03
 -0.2056534212157E+03
 -0.2049404658197E+03
 -0.2041891772069E+03
 -0.2031243851774E+03
 -0.2022202999283E+03
 -0.2018357014150E+03
 -0.1993865356873E+03
 -0.1955933285361E+03
 -0.1854269289863E+03
 -0.1637303806267E+03
 -0.2509699633484E+03
 -0.2014648129245E+03
 -0.2028894172117E+03
 -0.2017741301442E+03
 -0.2015914901252E+03
 -0.2015742070438E+03
 -0.2004319656889E+03
 -0.1970498281112E+03
 -0.1814879411550E+03
 -0.2499521208941E+03
 -0.2509469038498E+03
 -0.2519160451952E+03
 -0.2524173019008E+03
 -0.2523111789137E+03
 -0.2525579517897E+03
 -0.1984787779107E+03
 -0.1931030238362E+03
 -0.2526154756997E+03
 -0.1901679898826E+03
 -0.1817900365724E+03
 -0.2547175633183E+03
 -0.2019071278559E+03
 -0.2005109676567E+03
 -0.1974914257589E+03
 -0.1997938719246E+03
 -0.2019745458246E+03
 -0.2024092701725E+03
 -0.2023135366672E+03
 -0.2016486432703E+03
 -0.2004212614908E+03
 -0.1997154448333E+03
 -0.2000014950107E+03
 -0.1982201287838E+03
 -0.1946129852482E+03
 -0.1844574601006E+03
 -0.2479781249993E+03
 -0.1909541689032E+03
 -0.1961531513329E+03
 -0.1990637975517E+03
 -0.1978086767954E+03
 -0.1981496842769E+03
 -0.1989666210645E+03
 -0.1985791901023E+03
 -0.1969501733469E+03
 -0.1825906006820E+03
 -0.2485614403611E+03
 -0.2496507567737E+03
 -0.2511919279791E+03
 -0.2515820129061E+03
 -0.2520872513923E+03
 -0.2511067711035E+03
 -0.1906379524168E+03
 -0.1868079456635E+03
 -0.2516325221652E+03
 -0.2528258282325E+03
 -0.2532695985058E+03
 -0.2530021040302E+03
 -0.2540961788598E+03
 -0.1973699720737E+03
 -0.1919227629443E+03
 -0.1931939530445E+03
 -0.1955005422531E+03
 -0.1960119331063E+03
 -0.1975061541913E+03
 -0.1976261182965E+03
 -0.1966631454327E+03
 -0.1964919940370E+03
 -0.1966107678741E+03
 -0.1957171144612E+03
 -0.1930333621779E+03
 -0.1823405018128E+03
 -0.2468699042144E+03
 -0.1859736290103E+03
 -0.1916484397645E+03
 -0.1923889333523E+03
 -0.1923882610215E+03
 -0.1929143884774E+03
 -0.1941538819842E+03
 -0.1949993703127E+03
 -0.1955427419822E+03
 -0.1836269639145E+03
 -0.2489752536818E+03
 -0.2481177985092E+03
 -0.2492650141800E+03
 -0.2502382170680E+03
 -0.2508225078356E+03
 -0.2494266468243E+03
 -0.1783859934529E+03
 -0.1783103245100E+03
 -0.2502131891909E+03
 -0.2511020534449E+03
 -0.2517169358781E+03
 -0.2510490992122E+03
 -0.2519096303086E+03
 -0.1950323062057E+03
 -0.1843240354374E+03
 -0.1840850880595E+03
 -0.1857906238506E+03
 -0.1855510930335E+03
 -0.1901290785487E+03
 -0.1914327686583E+03
 -0.1900823439705E+03
 -0.1900528999820E+03
 -0.1911947997156E+03
 -0.1928805600883E+03
 -0.1912990469581E+03
 -0.1785660645754E+03
 -0.2454836352110E+03
 -0.1796851524445E+03
 -0.1845004134144E+03
 -0.1850096699156E+03
 -0.1839399230492E+03
 -0.1848770329268E+03
 -0.1861552040415E+03
 -0.1887553096881E+03
 -0.1929853870225E+03
 -0.1861166345423E+03
 -0.2470910301805E+03
 -0.2462874488621E+03
 -0.2464616153309E+03
 -0.2464033173520E+03
 -0.2485827255360E+03
 -0.2473676803687E+03
 -0.2470751744421E+03
 -0.2472813683835E+03
 -0.2482707745940E+03
 -0.2502718186694E+03
 -0.2510678087735E+03
 -0.2486681760173E+03
 -0.2490828664395E+03
 -0.1867859726527E+03
 -0.1831408415893E+03
 -0.1861062646081E+03
 -0.1889313404614E+03
 -0.1910688203977E+03
 -0.1921157901441E+03
 -0.1917525066458E+03
 -0.1899054639795E+03
 -0.1862211988678E+03
 -0.1843639127214E+03
 -0.1895567958063E+03
 -0.1883509891793E+03
 -0.1780106740166E+03
 -0.2435410171129E+03
 -0.2448969301812E+03
 -0.2452293112813E+03
 -0.1813147043958E+03
 -0.1818642544496E+03
 -0.1830929201502E+03
 -0.1813823986402E+03
 -0.1818357140713E+03
 -0.1892786703907E+03
 -0.1890109680368E+03
 -0.2429714369825E+03
 -0.2439525678958E+03
 -0.1822884526205E+03
 -0.1872775774763E+03
 -0.2453497025419E+03
 -0.2448885220200E+03
 -0.2447756633593E+03
 -0.2450241119787E+03
 -0.2457431904122E+03
 -0.2486328848229E+03
 -0.2472348655256E+03
 -0.2453502971506E+03
 -0.2457343662260E+03
 -0.2461720796647E+03
 -0.1827708494484E+03
 -0.1857164580840E+03
 -0.1902443430644E+03
 -0.1932410405674E+03
 -0.1944459411924E+03
 -0.1941613299279E+03
 -0.1927453541352E+03
 -0.1900567334019E+03
 -0.1870367565902E+03
 -0.1882609214961E+03
 -0.1840828419552E+03
 -0.2398338478022E+03
 -0.2409329606562E+03
 -0.2422036337054E+03
 -0.2423982675909E+03
 -0.1825557281674E+03
 -0.1851565954704E+03
 -0.1869352995326E+03
 -0.1864901553367E+03
 -0.1840316765851E+03
 -0.1866958033456E+03
 -0.1887998064494E+03
 -0.1729434275036E+03
 -0.1795799383681E+03
 -0.1779826712036E+03
 -0.1804760037055E+03
 -0.1796060551261E+03
 -0.2418082088652E+03
 -0.2418415727445E+03
 -0.2420553649324E+03
 -0.2444874532563E+03
 -0.2435591649470E+03
 -0.2440927763257E+03
 -0.2411688237258E+03
 -0.2417471654878E+03
 -0.2424713005137E+03
 -0.1800774244692E+03
 -0.1847068841381E+03
 -0.1901965969866E+03
 -0.1936071723854E+03
 -0.1943753954761E+03
 -0.1939811545722E+03
 -0.1930028601148E+03
 -0.1910461451746E+03
 -0.1884097248791E+03
 -0.1866040525396E+03
 -0.1782049196701E+03
 -0.2372798647525E+03
 -0.2377288170523E+03
 -0.2388156414499E+03
 -0.2389608363593E+03
 -0.1813105420852E+03
 -0.1860749312507E+03
 -0.1892167966651E+03
 -0.1887145684394E+03
 -0.1866795355446E+03
 -0.1862388463187E+03
 -0.1864451576817E+03
 -0.2381562456513E+03
 -0.1747725184837E+03
 -0.1709740764964E+03
 -0.2376126518922E+03
 -0.2376815946612E+03
 -0.2380589700534E+03
 -0.2384863654230E+03
 -0.2387704749901E+03
 -0.2392203498087E+03
 -0.2393082630258E+03
 -0.2401445487273E+03
 -0.2362128649006E+03
 -0.2370094946141E+03
 -0.2379156259216E+03
 -0.1788528173963E+03
 -0.1838079774415E+03
 -0.1882987027571E+03
 -0.1912394827031E+03
 -0.1923422914637E+03
 -0.1917929303256E+03
 -0.1909566301691E+03
 -0.1895987696707E+03
 -0.1877832841662E+03
 -0.1842004908174E+03
 -0.1755556610202E+03
 -0.2338034492473E+03
 -0.2337780329588E+03
 -0.2345998150905E+03
 -0.2347880654595E+03
 -0.2353006562644E+03
 -0.1819960784677E+03
 -0.1885956052955E+03
 -0.1891485169059E+03
 -0.1878109813778E+03
 -0.1866837687848E+03
 -0.1838035534057E+03
 -0.1801681431967E+03
 -0.2343734849651E+03
 -0.2338420579077E+03
 -0.2334946494937E+03
 -0.2334508712447E+03
 -0.2336490946163E+03
 -0.2344027938616E+03
 -0.2345517444637E+03
 -0.2342145789812E+03
 -0.2347470921764E+03
 -0.2353881566379E+03
 -0.2304421653750E+03
 -0.2312151049408E+03
 -0.2321899481022E+03
 -0.2328833869629E+03
 -0.1802119203765E+03
 -0.1841661441901E+03
 -0.1867059706320E+03
 -0.1866326375965E+03
 -0.1862131031976E+03
 -0.1862312820546E+03
 -0.1857973614253E+03
 -0.1840508792984E+03
 -0.1787870143777E+03
 -0.1691351345158E+03
 -0.2291435923810E+03
 -0.2288939013797E+03
 -0.2293669244091E+03
 -0.2296249262610E+03
 -0.2302239819503E+03
 -0.2309352902965E+03
 -0.1819749577037E+03
 -0.1902648537992E+03
 -0.1870619768610E+03
 -0.1847416537231E+03
 -0.1808388755249E+03
 -0.1750123727619E+03
 -0.2298659733900E+03
 -0.2289502046168E+03
 -0.2284390385521E+03
 -0.2281891359592E+03
 -0.2281943569594E+03
 -0.2281974939581E+03
 -0.2287239071945E+03
 -0.2286499729569E+03
 -0.2291044774351E+03
 -0.2301081910454E+03
 -0.2232482798591E+03
 -0.2240356718792E+03
 -0.2249277261522E+03
 -0.2257238371016E+03
 -0.1685382652203E+03
 -0.1703665417539E+03
 -0.1751886135217E+03
 -0.1749280891040E+03
 -0.1760422751770E+03
 -0.1774051495993E+03
 -0.1778079940959E+03
 -0.1753612943191E+03
 -0.1678547385789E+03
 -0.2239907591875E+03
 -0.2230010393815E+03
 -0.2226632727073E+03
 -0.2228094021081E+03
 -0.2231090079588E+03
 -0.2237511012263E+03
 -0.2247007506537E+03
 -0.1713829997383E+03
 -0.1818154276165E+03
 -0.1820275355510E+03
 -0.1797217502653E+03
 -0.1723814697732E+03
 -0.2255261020802E+03
 -0.2238897816373E+03
 -0.2227378365565E+03
 -0.2220009471550E+03
 -0.2215712871932E+03
 -0.2214165808097E+03
 -0.2213710845055E+03
 -0.2214665156474E+03
 -0.2217671306191E+03
 -0.2221802010400E+03
 -0.2226331816475E+03
 -0.2142618681665E+03
 -0.2148846591050E+03
 -0.2155765330896E+03
 -0.2162861120871E+03
 -0.2169030974725E+03
 -0.2176082733653E+03
 -0.1631531967297E+03
 -0.1646974692844E+03
 -0.1636824477276E+03
 -0.1617038878934E+03
 -0.1647980585671E+03
 -0.1615286776260E+03
 -0.2167297342538E+03
 -0.2157227801412E+03
 -0.2147688582695E+03
 -0.2143641227743E+03
 -0.2144043159712E+03
 -0.2146868925180E+03
 -0.2152647734560E+03
 -0.2163500501220E+03
 -0.1651172071786E+03
 -0.1687375306749E+03
 -0.1695324898632E+03
 -0.1665781773095E+03
 -0.1642266215838E+03
 -0.1765269850756E+03
 -0.2157266227212E+03
 -0.2143565612477E+03
 -0.2135862143261E+03
 -0.2130083854304E+03
 -0.2127877219843E+03
 -0.2127083459923E+03
 -0.2127883013474E+03
 -0.2129756829589E+03
 -0.2133139536588E+03
 -0.2137437576215E+03
 -0.2021172219611E+03
 -0.2025790890995E+03
 -0.2030930919381E+03
 -0.2036312327168E+03
 -0.2041661173462E+03
 -0.2046945216839E+03
 -0.2051710666482E+03
 -0.2054796077974E+03
 -0.2055524097328E+03
 -0.1514294828844E+03
 -0.2052972685591E+03
 -0.2049615057034E+03
 -0.2043686562042E+03
 -0.2037184709262E+03
 -0.2031673115134E+03
 -0.2028591144281E+03
 -0.2028152119915E+03
 -0.2030102660396E+03
 -0.2034079191813E+03
 -0.1666753902378E+03
 -0.1570310071398E+03
 -0.2061728746347E+03
 -0.2068367356682E+03
 -0.1534227028120E+03
 -0.1519310975104E+03
 -0.1531902349189E+03
 -0.1648236420268E+03
 -0.1649055249273E+03
 -0.2018315179796E+03
 -0.2014329290128E+03
 -0.2011695386786E+03
 -0.2010409006787E+03
 -0.2010437191845E+03
 -0.2011701662573E+03
 -0.2014055671024E+03
 -0.2017255837423E+03
 -0.1531621126538E+03
 -0.1534154439304E+03
 -0.1536992017359E+03
 -0.1539818331299E+03
 -0.1542496976492E+03
 -0.1544818085342E+03
 -0.1546898357310E+03
 -0.1548270752067E+03
 -0.1548875280952E+03
 -0.1547606112962E+03
 -0.1548768251806E+03
 -0.1548217434573E+03
 -0.1547257393494E+03
 -0.1546219870510E+03
 -0.1545508086465E+03
 -0.1545493390955E+03
 -0.1546440454863E+03
 -0.1548424761080E+03
 -0.1551507992400E+03
 -0.1555674498756E+03
 -0.1867628868062E+03
 -0.1871662044051E+03
 -0.1872875740287E+03
 -0.1870819827289E+03
 -0.1553415322498E+03
 -0.1546631523545E+03
 -0.1540658136324E+03
 -0.1535492812561E+03
 -0.1531453259429E+03
 -0.1528907972523E+03
 -0.1526500286171E+03
 -0.1526079980110E+03
 -0.1525997514630E+03
 -0.1526550574518E+03
 -0.1527668069345E+03
 -0.1529255843486E+03
  0.0000000000000E+00
  0.0000000000000E+00
  0.0000000000000E+00
  0.0000000000000E+00
  0.0000000000000E+00
  0.0000000000000E+00
  0.0000000000000E+00
  0.0000000000000E+00
  0.0000000000000E+00
  0.0000000000000E+00
  0.0000000000000E+00
  0.0000000000000E+00
  0.0000000000000E+00
  0.0000000000000E+00
  0.0000000000000E+00
  0.0000000000000E+00
  0.0000000000000E+00
  0.0000000000000E+00
  0.0000000000000E+00
  0.0000000000000E+00
  0.0000000000000E+00
  0.0000000000000E+00
  0.0000000000000E+00
  0.0000000000000E+00
  0.0000000000000E+00
  0.0000000000000E+00
  0.0000000000000E+00
  0.0000000000000E+00
  0.0000000000000E+00
  0.0000000000000E+00
  0.0000000000000E+00
  0.0000000000000E+00
  0.0000000000000E+00
  0.0000000000000E+00
  0.0000000000000E+00
  0.0000000000000E+00
  0.0000000000000E+00
  0.9534149092685E-05
  0.9976372289685E-05
  0.9864475148263E-05
  0.1065666763602E-04
  0.1100490106940E-04
  0.1108213959694E-04
  0.1101292915976E-04
  0.1087368166428E-04
  0.1070171325126E-04
  0.1064986523779E-04
  0.1066585938132E-04
  0.1068131919604E-04
  0.1071818176162E-04
  0.1080627260945E-04
  0.1087123477036E-04
  0.1121368009389E-04
  0.1151466756415E-04
  0.1178562514997E-04
  0.1131113950850E-04
  0.1105744990590E-04
  0.1071552496252E-04
  0.1034178563904E-04
  0.1007759992030E-04
  0.9731136048546E-05
  0.9995578564688E-05
  0.1013922285775E-04
  0.1023022627592E-04
  0.1031532721990E-04
  0.1000706250935E-04
  0.1014678638755E-04
  0.1013879821777E-04
  0.1052259319468E-04
  0.1115240301570E-04
  0.1142860605231E-04
  0.0000000000000E+00
  0.1997166335249E-04
  0.2198300569310E-04
  0.2256738625795E-04
  0.2086363531301E-04
  0.2409154108178E-04
  0.2603686704576E-04
  0.2657384565123E-04
  0.2589768305136E-04
  0.2406915798373E-04
  0.2281624226088E-04
  0.2191011988399E-04
  0.2107514571801E-04
  0.2160150275095E-04
  0.2224995037142E-04
  0.2307993948488E-04
  0.2424978189144E-04
  0.2633342435862E-04
  0.2639455531324E-04
  0.2882427154287E-04
  0.2675816040723E-04
  0.2103498915536E-04
  0.1679615706881E-04
  0.1399375646931E-04
  0.1198058300591E-04
  0.1256955111556E-04
  0.1346371442184E-04
  0.1510070033790E-04
  0.1561109646006E-04
  0.1641848924843E-04
  0.1683982163735E-04
  0.1783628083135E-04
  0.1888028586868E-04
  0.2053562468297E-04
  0.1970988856974E-04
  0.1800136364459E-04
  0.1759643438339E-04
  0.2280055350172E-04
  0.2261467801746E-04
  0.2373651646832E-04
  0.2240313412017E-04
  0.2364516028946E-04
  0.2619101188763E-04
  0.2661038340035E-04
  0.2481891078008E-04
  0.2206471314950E-04
  0.2512512835889E-04
  0.2556337840780E-04
  0.2535124396556E-04
  0.2576130202049E-04
  0.2681329908968E-04
  0.2814726436673E-04
  0.2955631184646E-04
  0.2764672616536E-04
  0.3110028143500E-04
  0.3147012742774E-04
  0.2318357098391E-04
  0.2943864086141E-04
  0.2170002600244E-04
  0.1911561347141E-04
  0.1934651046157E-04
  0.2006834179121E-04
  0.2190419755833E-04
  0.2431296125961E-04
  0.2187035398950E-04
  0.2326649909903E-04
  0.2067412402695E-04
  0.2026813073666E-04
  0.2012107641313E-04
  0.2757361694726E-04
  0.2430593986935E-04
  0.2386329321990E-04
  0.2404223955697E-04
  0.2836863112085E-04
  0.2875176409260E-04
  0.2938115097996E-04
  0.3053568961313E-04
  0.3290182780659E-04
  0.3782727063205E-04
  0.3916142737215E-04
  0.3357555271477E-04
  0.3020380816011E-04
  0.2986889949615E-04
  0.3000561831853E-04
  0.2956777671128E-04
  0.2971351825849E-04
  0.3082285140235E-04
  0.3175184552321E-04
  0.3151373521996E-04
  0.3371305519590E-04
  0.3877469624755E-04
  0.3567554778321E-04
  0.0000000000000E+00
  0.1897078027134E-04
  0.1891786226292E-04
  0.1927226088595E-04
  0.2107805636185E-04
  0.2145919024115E-04
  0.2442131918660E-04
  0.2737375842030E-04
  0.2616654566291E-04
  0.2641416719769E-04
  0.2537546632533E-04
  0.2558026792445E-04
  0.2265617373922E-04
  0.3571294483527E-04
  0.2996537378179E-04
  0.2929527438631E-04
  0.2840481908961E-04
  0.3169556052764E-04
  0.3204461167823E-04
  0.3288462746100E-04
  0.3484332126104E-04
  0.3418546418103E-04
  0.4302767125677E-04
  0.3439916183502E-04
  0.2621658693780E-04
  0.3269649442537E-04
  0.3288980601182E-04
  0.3429910306023E-04
  0.3389672883761E-04
  0.3310827227939E-04
  0.3329672774803E-04
  0.3381307179993E-04
  0.3318925219018E-04
  0.3398914314539E-04
  0.3603400629199E-04
  0.3426200661485E-04
  0.0000000000000E+00
  0.1962941209042E-04
  0.2319339061752E-04
  0.2290383694080E-04
  0.2409744955407E-04
  0.2574036497923E-04
  0.2966410931535E-04
  0.3044158645302E-04
  0.2849772377716E-04
  0.2840347495322E-04
  0.3358043211764E-04
  0.3383446807283E-04
  0.2664742005373E-04
  0.3872891856531E-04
  0.3566725899911E-04
  0.3456130457585E-04
  0.3186103412387E-04
  0.3345264884881E-04
  0.3508777906629E-04
  0.3494418451784E-04
  0.3472213493277E-04
  0.2807052487512E-04
  0.4633105843636E-04
  0.4532751361862E-04
  0.4068172602169E-04
  0.3889052161079E-04
  0.3946605806639E-04
  0.3959579782992E-04
  0.3770642050213E-04
  0.3685176820885E-04
  0.3696360705032E-04
  0.3764849612118E-04
  0.3572270712124E-04
  0.3451696383617E-04
  0.3435698770395E-04
  0.3269259479987E-04
  0.0000000000000E+00
  0.2109793979232E-04
  0.3128491394903E-04
  0.3168167294617E-04
  0.3166987789636E-04
  0.3185962053690E-04
  0.3362669349493E-04
  0.3368955016404E-04
  0.3192863013933E-04
  0.3203241135170E-04
  0.4543332528696E-04
  0.4501402416031E-04
  0.4244350965123E-04
  0.4913294044566E-04
  0.4409780052035E-04
  0.3747260243028E-04
  0.3366489821805E-04
  0.3472940657462E-04
  0.4155746914191E-04
  0.3957243232412E-04
  0.2607114046415E-04
  0.0000000000000E+00
  0.4132027705737E-04
  0.4488270470195E-04
  0.4043203265137E-04
  0.3767382793834E-04
  0.3505234918638E-04
  0.3720014806450E-04
  0.3425717034095E-04
  0.3557464733934E-04
  0.3908824729053E-04
  0.3911425642401E-04
  0.3484710392312E-04
  0.3364239486071E-04
  0.3585028803173E-04
  0.2645910645461E-04
  0.0000000000000E+00
  0.9865708338387E-05
  0.3390025443013E-04
  0.4174254696562E-04
  0.4043343561137E-04
  0.4011138144788E-04
  0.3647191080440E-04
  0.3356570763823E-04
  0.3281887993296E-04
  0.2131233428445E-04
  0.3748383701416E-04
  0.3968958943322E-04
  0.4517550866240E-04
  0.4784932919015E-04
  0.4025172813855E-04
  0.3456194686864E-04
  0.3293191929951E-04
  0.4007318320329E-04
  0.2637172121818E-04
  0.2318016989265E-04
  0.0000000000000E+00
  0.0000000000000E+00
  0.4174298670471E-04
  0.3903761893681E-04
  0.4015237919536E-04
  0.3754106504613E-04
  0.3844442400685E-04
  0.3804269043335E-04
  0.2499898786517E-04
  0.1755313700613E-04
  0.1681768290277E-04
  0.2267826376349E-04
  0.2704973375712E-04
  0.2913998570095E-04
  0.4066224385373E-04
  0.1028939639082E-04
  0.0000000000000E+00
  0.0000000000000E+00
  0.1976096860172E-04
  0.2919829492242E-04
  0.3414065692394E-04
  0.3480203712245E-04
  0.3210085310153E-04
  0.3797847256399E-04
  0.6280941251149E-05
  0.0000000000000E+00
  0.3267200047261E-04
  0.4048383264563E-04
  0.3470449424831E-04
  0.2664616672339E-04
  0.3097101919260E-04
  0.2903536864097E-04
  0.3054825020918E-04
  0.4864475418629E-04
  0.2993296614123E-04
  0.0000000000000E+00
  0.0000000000000E+00
  0.0000000000000E+00
  0.4660468288583E-04
  0.5023640970518E-04
  0.4797800559135E-04
  0.4660958207298E-04
  0.4474757716095E-04
  0.4364542506961E-04
  0.4105847978942E-04
  0.3994557568343E-04
  0.4062416230445E-04
  0.3946679213483E-04
  0.3426834768262E-04
  0.3644980166107E-04
  0.4411978858273E-04
  0.2748030454559E-04
  0.0000000000000E+00
  0.0000000000000E+00
  0.2905304978972E-04
  0.3697385299448E-04
  0.2580184304721E-04
  0.2179518450793E-04
  0.3497586681319E-04
  0.4572521299839E-04
  0.2839229356245E-04
  0.0000000000000E+00
  0.4415744797695E-04
  0.5290876360164E-04
  0.5387367323527E-04
  0.4819147360957E-04
  0.4003883492524E-04
  0.3521217741824E-04
  0.3514697836682E-04
  0.5363802286634E-04
  0.3729144143538E-04
  0.0000000000000E+00
  0.0000000000000E+00
  0.0000000000000E+00
  0.4966454197019E-04
  0.5788789731804E-04
  0.5490609335513E-04
  0.5180942019679E-04
  0.4999864393102E-04
  0.4935114592794E-04
  0.4599453625190E-04
  0.4590776897897E-04
  0.4566680377721E-04
  0.4482662232467E-04
  0.4505462538964E-04
  0.4402184348653E-04
  0.4744312235426E-04
  0.3557948254697E-04
  0.0000000000000E+00
  0.0000000000000E+00
  0.2108023781576E-04
  0.4215956009617E-04
  0.4318504288852E-04
  0.4233777200795E-04
  0.4311010120950E-04
  0.4776727150553E-04
  0.2495562516565E-04
  0.0000000000000E+00
  0.4491028951758E-04
  0.4973942105751E-04
  0.5425159451133E-04
  0.5303709347198E-04
  0.5051680017624E-04
  0.4726585460618E-04
  0.4714194346199E-04
  0.5610005187082E-04
  0.3909943629608E-04
  0.0000000000000E+00
  0.0000000000000E+00
  0.0000000000000E+00
  0.6005934944424E-04
  0.6106900378834E-04
  0.5943053508921E-04
  0.5643567923002E-04
  0.5302700174429E-04
  0.5211532591241E-04
  0.5057862671086E-04
  0.4896202843855E-04
  0.4909806644013E-04
  0.4857738450803E-04
  0.4831756781453E-04
  0.4869369554697E-04
  0.5111095009757E-04
  0.4141772307321E-04
  0.0000000000000E+00
  0.0000000000000E+00
  0.0000000000000E+00
  0.4225834824346E-04
  0.4564938728622E-04
  0.4663037209683E-04
  0.4748080870900E-04
  0.4834596817185E-04
  0.0000000000000E+00
  0.0000000000000E+00
  0.3435610741529E-04
  0.4181219439379E-04
  0.5416608852912E-04
  0.5666624064685E-04
  0.5844611378408E-04
  0.5758885775106E-04
  0.5552331681971E-04
  0.5895689669186E-04
  0.4635822712898E-04
  0.0000000000000E+00
  0.0000000000000E+00
  0.6034394265624E-04
  0.6374027791539E-04
  0.6321822767597E-04
  0.5884060113130E-04
  0.5466497881093E-04
  0.5292167193249E-04
  0.5210983067422E-04
  0.5159408749460E-04
  0.4958508729602E-04
  0.5026651108123E-04
  0.5243241657446E-04
  0.5285675194810E-04
  0.5300061728262E-04
  0.5490992015823E-04
  0.3739575316144E-04
  0.0000000000000E+00
  0.0000000000000E+00
  0.0000000000000E+00
  0.3752890675650E-04
  0.4798530220019E-04
  0.4874102004809E-04
  0.5042070090478E-04
  0.5202670572386E-04
  0.0000000000000E+00
  0.0000000000000E+00
  0.0000000000000E+00
  0.3806032620056E-04
  0.5268156707997E-04
  0.5752577570926E-04
  0.6293095127541E-04
  0.6584542848972E-04
  0.6378250072204E-04
  0.6048580641773E-04
  0.4396538936249E-04
  0.0000000000000E+00
  0.0000000000000E+00
  0.6545923178126E-04
  0.6292833744603E-04
  0.6164288661525E-04
  0.5865156386580E-04
  0.5399107730683E-04
  0.5407071638832E-04
  0.5049392774343E-04
  0.5037660470619E-04
  0.5087667088121E-04
  0.5233815851391E-04
  0.5454700965725E-04
  0.5661957246438E-04
  0.5718712016263E-04
  0.5832415197540E-04
  0.0000000000000E+00
  0.0000000000000E+00
  0.0000000000000E+00
  0.0000000000000E+00
  0.3984609579030E-04
  0.5055955178032E-04
  0.5327849693766E-04
  0.5520865470777E-04
  0.5384875491181E-04
  0.0000000000000E+00
  0.0000000000000E+00
  0.0000000000000E+00
  0.4629037602068E-04
  0.5052384661203E-04
  0.5409225134480E-04
  0.6067124715316E-04
  0.6636540917246E-04
  0.6847932762612E-04
  0.5739035980968E-04
  0.4082739771006E-04
  0.0000000000000E+00
  0.0000000000000E+00
  0.6180363403209E-04
  0.5665048271722E-04
  0.5385359300611E-04
  0.5022141849244E-04
  0.4710419303376E-04
  0.5086892597702E-04
  0.4945496814036E-04
  0.4935182845946E-04
  0.5023238830877E-04
  0.5118155260237E-04
  0.5335682958199E-04
  0.5695283187501E-04
  0.5964036948277E-04
  0.6076355400281E-04
  0.0000000000000E+00
  0.0000000000000E+00
  0.0000000000000E+00
  0.0000000000000E+00
  0.4108446560734E-04
  0.5152383517987E-04
  0.5470740012222E-04
  0.5673342403237E-04
  0.5099921850796E-04
  0.0000000000000E+00
  0.0000000000000E+00
  0.0000000000000E+00
  0.5919290025940E-04
  0.5170749274937E-04
  0.4959262224340E-04
  0.5504550011643E-04
  0.5819680650567E-04
  0.6382946724744E-04
  0.4021544792911E-04
  0.0000000000000E+00
  0.5572783731844E-04
  0.5069740862387E-04
  0.5233013338303E-04
  0.4440507213722E-04
  0.3948838188049E-04
  0.4064306620790E-04
  0.4238733860562E-04
  0.4846752327574E-04
  0.5010758832692E-04
  0.4816429787609E-04
  0.4684284167652E-04
  0.4537264427861E-04
  0.4742068441918E-04
  0.5074231235172E-04
  0.5630827150502E-04
  0.4975556952175E-04
  0.0000000000000E+00
  0.0000000000000E+00
  0.0000000000000E+00
  0.0000000000000E+00
  0.4068594792541E-04
  0.5095620129974E-04
  0.5234180626609E-04
  0.5311659738942E-04
  0.4775235749151E-04
  0.0000000000000E+00
  0.0000000000000E+00
  0.0000000000000E+00
  0.5778788785403E-04
  0.4850029324941E-04
  0.4356337857518E-04
  0.4448887122688E-04
  0.4446847553290E-04
  0.5016769794214E-04
  0.2334203413304E-04
  0.0000000000000E+00
  0.4889545073728E-04
  0.3212006628304E-04
  0.3715816622562E-04
  0.2355013818503E-04
  0.2397914600555E-04
  0.3387445347937E-04
  0.4201033067885E-04
  0.4717517752594E-04
  0.4857923998541E-04
  0.4462747201236E-04
  0.4399076532041E-04
  0.4278029561973E-04
  0.4347734442578E-04
  0.4466346427857E-04
  0.4771099305506E-04
  0.3263141802810E-04
  0.0000000000000E+00
  0.0000000000000E+00
  0.0000000000000E+00
  0.0000000000000E+00
  0.3741089546349E-04
  0.5005034962956E-04
  0.4959915399833E-04
  0.4994177932308E-04
  0.4402085556562E-04
  0.0000000000000E+00
  0.0000000000000E+00
  0.0000000000000E+00
  0.4778625572508E-04
  0.3986565657830E-04
  0.3121930613594E-04
  0.3038030548419E-04
  0.2702347771016E-04
  0.2905324647395E-04
  0.0000000000000E+00
  0.0000000000000E+00
  0.3527890263559E-04
  0.2740140602656E-04
  0.2609149401013E-04
  0.1648892452330E-04
  0.2530749744950E-04
  0.3783109137918E-04
  0.4461248605257E-04
  0.4552767758646E-04
  0.4646486842004E-04
  0.4388144721651E-04
  0.4464284673852E-04
  0.4439118789692E-04
  0.4272948038163E-04
  0.4171022179461E-04
  0.4350663242496E-04
  0.2534015832851E-04
  0.0000000000000E+00
  0.0000000000000E+00
  0.0000000000000E+00
  0.4126892639886E-04
  0.4890093848119E-04
  0.5046793257309E-04
  0.4972290777816E-04
  0.5223481821418E-04
  0.2975988999005E-04
  0.0000000000000E+00
  0.0000000000000E+00
  0.0000000000000E+00
  0.4051667977275E-04
  0.2763314376223E-04
  0.2244694943703E-04
  0.3561075195854E-04
  0.4001878829695E-04
  0.3747383953607E-04
  0.0000000000000E+00
  0.0000000000000E+00
  0.3066832223846E-04
  0.3987880495692E-04
  0.1533011257876E-04
  0.2613751573797E-04
  0.3461021058297E-04
  0.4035705336695E-04
  0.4378327774672E-04
  0.4449408199521E-04
  0.4517364218039E-04
  0.4493716397743E-04
  0.4396468122695E-04
  0.4420145908731E-04
  0.4302914893330E-04
  0.4529339610125E-04
  0.4887404420079E-04
  0.3876416088772E-04
  0.0000000000000E+00
  0.0000000000000E+00
  0.0000000000000E+00
  0.3926826596096E-04
  0.4494765671139E-04
  0.4773243431723E-04
  0.5200366220877E-04
  0.5075307432011E-04
  0.2698201189084E-04
  0.0000000000000E+00
  0.0000000000000E+00
  0.0000000000000E+00
  0.4389104638980E-04
  0.2684000269022E-04
  0.3337816392005E-04
  0.4634305084936E-04
  0.5137101382385E-04
  0.3536534813155E-04
  0.0000000000000E+00
  0.2720299225264E-04
  0.1681408829672E-04
  0.3524568929075E-04
  0.3591181952340E-04
  0.4157669009189E-04
  0.4392517211728E-04
  0.4433446581492E-04
  0.4491508311142E-04
  0.4439148652436E-04
  0.4562145937748E-04
  0.4590584146672E-04
  0.4382280371316E-04
  0.4608319134253E-04
  0.4825826990510E-04
  0.4909485778805E-04
  0.4730048931140E-04
  0.3393865973686E-04
  0.0000000000000E+00
  0.0000000000000E+00
  0.4425496094596E-04
  0.4069893530289E-04
  0.4311133359002E-04
  0.4030214955491E-04
  0.4193020461658E-04
  0.3863278031101E-04
  0.3021591195619E-04
  0.0000000000000E+00
  0.0000000000000E+00
  0.0000000000000E+00
  0.5769763136268E-04
  0.4181073248519E-04
  0.4406154816632E-04
  0.5301456070778E-04
  0.5514270492567E-04
  0.3253265331906E-04
  0.0000000000000E+00
  0.3908576153445E-04
  0.3229820696176E-04
  0.4484233286998E-04
  0.5107442145392E-04
  0.5507493534348E-04
  0.5450836986573E-04
  0.5453923976416E-04
  0.5504139336466E-04
  0.5399816549964E-04
  0.5350640642356E-04
  0.5045906189121E-04
  0.4830938820396E-04
  0.4569234388926E-04
  0.4409899757041E-04
  0.4092739287251E-04
  0.2982600641308E-04
  0.3195628065408E-04
  0.0000000000000E+00
  0.0000000000000E+00
  0.3646052710112E-04
  0.4945386811512E-04
  0.5238368587562E-04
  0.4026719840082E-04
  0.1100823819704E-04
  0.0000000000000E+00
  0.0000000000000E+00
  0.0000000000000E+00
  0.0000000000000E+00
  0.0000000000000E+00
  0.0000000000000E+00
  0.4335147515584E-04
  0.5223493355333E-04
  0.4644733525359E-04
  0.4790728452429E-04
  0.3366891131170E-04
  0.0000000000000E+00
  0.3661711947064E-04
  0.4628959902750E-04
  0.5354606065663E-04
  0.5542076921273E-04
  0.5745200599142E-04
  0.5587992071607E-04
  0.5838647170735E-04
  0.5891031874424E-04
  0.6026100613717E-04
  0.5963499492401E-04
  0.5753273007024E-04
  0.5800833992729E-04
  0.5323778524514E-04
  0.4801519862307E-04
  0.4927893237256E-04
  0.5254159416625E-04
  0.5835964586850E-04
  0.0000000000000E+00
  0.2725137104394E-04
  0.5054075018056E-04
  0.5750741311659E-04
  0.5921527948043E-04
  0.5465505136915E-04
  0.1934182943472E-04
  0.0000000000000E+00
  0.0000000000000E+00
  0.0000000000000E+00
  0.0000000000000E+00
  0.0000000000000E+00
  0.0000000000000E+00
  0.4457004893819E-04
  0.5604028735721E-04
  0.4804826259519E-04
  0.4761287223572E-04
  0.2451114685650E-04
  0.0000000000000E+00
  0.3436106463397E-04
  0.5152283982907E-04
  0.5843309464599E-04
  0.5726440010330E-04
  0.5754385394227E-04
  0.5768494265912E-04
  0.5770394013122E-04
  0.5808693621442E-04
  0.6025533234482E-04
  0.6062389335018E-04
  0.6128763601458E-04
  0.6118357798674E-04
  0.5858486325399E-04
  0.5501246794552E-04
  0.4104087150192E-04
  0.2052940976797E-04
  0.0000000000000E+00
  0.4287768290443E-04
  0.5143665761505E-04
  0.5655913613349E-04
  0.5971938542712E-04
  0.5960661892690E-04
  0.6004632882322E-04
  0.3196061013199E-04
  0.0000000000000E+00
  0.0000000000000E+00
  0.0000000000000E+00
  0.0000000000000E+00
  0.0000000000000E+00
  0.0000000000000E+00
  0.4484236277722E-04
  0.5591568194267E-04
  0.5033356126189E-04
  0.4926005089703E-04
  0.4394431807912E-04
  0.0000000000000E+00
  0.5447535353158E-04
  0.6007578248724E-04
  0.6111082576932E-04
  0.5761697916995E-04
  0.5467792862358E-04
  0.5440165090498E-04
  0.5554520922356E-04
  0.5565886082185E-04
  0.5431899384707E-04
  0.5554737510358E-04
  0.5746102627758E-04
  0.5750441784214E-04
  0.5607228878405E-04
  0.5430367421809E-04
  0.2314497138531E-04
  0.0000000000000E+00
  0.3401509613661E-04
  0.4702122810400E-04
  0.5287962055306E-04
  0.5710342333874E-04
  0.5562093158038E-04
  0.5529048595427E-04
  0.5979698942657E-04
  0.4170313939232E-04
  0.0000000000000E+00
  0.0000000000000E+00
  0.0000000000000E+00
  0.0000000000000E+00
  0.0000000000000E+00
  0.0000000000000E+00
  0.4778055292093E-04
  0.5375113034649E-04
  0.0000000000000E+00
  0.5265351946817E-04
  0.4546330479432E-04
  0.0000000000000E+00
  0.6218879332803E-04
  0.6463955024719E-04
  0.6044175661875E-04
  0.5520641838765E-04
  0.5174092149585E-04
  0.5121522351644E-04
  0.5148477076378E-04
  0.5152190805948E-04
  0.5000507710703E-04
  0.5093287218682E-04
  0.5231484173304E-04
  0.5149583652203E-04
  0.4987993184214E-04
  0.4402973870702E-04
  0.0000000000000E+00
  0.3739876444623E-04
  0.4733620212304E-04
  0.4950093335232E-04
  0.5449981441351E-04
  0.5268127460018E-04
  0.5020522598380E-04
  0.4979820846882E-04
  0.5634244492521E-04
  0.4673206744088E-04
  0.0000000000000E+00
  0.0000000000000E+00
  0.0000000000000E+00
  0.0000000000000E+00
  0.0000000000000E+00
  0.0000000000000E+00
  0.4940813548487E-04
  0.4334252602855E-04
  0.0000000000000E+00
  0.0000000000000E+00
  0.0000000000000E+00
  0.0000000000000E+00
  0.0000000000000E+00
  0.5431797229176E-04
  0.5382532216294E-04
  0.4929344398659E-04
  0.4785706595497E-04
  0.4803326123116E-04
  0.4659226267408E-04
  0.4675391425846E-04
  0.4733431544322E-04
  0.4853158565210E-04
  0.4764944580026E-04
  0.4438804024617E-04
  0.4479068743866E-04
  0.4013908981973E-04
  0.0000000000000E+00
  0.4075641561843E-04
  0.4761503318240E-04
  0.4902920411446E-04
  0.4944980751231E-04
  0.4776575004591E-04
  0.4674704837078E-04
  0.4618980058422E-04
  0.5012784696224E-04
  0.4124461838843E-04
  0.0000000000000E+00
  0.0000000000000E+00
  0.0000000000000E+00
  0.0000000000000E+00
  0.0000000000000E+00
  0.0000000000000E+00
  0.3432463183471E-04
  0.2162676025170E-04
  0.0000000000000E+00
  0.0000000000000E+00
  0.0000000000000E+00
  0.0000000000000E+00
  0.0000000000000E+00
  0.4502923306163E-04
  0.2939822841757E-04
  0.3258051344859E-04
  0.3241076696075E-04
  0.2140195893760E-04
  0.3036673438410E-04
  0.3190928228785E-04
  0.3129981775488E-04
  0.3717697442268E-04
  0.4232432021930E-04
  0.4069973665831E-04
  0.4141315030701E-04
  0.3010587077401E-04
  0.0000000000000E+00
  0.3656500298951E-04
  0.3556595876829E-04
  0.2512434033415E-04
  0.3284248682860E-04
  0.3478304546562E-04
  0.3654211924078E-04
  0.3990126630461E-04
  0.4344552777502E-04
  0.3894808539326E-04
  0.0000000000000E+00
  0.0000000000000E+00
  0.0000000000000E+00
  0.0000000000000E+00
  0.0000000000000E+00
  0.0000000000000E+00
  0.0000000000000E+00
  0.0000000000000E+00
  0.0000000000000E+00
  0.0000000000000E+00
  0.0000000000000E+00
  0.0000000000000E+00
  0.0000000000000E+00
  0.4665762084811E-04
  0.5494115396661E-04
  0.6218637460401E-04
  0.5827744055992E-04
  0.5067037991393E-04
  0.4023630704081E-04
  0.3431871852852E-04
  0.3185331627280E-04
  0.2403847375005E-04
  0.2229199596271E-04
  0.3907296806674E-04
  0.4000974445305E-04
  0.3827825483797E-04
  0.0000000000000E+00
  0.0000000000000E+00
  0.0000000000000E+00
  0.3234742060051E-04
  0.4710052917914E-04
  0.4063741259626E-04
  0.2527401638645E-04
  0.2715362064030E-04
  0.3750331121007E-04
  0.4044702476077E-04
  0.0000000000000E+00
  0.0000000000000E+00
  0.2558352981249E-04
  0.3209624599152E-04
  0.0000000000000E+00
  0.0000000000000E+00
  0.0000000000000E+00
  0.0000000000000E+00
  0.0000000000000E+00
  0.0000000000000E+00
  0.0000000000000E+00
  0.0000000000000E+00
  0.0000000000000E+00
  0.0000000000000E+00
  0.3527821089690E-04
  0.4933992366620E-04
  0.5443082396671E-04
  0.5195976269490E-04
  0.4730499072416E-04
  0.4202865975540E-04
  0.3786147107549E-04
  0.3519411653393E-04
  0.3091425926392E-04
  0.3742126882953E-04
  0.2695111559033E-04
  0.0000000000000E+00
  0.0000000000000E+00
  0.0000000000000E+00
  0.0000000000000E+00
  0.3958981815671E-04
  0.5557634812927E-04
  0.5280007047106E-04
  0.4361663637818E-04
  0.3469295191686E-04
  0.3227697175124E-04
  0.3579970437399E-04
  0.1906952620660E-04
  0.2453642128206E-04
  0.3133986499920E-04
  0.3576812479359E-04
  0.2902667147076E-04
  0.0000000000000E+00
  0.0000000000000E+00
  0.0000000000000E+00
  0.0000000000000E+00
  0.0000000000000E+00
  0.0000000000000E+00
  0.0000000000000E+00
  0.0000000000000E+00
  0.0000000000000E+00
  0.3832990218466E-04
  0.4640778374574E-04
  0.4302296134045E-04
  0.4199416486186E-04
  0.4119929141337E-04
  0.3875021337791E-04
  0.3624222608988E-04
  0.3383987499993E-04
  0.3116383138584E-04
  0.3302668081564E-04
  0.2242016035421E-04
  0.0000000000000E+00
  0.0000000000000E+00
  0.0000000000000E+00
  0.0000000000000E+00
  0.3203939432246E-04
  0.4167155190784E-04
  0.4310128839530E-04
  0.4303598425044E-04
  0.4040102367993E-04
  0.3194563972544E-04
  0.3425548495337E-04
  0.0000000000000E+00
  0.3119303674256E-04
  0.2774008960138E-04
  0.0000000000000E+00
  0.0000000000000E+00
  0.0000000000000E+00
  0.0000000000000E+00
  0.0000000000000E+00
  0.0000000000000E+00
  0.0000000000000E+00
  0.0000000000000E+00
  0.0000000000000E+00
  0.0000000000000E+00
  0.0000000000000E+00
  0.3433538757047E-04
  0.4137540214339E-04
  0.3654316194096E-04
  0.3198526761492E-04
  0.3151735410209E-04
  0.3252374476005E-04
  0.3178173343063E-04
  0.3156239341984E-04
  0.3091939271665E-04
  0.3028147907317E-04
  0.2621304702346E-04
  0.0000000000000E+00
  0.0000000000000E+00
  0.0000000000000E+00
  0.0000000000000E+00
  0.0000000000000E+00
  0.2836276516838E-04
  0.2758391368587E-04
  0.3460659398776E-04
  0.4133996683866E-04
  0.3590030385257E-04
  0.3169936804214E-04
  0.1846032597288E-04
  0.0000000000000E+00
  0.0000000000000E+00
  0.0000000000000E+00
  0.0000000000000E+00
  0.0000000000000E+00
  0.0000000000000E+00
  0.0000000000000E+00
  0.0000000000000E+00
  0.0000000000000E+00
  0.0000000000000E+00
  0.0000000000000E+00
  0.0000000000000E+00
  0.0000000000000E+00
  0.0000000000000E+00
  0.2261712437219E-04
  0.2888059544369E-04
  0.2729753607574E-04
  0.2376630219761E-04
  0.2436786852392E-04
  0.2568125176650E-04
  0.2756015438238E-04
  0.2959978661737E-04
  0.3067606185960E-04
  0.2561703456070E-04
  0.0000000000000E+00
  0.0000000000000E+00
  0.0000000000000E+00
  0.0000000000000E+00
  0.0000000000000E+00
  0.0000000000000E+00
  0.2860702686176E-04
  0.2591592138461E-04
  0.3536910656425E-04
  0.3473489567648E-04
  0.3600166231045E-04
  0.2788970548680E-04
  0.0000000000000E+00
  0.0000000000000E+00
  0.0000000000000E+00
  0.0000000000000E+00
  0.0000000000000E+00
  0.0000000000000E+00
  0.0000000000000E+00
  0.0000000000000E+00
  0.0000000000000E+00
  0.0000000000000E+00
  0.0000000000000E+00
  0.0000000000000E+00
  0.0000000000000E+00
  0.0000000000000E+00
  0.1905481347298E-04
  0.1638699180459E-04
  0.1373554573366E-04
  0.1299632724631E-04
  0.1721920384682E-04
  0.2078519915795E-04
  0.2474977925726E-04
  0.2993229288439E-04
  0.2314473351931E-04
  0.0000000000000E+00
  0.0000000000000E+00
  0.0000000000000E+00
  0.0000000000000E+00
  0.0000000000000E+00
  0.0000000000000E+00
  0.0000000000000E+00
  0.3163592092984E-04
  0.2750999792127E-04
  0.3069864458947E-04
  0.3523820278861E-04
  0.3928737113792E-04
  0.0000000000000E+00
  0.0000000000000E+00
  0.0000000000000E+00
  0.0000000000000E+00
  0.0000000000000E+00
  0.0000000000000E+00
  0.0000000000000E+00
  0.0000000000000E+00
  0.0000000000000E+00
  0.0000000000000E+00
  0.0000000000000E+00
  0.0000000000000E+00
  0.0000000000000E+00
  0.0000000000000E+00
  0.0000000000000E+00
  0.0000000000000E+00
  0.0000000000000E+00
  0.1908820662839E-04
  0.2653175107124E-04
  0.2193475418358E-04
  0.8153658116447E-05
  0.1571323570289E-04
  0.2516335955485E-04
  0.0000000000000E+00
  0.0000000000000E+00
  0.0000000000000E+00
  0.0000000000000E+00
  0.0000000000000E+00
  0.0000000000000E+00
  0.0000000000000E+00
  0.0000000000000E+00
  0.2164124956433E-04
  0.3034390603004E-04
  0.3253354925915E-04
  0.3650859318824E-04
  0.3624750655261E-04
  0.1440212653496E-04
  0.0000000000000E+00
  0.0000000000000E+00
  0.0000000000000E+00
  0.0000000000000E+00
  0.0000000000000E+00
  0.0000000000000E+00
  0.0000000000000E+00
  0.0000000000000E+00
  0.0000000000000E+00
  0.0000000000000E+00
  0.0000000000000E+00
  0.0000000000000E+00
  0.0000000000000E+00
  0.0000000000000E+00
  0.0000000000000E+00
  0.0000000000000E+00
  0.0000000000000E+00
  0.0000000000000E+00
  0.0000000000000E+00
  0.5181900592535E-05
  0.0000000000000E+00
  0.0000000000000E+00
  0.0000000000000E+00
  0.0000000000000E+00
  0.0000000000000E+00
  0.0000000000000E+00
  0.0000000000000E+00
  0.0000000000000E+00
  0.0000000000000E+00
  0.1558713728781E-05
  0.3808368762458E-05
  0.0000000000000E+00
  0.0000000000000E+00
  0.5194303845121E-05
  0.5350867086949E-05
  0.4626696780228E-05
  0.1730688187127E-05
  0.1490294995342E-05
  0.0000000000000E+00
  0.0000000000000E+00
  0.0000000000000E+00
  0.0000000000000E+00
  0.0000000000000E+00
  0.0000000000000E+00
  0.0000000000000E+00
  0.0000000000000E+00
  0.5689173116929E-06
  0.5723914875993E-06
  0.5752664584280E-06
  0.5805598720093E-06
  0.5870874091588E-06
  0.5961635564275E-06
  0.6006789737507E-06
  0.6066286749996E-06
  0.6119329661589E-06
  0.6467267417731E-06
  0.6119502787256E-06
  0.6069599461951E-06
  0.6016792787694E-06
  0.5975300930450E-06
  0.5954705390473E-06
  0.5963377473965E-06
  0.6005953576141E-06
  0.6092070257453E-06
  0.6223444599384E-06
  0.6403317902003E-06
  0.0000000000000E+00
  0.0000000000000E+00
  0.0000000000000E+00
  0.0000000000000E+00
  0.7079964297019E-06
  0.7046861472285E-06
  0.6780911209305E-06
  0.6577508904696E-06
  0.6433922155559E-06
  0.6176202687707E-06
  0.6140453180923E-06
  0.5887163359482E-06
  0.5784299341521E-06
  0.5719080922309E-06
  0.5690687776604E-06
  0.5716271376936E-06
  0.2821492209539E-05
  0.2981299787121E-05
  0.3145917500710E-05
  0.3284846312546E-05
  0.3397208324363E-05
  0.3475932836614E-05
  0.3516105296865E-05
  0.3524328052871E-05
  0.3508693813540E-05
  0.3478245775927E-05
  0.3441104272585E-05
  0.3406959375559E-05
  0.3380508750973E-05
  0.3367315385353E-05
  0.3366383064779E-05
  0.3372591682380E-05
  0.3378622368189E-05
  0.3371952114756E-05
  0.3335151550319E-05
  0.3254268872497E-05
  0.3140469508123E-05
  0.3011637822543E-05
  0.2898067473578E-05
  0.2817922404019E-05
  0.2775422103227E-05
  0.2769059461257E-05
  0.2787509788508E-05
  0.2819103365850E-05
  0.2852663301657E-05
  0.2884728856944E-05
  0.2913082206561E-05
  0.2931306354820E-05
  0.2930209393665E-05
  0.2897615111524E-05
  0.2832365167870E-05
  0.2769773854460E-05
  0.1243939904954E-04
  0.1530533478482E-04
  0.1682135422789E-04
  0.1766868455196E-04
  0.1848248721578E-04
  0.1903845887833E-04
  0.1911919433471E-04
  0.1897873112411E-04
  0.1868075738772E-04
  0.1831812340635E-04
  0.1788742046588E-04
  0.1759166822715E-04
  0.1734807629358E-04
  0.1734999283518E-04
  0.1753906003526E-04
  0.1783009786641E-04
  0.1821991484171E-04
  0.1861752484840E-04
  0.1873823752407E-04
  0.1805719643534E-04
  0.1700882012733E-04
  0.1558107042153E-04
  0.1448332677330E-04
  0.1389229026128E-04
  0.1367449929222E-04
  0.1389824456626E-04
  0.1429738046635E-04
  0.1477337010287E-04
  0.1508583512787E-04
  0.1533173501587E-04
  0.1558476433052E-04
  0.1578131612245E-04
  0.1589754800684E-04
  0.1565608147061E-04
  0.1461042741092E-04
  0.1208328759245E-04
  0.2622726404452E-04
  0.2860277301127E-04
  0.2984676639205E-04
  0.3064500321844E-04
  0.3230551667020E-04
  0.3375638477878E-04
  0.3293640375610E-04
  0.3228618742895E-04
  0.3128401176071E-04
  0.3043157063351E-04
  0.2863470309086E-04
  0.2794776630004E-04
  0.2666917233457E-04
  0.2686132927882E-04
  0.2770954333199E-04
  0.2870938371334E-04
  0.2984623726790E-04
  0.3156137702430E-04
  0.3302593638911E-04
  0.3046777491242E-04
  0.2774155009894E-04
  0.2192797007009E-04
  0.1857604851770E-04
  0.1755043193858E-04
  0.1727214404566E-04
  0.1841447892414E-04
  0.1981097897386E-04
  0.2196931822280E-04
  0.2268036801619E-04
  0.2377664031155E-04
  0.2450405609956E-04
  0.2498876550206E-04
  0.2523324340770E-04
  0.2483429634396E-04
  0.2434316013041E-04
  0.2433445523713E-04
  0.3061115549414E-04
  0.3095596983153E-04
  0.3146819547676E-04
  0.3213697060393E-04
  0.3226165382651E-04
  0.3232139565253E-04
  0.3266343334420E-04
  0.2991370805812E-04
  0.2935158320419E-04
  0.2829074338138E-04
  0.2894209022076E-04
  0.2986213042208E-04
  0.2943414348343E-04
  0.3062689948805E-04
  0.3134738338735E-04
  0.3207530297564E-04
  0.3292154214715E-04
  0.3471368564216E-04
  0.3420212025443E-04
  0.2797149421964E-04
  0.2760462626486E-04
  0.2508334931343E-04
  0.2297632863252E-04
  0.2337562917087E-04
  0.2387803754022E-04
  0.2566617496947E-04
  0.2638199931054E-04
  0.2672989994244E-04
  0.2720009833095E-04
  0.2717095936212E-04
  0.2803198072584E-04
  0.2760572333639E-04
  0.3026438789104E-04
  0.3106938306372E-04
  0.3131886147244E-04
  0.2937372010454E-04
  0.3156002972614E-04
  0.3112269363859E-04
  0.3234780798512E-04
  0.3280005943764E-04
  0.3218459659266E-04
  0.3376691850860E-04
  0.3405675091646E-04
  0.3165920885377E-04
  0.2997454451234E-04
  0.3041930146074E-04
  0.3102629840824E-04
  0.3179550061230E-04
  0.3131126217401E-04
  0.3254087899555E-04
  0.3206314893528E-04
  0.3264401888487E-04
  0.3363744110669E-04
  0.3459914640484E-04
  0.2978003417913E-04
  0.1662833556633E-04
  0.2188663549491E-04
  0.2322960600222E-04
  0.2406468976490E-04
  0.2511638272324E-04
  0.2643885643121E-04
  0.2804338018894E-04
  0.2801089103766E-04
  0.2680916576260E-04
  0.2698331134902E-04
  0.2842694204630E-04
  0.2986145199335E-04
  0.2848871458658E-04
  0.3104120391203E-04
  0.3152151056752E-04
  0.3202304391449E-04
  0.3190382372221E-04
  0.2999026146078E-04
  0.2909998639824E-04
  0.3099880511092E-04
  0.2971424718992E-04
  0.2783835365748E-04
  0.3421727053425E-04
  0.3339238272203E-04
  0.3188645421189E-04
  0.3287270318762E-04
  0.3207256899804E-04
  0.3235731075841E-04
  0.3249632445877E-04
  0.3213817407027E-04
  0.3311175961198E-04
  0.3289073567327E-04
  0.3306327791596E-04
  0.3279828365789E-04
  0.3169246115968E-04
  0.2307914697116E-04
  0.1210704651027E-04
  0.2020704647727E-04
  0.2429185452598E-04
  0.2539869429892E-04
  0.2745092892810E-04
  0.2913622848466E-04
  0.3008661388217E-04
  0.2875781614056E-04
  0.2390461077170E-04
  0.2541325565990E-04
  0.3208763511127E-04
  0.3265803233364E-04
  0.3022293713645E-04
  0.3313710354078E-04
  0.3402293701523E-04
  0.3391181393973E-04
  0.3188132973117E-04
  0.2565312413132E-04
  0.2368270024582E-04
  0.2795540442315E-04
  0.2339671832047E-04
  0.2025155028144E-04
  0.3502091910265E-04
  0.3686392443709E-04
  0.3355488393643E-04
  0.3641923418633E-04
  0.3409984722571E-04
  0.3305564050976E-04
  0.3270360597301E-04
  0.3264668498080E-04
  0.3347194540582E-04
  0.3388380940428E-04
  0.3322271288811E-04
  0.3160058613583E-04
  0.2850713690638E-04
  0.1697959241288E-04
  0.8523747415694E-05
  0.1812470636835E-04
  0.2578845161598E-04
  0.2951795861504E-04
  0.3109166661873E-04
  0.3171967122846E-04
  0.3132258926200E-04
  0.2782633385033E-04
  0.1991385068540E-04
  0.2588167972471E-04
  0.3754859071488E-04
  0.3626100415789E-04
  0.3655350243763E-04
  0.3638258457892E-04
  0.3488373953946E-04
  0.3260907387318E-04
  0.2898933047694E-04
  0.2223762691761E-04
  0.1848768295517E-04
  0.2413512791755E-04
  0.1384331778079E-04
  0.9587726098634E-05
  0.3487895919164E-04
  0.3805248046521E-04
  0.3265139578576E-04
  0.3398994919214E-04
  0.3383098132706E-04
  0.3204179565318E-04
  0.3129952649993E-04
  0.3124171255333E-04
  0.3230774265071E-04
  0.3332307878003E-04
  0.3178968716769E-04
  0.3020138869606E-04
  0.2724530329725E-04
  0.1195079866793E-04
  0.6867207058350E-05
  0.1274940065375E-04
  0.2604414226486E-04
  0.3452247588400E-04
  0.3341301438561E-04
  0.3285263796665E-04
  0.3098204559357E-04
  0.2562881745229E-04
  0.1492296742232E-04
  0.2124678176457E-04
  0.3536912627518E-04
  0.3460583563980E-04
  0.3700022384873E-04
  0.3319495169112E-04
  0.3023473736940E-04
  0.2824641746220E-04
  0.2470396343204E-04
  0.2121225515168E-04
  0.1269598564623E-04
  0.1712402870619E-04
  0.5847966095977E-05
  0.4593868127555E-05
  0.3507107711796E-04
  0.3785164210895E-04
  0.3327336451559E-04
  0.3320895192864E-04
  0.3398044843219E-04
  0.3224173641638E-04
  0.3067567983903E-04
  0.2934519644373E-04
  0.2965420969984E-04
  0.3133706176845E-04
  0.3048677518991E-04
  0.2944723783062E-04
  0.2699829358911E-04
  0.8316699299017E-05
  0.2418585093312E-05
  0.8360468651455E-05
  0.2342513584105E-04
  0.3640447426670E-04
  0.3235177987597E-04
  0.3108253811215E-04
  0.2864560296843E-04
  0.2349802319543E-04
  0.7226099619965E-05
  0.1346925893157E-04
  0.3407656562156E-04
  0.3435819919092E-04
  0.3539954328129E-04
  0.2952156814413E-04
  0.2688781893113E-04
  0.2440849397736E-04
  0.2271107438490E-04
  0.2383766245547E-04
  0.1268384504391E-04
  0.7852906819422E-05
  0.3573765844826E-05
  0.6226576069058E-05
  0.3442507746158E-04
  0.3940915320179E-04
  0.3584833690396E-04
  0.3653282214742E-04
  0.3578572577561E-04
  0.3416631901390E-04
  0.3556637775057E-04
  0.3563616413702E-04
  0.3610014573884E-04
  0.3564827179962E-04
  0.3270438347837E-04
  0.3132764591441E-04
  0.2815040548852E-04
  0.1071204136045E-04
  0.0000000000000E+00
  0.7775791278120E-05
  0.2183410380421E-04
  0.4178313994903E-04
  0.3136992159824E-04
  0.2882243662877E-04
  0.2724381027920E-04
  0.2307589445105E-04
  0.8246204345971E-05
  0.7303503384037E-05
  0.3373981619830E-04
  0.3908555449852E-04
  0.4043448817187E-04
  0.3494794063928E-04
  0.2901124796919E-04
  0.2594612497524E-04
  0.2416719284742E-04
  0.2780271259628E-04
  0.1412040752613E-04
  0.5653355185617E-05
  0.4184630304353E-05
  0.1124438245600E-04
  0.3693505949926E-04
  0.4301318049068E-04
  0.3924409229024E-04
  0.4155702105070E-04
  0.4197020924317E-04
  0.3796760915201E-04
  0.4116754752128E-04
  0.4157117341347E-04
  0.4041069455800E-04
  0.3889070322652E-04
  0.3587604358980E-04
  0.3363974002815E-04
  0.2920798826159E-04
  0.1311105672261E-04
  0.0000000000000E+00
  0.6587091110472E-05
  0.1929164821633E-04
  0.4203822617846E-04
  0.3461062949737E-04
  0.3160451307840E-04
  0.2858365456851E-04
  0.2382125589869E-04
  0.7796736037387E-05
  0.4720422809251E-05
  0.3135785969996E-04
  0.4174692119760E-04
  0.4404635047292E-04
  0.4066375081694E-04
  0.3452306251947E-04
  0.3201632760583E-04
  0.2961866614474E-04
  0.3375935961353E-04
  0.1892825596547E-04
  0.3666460426942E-05
  0.8866466092354E-05
  0.2180338802647E-04
  0.4845048180538E-04
  0.4874449713136E-04
  0.4447030414849E-04
  0.4691358194783E-04
  0.4891600698628E-04
  0.4501989797570E-04
  0.4750885268782E-04
  0.4605231820002E-04
  0.4206926446338E-04
  0.4073306718754E-04
  0.3737782707751E-04
  0.3456381034178E-04
  0.2932890937479E-04
  0.1297229230000E-04
  0.0000000000000E+00
  0.2979421072520E-05
  0.1321382772627E-04
  0.3659824476319E-04
  0.3658805773634E-04
  0.3240851478109E-04
  0.2996616204921E-04
  0.2424384623212E-04
  0.1420904284178E-05
  0.3692489178137E-05
  0.2474521988219E-04
  0.4033983109043E-04
  0.4596045298751E-04
  0.4548727463118E-04
  0.4232255011267E-04
  0.3964324540825E-04
  0.3708813810083E-04
  0.4183102163089E-04
  0.2586325334523E-04
  0.0000000000000E+00
  0.1332783587887E-04
  0.3895337915705E-04
  0.6220164920928E-04
  0.5535003758491E-04
  0.5267832099117E-04
  0.5377221744734E-04
  0.5618432253232E-04
  0.5366654189084E-04
  0.4873823109631E-04
  0.4958163544492E-04
  0.4452573858135E-04
  0.4123406231404E-04
  0.3832063523760E-04
  0.3512103230710E-04
  0.2931300273490E-04
  0.1474702560339E-04
  0.0000000000000E+00
  0.0000000000000E+00
  0.8629374298939E-05
  0.3240787478263E-04
  0.3859979412884E-04
  0.3172411260774E-04
  0.3048955117747E-04
  0.2550303297913E-04
  0.0000000000000E+00
  0.4908160323828E-05
  0.1412416364790E-04
  0.3670331429957E-04
  0.4514068509825E-04
  0.5098986007977E-04
  0.5159685001740E-04
  0.5070608217442E-04
  0.4768181910930E-04
  0.4966557593318E-04
  0.2927253281236E-04
  0.1724939013687E-05
  0.1137533811765E-04
  0.4675752774072E-04
  0.6503143869708E-04
  0.6036149467096E-04
  0.6002518392116E-04
  0.6306759926059E-04
  0.6048963778130E-04
  0.6001817079667E-04
  0.4999256585133E-04
  0.5032529020212E-04
  0.4537617235201E-04
  0.4236039774100E-04
  0.3913419546473E-04
  0.3550019332446E-04
  0.2975070773322E-04
  0.1319928232034E-04
  0.0000000000000E+00
  0.0000000000000E+00
  0.7192984632489E-05
  0.3591991433544E-04
  0.4213465812336E-04
  0.3272227218067E-04
  0.3133366056053E-04
  0.2562545847652E-04
  0.0000000000000E+00
  0.4997946616576E-05
  0.1164415687524E-04
  0.3642206175950E-04
  0.4883852109386E-04
  0.5641528349576E-04
  0.5848821343604E-04
  0.6008716442361E-04
  0.5850035561493E-04
  0.5205322989485E-04
  0.2649991007440E-04
  0.1094266016131E-04
  0.1417262203213E-04
  0.5022408309635E-04
  0.5790792541667E-04
  0.5847535078198E-04
  0.6211757433921E-04
  0.6539060897973E-04
  0.6125484564779E-04
  0.6048660840738E-04
  0.5244190554739E-04
  0.4888479732536E-04
  0.4661283230363E-04
  0.4376256050261E-04
  0.4179642738723E-04
  0.3888496882836E-04
  0.3257553661443E-04
  0.8188410210401E-05
  0.0000000000000E+00
  0.0000000000000E+00
  0.9954985579314E-05
  0.4613410613693E-04
  0.4888606365528E-04
  0.3570930870258E-04
  0.3360052191664E-04
  0.2459609425968E-04
  0.0000000000000E+00
  0.3645023695466E-05
  0.1121013848395E-04
  0.3871024519694E-04
  0.5285163717917E-04
  0.5956928946262E-04
  0.6154754349238E-04
  0.6391797289443E-04
  0.6245482585155E-04
  0.4743015831386E-04
  0.1757784862975E-04
  0.2463381060747E-04
  0.2670826650658E-04
  0.5071752738574E-04
  0.5302966176524E-04
  0.5160514261074E-04
  0.5916921026331E-04
  0.5965543788361E-04
  0.6036527196982E-04
  0.5780532708045E-04
  0.5214753665453E-04
  0.4814848728458E-04
  0.4762970244081E-04
  0.4530863252877E-04
  0.4409145242453E-04
  0.4279370292108E-04
  0.3321042588391E-04
  0.5364718120383E-06
  0.0000000000000E+00
  0.0000000000000E+00
  0.1543912045852E-04
  0.5504507113303E-04
  0.5718212109741E-04
  0.4095871930870E-04
  0.3669710239966E-04
  0.2494062186049E-04
  0.0000000000000E+00
  0.2448445885568E-05
  0.1101619612714E-04
  0.4005536675096E-04
  0.5447771468490E-04
  0.5600566410427E-04
  0.5679454954652E-04
  0.5898716077388E-04
  0.5893428915625E-04
  0.3444236587612E-04
  0.1663462817951E-04
  0.3141778561838E-04
  0.3424140120112E-04
  0.4415030474911E-04
  0.5084133368694E-04
  0.4703920711106E-04
  0.5445051707679E-04
  0.5508877644712E-04
  0.5745977622566E-04
  0.5341093005249E-04
  0.5109266458630E-04
  0.4862871268622E-04
  0.4752242099837E-04
  0.4564060497337E-04
  0.4577891356594E-04
  0.4506301762512E-04
  0.3176493865325E-04
  0.0000000000000E+00
  0.0000000000000E+00
  0.4165046361185E-05
  0.2690640670321E-04
  0.6169627062131E-04
  0.6002282789441E-04
  0.4641739362348E-04
  0.4030055844329E-04
  0.2688125254828E-04
  0.0000000000000E+00
  0.0000000000000E+00
  0.9391576660436E-05
  0.4133266309430E-04
  0.4936781449548E-04
  0.4946755613373E-04
  0.4953333243859E-04
  0.4970914828645E-04
  0.5027647675660E-04
  0.1980463286102E-04
  0.1527815408646E-04
  0.3596349884200E-04
  0.3610726928321E-04
  0.3659766921662E-04
  0.4922803556540E-04
  0.4760274684726E-04
  0.5279629462919E-04
  0.5335402106736E-04
  0.5353403325560E-04
  0.5025339710522E-04
  0.4928771812229E-04
  0.4843923169077E-04
  0.4605981329800E-04
  0.4487184411404E-04
  0.4536974210781E-04
  0.4382570751049E-04
  0.3080745122509E-04
  0.0000000000000E+00
  0.0000000000000E+00
  0.1315269628738E-04
  0.5334702913083E-04
  0.7096762176248E-04
  0.5887920408370E-04
  0.4954686899757E-04
  0.4565617948980E-04
  0.2801541861418E-04
  0.1235887297628E-05
  0.0000000000000E+00
  0.7025676926686E-05
  0.4624696775951E-04
  0.4359119852805E-04
  0.4439698397076E-04
  0.4660901880509E-04
  0.4685914292675E-04
  0.4498624704174E-04
  0.1318663049766E-04
  0.1801333978468E-04
  0.4068860335166E-04
  0.3887006890456E-04
  0.4074473226034E-04
  0.5157292263252E-04
  0.5129189132554E-04
  0.5434867637468E-04
  0.5386424061315E-04
  0.5210717370849E-04
  0.5103097580244E-04
  0.5110345963126E-04
  0.5041314371376E-04
  0.4881042264740E-04
  0.4650174285835E-04
  0.4735131601090E-04
  0.4773835733572E-04
  0.3729701286186E-04
  0.5104594129633E-05
  0.4220592314372E-05
  0.2502116233770E-04
  0.6772978130110E-04
  0.7089348672733E-04
  0.5898083518787E-04
  0.5139179536030E-04
  0.5179833543396E-04
  0.2957287394295E-04
  0.2201352530020E-05
  0.0000000000000E+00
  0.5020250691996E-05
  0.4692564603546E-04
  0.3768422143702E-04
  0.4499014640235E-04
  0.4667850976645E-04
  0.4525494311097E-04
  0.3995806231987E-04
  0.1058796832917E-04
  0.3049187037739E-04
  0.4404406760472E-04
  0.4400532365509E-04
  0.4910110266824E-04
  0.5780447289308E-04
  0.5694096966080E-04
  0.5675016158652E-04
  0.5564253458857E-04
  0.5266404963792E-04
  0.5446975228015E-04
  0.5433871489242E-04
  0.5462211972444E-04
  0.5449611970775E-04
  0.5226080099952E-04
  0.5236899147720E-04
  0.5492081060689E-04
  0.4509375521555E-04
  0.1203772186594E-04
  0.1399233772641E-04
  0.4228287016203E-04
  0.6590843826647E-04
  0.6302855094121E-04
  0.5563844704524E-04
  0.4849691183766E-04
  0.4717324830127E-04
  0.2993231520686E-04
  0.4219585194330E-05
  0.0000000000000E+00
  0.3419581690750E-05
  0.4077566514190E-04
  0.3246397964777E-04
  0.4501498654021E-04
  0.4622137564580E-04
  0.4576669548383E-04
  0.3903447649301E-04
  0.9377368734294E-05
  0.4248427981010E-04
  0.5075960255456E-04
  0.5262716768736E-04
  0.5722948339090E-04
  0.6062958948356E-04
  0.6249434830676E-04
  0.5741325810019E-04
  0.5636209024809E-04
  0.5326634859379E-04
  0.5594211986467E-04
  0.5522519069108E-04
  0.5723567950328E-04
  0.5851550979687E-04
  0.5543349201334E-04
  0.5270109685565E-04
  0.5464982710485E-04
  0.4847882061477E-04
  0.2469204917894E-04
  0.2166852556010E-04
  0.5083346758593E-04
  0.5764736948433E-04
  0.5562450093617E-04
  0.4955760069241E-04
  0.3542514732917E-04
  0.2858633619541E-04
  0.2081949587677E-04
  0.5484227050776E-05
  0.2985583420551E-05
  0.2551903615922E-05
  0.2839329876764E-04
  0.3245901856549E-04
  0.4263945125647E-04
  0.4256034125789E-04
  0.4877455653679E-04
  0.3836704236480E-04
  0.1087680711703E-04
  0.4721628963036E-04
  0.5367120274695E-04
  0.5880608652945E-04
  0.6147200221767E-04
  0.5853093805006E-04
  0.6053659917147E-04
  0.5707143112366E-04
  0.5384716953080E-04
  0.5164100347300E-04
  0.5332864333940E-04
  0.5193563112242E-04
  0.5640317583869E-04
  0.5824921458864E-04
  0.5482668660822E-04
  0.4586464246577E-04
  0.4768604770574E-04
  0.4762790479753E-04
  0.3944544229256E-04
  0.3162946983632E-04
  0.5173476076526E-04
  0.5019162530810E-04
  0.4843023609103E-04
  0.4451406358585E-04
  0.2691410538619E-04
  0.1933148158514E-04
  0.1354017770938E-04
  0.6887154829273E-05
  0.6670135991447E-05
  0.3572721994903E-05
  0.1759279421167E-04
  0.3985702095469E-04
  0.3743223842007E-04
  0.3527518144909E-04
  0.4973510383427E-04
  0.3617752574171E-04
  0.1219160292447E-04
  0.4779132698128E-04
  0.5637526380778E-04
  0.6022229615274E-04
  0.5960877256033E-04
  0.5401266329018E-04
  0.5293117528931E-04
  0.4996254191612E-04
  0.4937654053679E-04
  0.4883703608689E-04
  0.4674354056377E-04
  0.4791765336113E-04
  0.5122865080374E-04
  0.5197647966636E-04
  0.4831022467614E-04
  0.3057520783316E-04
  0.2884104397046E-04
  0.3610788536976E-04
  0.4560052018190E-04
  0.3946517203316E-04
  0.4578522884097E-04
  0.4448629364991E-04
  0.4207979015052E-04
  0.4015405612065E-04
  0.2401130712409E-04
  0.1305129107498E-04
  0.7859785879092E-05
  0.6131550572102E-05
  0.1014584949116E-04
  0.4119986911550E-05
  0.1139414511649E-04
  0.4620124774462E-04
  0.3331280026416E-04
  0.2552003907503E-04
  0.4663731383333E-04
  0.3211753246034E-04
  0.1020739270192E-04
  0.4882806310568E-04
  0.6218040529058E-04
  0.5805385038271E-04
  0.5422395020998E-04
  0.4964389858942E-04
  0.4582442943828E-04
  0.4428996986424E-04
  0.4432396887782E-04
  0.4522237792781E-04
  0.4089200547698E-04
  0.4429530577794E-04
  0.4358079914673E-04
  0.4193669539316E-04
  0.3606878670299E-04
  0.1328942974795E-04
  0.2193703231273E-04
  0.3828710378542E-04
  0.4547898321934E-04
  0.4271778241773E-04
  0.4377223296176E-04
  0.4078078547823E-04
  0.3844358209867E-04
  0.3579091454799E-04
  0.2149921980732E-04
  0.8235895911841E-05
  0.3005301898696E-05
  0.2112463331216E-05
  0.5601617137256E-05
  0.8947687428412E-06
  0.5774351128958E-05
  0.5866237876075E-04
  0.2882199294883E-04
  0.1202105067230E-04
  0.4410224241918E-04
  0.2441110764930E-04
  0.5268742869139E-05
  0.4130495713990E-04
  0.6439094310810E-04
  0.5264284362544E-04
  0.4854454658735E-04
  0.4495311790146E-04
  0.4032211124221E-04
  0.3928654538383E-04
  0.3969220947391E-04
  0.4166870784991E-04
  0.4057971466061E-04
  0.4053490842906E-04
  0.3704391782989E-04
  0.3347929917588E-04
  0.2297635150629E-04
  0.1206871275383E-05
  0.2804553957486E-04
  0.4228544054105E-04
  0.4401794684218E-04
  0.4294017247893E-04
  0.4094327366767E-04
  0.3792027456694E-04
  0.3490217490303E-04
  0.3232382065926E-04
  0.1867656286651E-04
  0.1203001173036E-05
  0.9106230244878E-07
  0.0000000000000E+00
  0.0000000000000E+00
  0.0000000000000E+00
  0.4089008914567E-05
  0.5155591724046E-04
  0.2340167319829E-04
  0.7559593748478E-05
  0.2452044036169E-04
  0.1162462936126E-04
  0.1683901997503E-05
  0.2371830314133E-04
  0.5604455148320E-04
  0.4367331797783E-04
  0.4221217534664E-04
  0.4159938874074E-04
  0.3701165774199E-04
  0.3753010450294E-04
  0.3543314601522E-04
  0.3627996261433E-04
  0.3734734607131E-04
  0.3706490895024E-04
  0.3296498277516E-04
  0.2856575111304E-04
  0.1354618109404E-04
  0.1075691438416E-05
  0.3345284489537E-04
  0.3870099755139E-04
  0.3661330201234E-04
  0.4134646733444E-04
  0.3778486361098E-04
  0.3506892365188E-04
  0.3256999524666E-04
  0.3046338865127E-04
  0.1554899033938E-04
  0.0000000000000E+00
  0.1662473454984E-06
  0.0000000000000E+00
  0.0000000000000E+00
  0.0000000000000E+00
  0.4511075097610E-05
  0.2622758535172E-04
  0.2248294683126E-04
  0.7651945172163E-05
  0.8072620232071E-05
  0.1025524272152E-05
  0.4039324804277E-05
  0.1265900156357E-04
  0.3743420899584E-04
  0.3650011665933E-04
  0.3855093649189E-04
  0.3996958163722E-04
  0.3416049594796E-04
  0.3334792339100E-04
  0.3114194450055E-04
  0.3033090067727E-04
  0.3120581598614E-04
  0.3315811024089E-04
  0.3111412134058E-04
  0.2521331188193E-04
  0.6568176471371E-05
  0.5756928523548E-05
  0.2976508493029E-04
  0.2812786775725E-04
  0.3140830232004E-04
  0.3742024750663E-04
  0.3539237920229E-04
  0.3257061946456E-04
  0.3045878250577E-04
  0.2929205066239E-04
  0.1582955559973E-04
  0.0000000000000E+00
  0.2821438124781E-05
  0.4644917842937E-05
  0.3104159409800E-06
  0.0000000000000E+00
  0.4336746640789E-05
  0.6002637153059E-05
  0.1500140508301E-04
  0.7665138690918E-05
  0.0000000000000E+00
  0.0000000000000E+00
  0.8084903925623E-05
  0.4801919778445E-05
  0.2353331153282E-04
  0.3556819622924E-04
  0.4707225392660E-04
  0.4810377444499E-04
  0.4236684690157E-04
  0.3677185508444E-04
  0.3234226252289E-04
  0.3014443040963E-04
  0.2827352846371E-04
  0.2862022558839E-04
  0.3013494944874E-04
  0.2298395207976E-04
  0.5991128575554E-05
  0.6298430337548E-05
  0.1561784342243E-04
  0.1294616478217E-04
  0.3171293693073E-04
  0.3993031778038E-04
  0.3745012764942E-04
  0.3188901734133E-04
  0.2848544718387E-04
  0.2773898618787E-04
  0.2162941400249E-04
  0.1342087913927E-05
  0.9347592662251E-05
  0.1754380029792E-04
  0.1118837818849E-04
  0.0000000000000E+00
  0.3680604519213E-05
  0.4011269507399E-05
  0.4681997916711E-05
  0.2043827923900E-05
  0.0000000000000E+00
  0.4473692881973E-05
  0.1043837128995E-04
  0.1979103502873E-05
  0.8635059145601E-05
  0.3182981005648E-04
  0.4478931100473E-04
  0.4902582433946E-04
  0.4696791464059E-04
  0.4229425089480E-04
  0.3691649983260E-04
  0.3379882322085E-04
  0.3105443415859E-04
  0.2961228242806E-04
  0.2971796108654E-04
  0.1857387341285E-04
  0.3749310942343E-05
  0.3655818539690E-05
  0.1071123141604E-04
  0.7099490653688E-05
  0.2854121166688E-04
  0.4283894033154E-04
  0.4321994607442E-04
  0.3852963173138E-04
  0.3232037220880E-04
  0.2762768346138E-04
  0.2420955512792E-04
  0.8913279057268E-05
  0.1887316132976E-04
  0.2067378713832E-04
  0.1284786550328E-04
  0.6386458147960E-05
  0.2018687730699E-05
  0.4097419683506E-05
  0.3693308837310E-07
  0.0000000000000E+00
  0.0000000000000E+00
  0.5830967819756E-05
  0.4766720363344E-05
  0.2581132466142E-05
  0.5975584572207E-05
  0.2520463020152E-04
  0.3724726750998E-04
  0.4399476894159E-04
  0.4326763595555E-04
  0.4194460451628E-04
  0.3854075400227E-04
  0.3646084048030E-04
  0.3363876881098E-04
  0.3134163129954E-04
  0.2877375585836E-04
  0.1577385337772E-04
  0.6351629903210E-05
  0.2231507769362E-05
  0.8693854774207E-05
  0.5583468212764E-05
  0.2181065191199E-04
  0.3314476302343E-04
  0.4332730704668E-04
  0.4282603569173E-04
  0.3662263375611E-04
  0.2953404153559E-04
  0.2522812831476E-04
  0.1120532495768E-04
  0.1737928734744E-04
  0.1515789635615E-04
  0.7335061355403E-05
  0.5037535883764E-05
  0.4217942324524E-06
  0.0000000000000E+00
  0.0000000000000E+00
  0.0000000000000E+00
  0.1855809479878E-05
  0.3400463227677E-05
  0.2119865536950E-05
  0.3374806322127E-05
  0.8057153415020E-05
  0.1935450030932E-04
  0.3522359127661E-04
  0.3602563618566E-04
  0.3506426843090E-04
  0.3604102668428E-04
  0.3550011684974E-04
  0.3582480967037E-04
  0.3382534128887E-04
  0.3257285939166E-04
  0.2854891283930E-04
  0.1795127901773E-04
  0.7420801011629E-05
  0.2454919152876E-05
  0.6348624032037E-05
  0.4540183226305E-05
  0.1159775829254E-04
  0.2230588036919E-04
  0.3065103850044E-04
  0.3595201504926E-04
  0.3793550587011E-04
  0.3324968326704E-04
  0.2734769705158E-04
  0.1860092553475E-04
  0.8256017461314E-05
  0.7346763635328E-05
  0.3016489800298E-05
  0.2672531319530E-05
  0.2538517324874E-05
  0.0000000000000E+00
  0.0000000000000E+00
  0.2558738855614E-05
  0.0000000000000E+00
  0.6802022560475E-06
  0.0000000000000E+00
  0.1955601149222E-05
  0.6042899647330E-05
  0.1293023187929E-04
  0.2403406499075E-04
  0.2742672947393E-04
  0.2996312072507E-04
  0.3116154894380E-04
  0.3163569308756E-04
  0.3274398724447E-04
  0.3236931459799E-04
  0.3253812479125E-04
  0.2921843693746E-04
  0.2039196553908E-04
  0.6798202718685E-05
  0.2794966027452E-05
  0.4750954725750E-05
  0.3557150234587E-05
  0.6439693849251E-05
  0.1186441972407E-04
  0.2630572964136E-04
  0.2972669044763E-04
  0.3551218153723E-04
  0.3552230235061E-04
  0.3134888236111E-04
  0.2179304242459E-04
  0.8242283725662E-05
  0.3741683335266E-05
  0.2970953629623E-05
  0.1573602221128E-05
  0.2258882089330E-05
  0.0000000000000E+00
  0.0000000000000E+00
  0.9550329014462E-06
  0.1275170540778E-05
  0.0000000000000E+00
  0.6537449084107E-06
  0.1440731784425E-05
  0.4226701842017E-05
  0.8851411792985E-05
  0.1694150403349E-04
  0.1847600139491E-04
  0.2226324669819E-04
  0.2402675226644E-04
  0.2514689985398E-04
  0.2655659243596E-04
  0.2877646446654E-04
  0.3029416598781E-04
  0.2517388712446E-04
  0.1473051495510E-04
  0.4750158034953E-05
  0.3866100751147E-05
  0.3650836553912E-05
  0.3004284451041E-05
  0.4642746920838E-05
  0.8300055517393E-05
  0.2478763465731E-04
  0.2902548224703E-04
  0.3354151869060E-04
  0.3556231575206E-04
  0.3316942718000E-04
  0.1869875954726E-04
  0.7473879039556E-05
  0.5344386512939E-05
  0.3644167210389E-05
  0.2576156024441E-05
  0.2437590579199E-05
  0.1781401158487E-05
  0.1017895183334E-05
  0.2581929797840E-05
  0.3498690292043E-05
  0.1583394860802E-05
  0.2454945322808E-05
  0.2525151067724E-05
  0.2802124971302E-05
  0.3945932063004E-05
  0.6527130123951E-05
  0.9466556073803E-05
  0.1582024618547E-04
  0.2109408440923E-04
  0.1914033610560E-04
  0.1588122400254E-04
  0.1887089693645E-04
  0.2280604284170E-04
  0.1293751025946E-04
  0.5883472873194E-05
  0.4544757297269E-05
  0.3549516021835E-05
  0.2699493208391E-05
  0.2812388979281E-05
  0.4913674843489E-05
  0.7055990851673E-05
  0.1700525660107E-04
  0.2755499464380E-04
  0.3073210792114E-04
  0.3324874873068E-04
  0.3212280147521E-04
  0.2061580313172E-04
  0.9445322997387E-05
  0.6012195352060E-05
  0.3879445077342E-05
  0.3910976080310E-05
  0.3319981874233E-05
  0.3036595176945E-05
  0.2641931016309E-05
  0.3413352677543E-05
  0.3767094566157E-05
  0.3057763459616E-05
  0.3049589020361E-05
  0.2913844153477E-05
  0.2894846607664E-05
  0.2932263174864E-05
  0.3152655605548E-05
  0.3488449529645E-05
  0.4316178593027E-05
  0.5033252899251E-05
  0.4793331390974E-05
  0.6123850098853E-05
  0.6813132278816E-05
  0.7366730461309E-05
  0.5892967120611E-05
  0.4158061880422E-05
  0.3113571223342E-05
  0.2564348107085E-05
  0.2028217673278E-05
  0.1991803303138E-05
  0.3053876839929E-05
  0.4396361179958E-05
  0.5822938579982E-05
  0.7766231845188E-05
  0.8191231289582E-05
  0.1212135071787E-04
  0.1336028385862E-04
  0.1119005267069E-04
  0.8222402879017E-05
  0.5809553424752E-05
  0.3990334483338E-05
  0.3404592465318E-05
  0.3152515450735E-05
  0.3022874820406E-05
  0.2899803395983E-05
  0.3117750837705E-05
  0.3311993531792E-05
  0.3315841511115E-05
  0.2350328291406E-05
  0.2362884329936E-05
  0.2384506761384E-05
  0.2416538699168E-05
  0.2463275393811E-05
  0.2526157015256E-05
  0.2606843655526E-05
  0.2683811823192E-05
  0.2742382585318E-05
  0.2819361135634E-05
  0.2862391262807E-05
  0.2848632042124E-05
  0.2743761449246E-05
  0.2603142524417E-05
  0.2481607699876E-05
  0.2395838517322E-05
  0.2344377303452E-05
  0.2338581615663E-05
  0.2378317283119E-05
  0.2420140312059E-05
  0.2421327509316E-05
  0.2537581549908E-05
  0.2723705786773E-05
  0.3023607884282E-05
  0.3279127307481E-05
  0.3254780297779E-05
  0.3064665486975E-05
  0.2828719175955E-05
  0.2619024969572E-05
  0.2475809577382E-05
  0.2386017355603E-05
  0.2334821223450E-05
  0.2311538901171E-05
  0.2315102748641E-05
  0.2329974343518E-05
  0.2342769869572E-05
  0.2780000055631E-03
  0.2780000055631E-03
  0.2780000055631E-03
  0.2780000055631E-03
  0.2780000055631E-03
  0.2780000055631E-03
  0.2780000055631E-03
  0.2780000055631E-03
  0.2780000055631E-03
  0.2780000055631E-03
  0.2780000055631E-03
  0.2780000055631E-03
  0.2780000055631E-03
  0.2780000055631E-03
  0.2780000055631E-03
  0.2780000055631E-03
  0.2780000055631E-03
  0.2780000055631E-03
  0.2780000055631E-03
  0.2780000055631E-03
  0.2780000055631E-03
  0.2780000055631E-03
  0.2780000055631E-03
  0.2780000055631E-03
  0.2780000055631E-03
  0.2780000055631E-03
  0.2780000055631E-03
  0.2780000055631E-03
  0.2780000055631E-03
  0.2780000055631E-03
  0.2780000055631E-03
  0.2780000055631E-03
  0.2780000055631E-03
  0.2780000055631E-03
  0.2780000055631E-03
  0.2780000055631E-03
  0.2780000055631E-03
  0.2780000055631E-03
  0.2780000055631E-03
  0.2780000055631E-03
  0.2780000055631E-03
  0.2780000055631E-03
  0.2780000055631E-03
  0.2780000055631E-03
  0.2780000055631E-03
  0.2780000055631E-03
  0.2780000055631E-03
  0.2780000055631E-03
  0.2780000055631E-03
  0.2780000055631E-03
  0.2780000055631E-03
  0.2780000055631E-03
  0.2780000055631E-03
  0.2780000055631E-03
  0.2780000055631E-03
  0.2780000055631E-03
  0.2780000055631E-03
  0.2780000055631E-03
  0.2780000055631E-03
  0.2780000055631E-03
  0.2780000055631E-03
  0.2780000055631E-03
  0.2780000055631E-03
  0.2780000055631E-03
  0.2780000055631E-03
  0.2780000055631E-03
  0.2780000055631E-03
  0.2780000055631E-03
  0.2780000055631E-03
  0.2780000055631E-03
  0.2780000055631E-03
  0.2780000055631E-03
  0.2780000055631E-03
  0.2780000055631E-03
  0.2780000055631E-03
  0.2780000055631E-03
  0.2780000055631E-03
  0.2780000055631E-03
  0.2780000055631E-03
  0.2780000055631E-03
  0.2780000055631E-03
  0.2780000055631E-03
  0.2780000055631E-03
  0.2780000055631E-03
  0.2780000055631E-03
  0.2780000055631E-03
  0.2780000055631E-03
  0.2780000055631E-03
  0.2780000055631E-03
  0.2780000055631E-03
  0.2780000055631E-03
  0.2780000055631E-03
  0.2780000055631E-03
  0.2780000055631E-03
  0.2780000055631E-03
  0.2780000055631E-03
  0.2780000055631E-03
  0.2780000055631E-03
  0.2780000055631E-03
  0.2780000055631E-03
  0.2780000055631E-03
  0.2780000055631E-03
  0.2780000055631E-03
  0.2780000055631E-03
  0.2780000055631E-03
  0.2780000055631E-03
  0.2780000055631E-03
  0.2780000055631E-03
  0.2780000055631E-03
  0.2780000055631E-03
  0.2780000055631E-03
  0.2780000055631E-03
  0.2780000055631E-03
  0.2780000055631E-03
  0.2780000055631E-03
  0.2780000055631E-03
  0.2780000055631E-03
  0.2780000055631E-03
  0.2780000055631E-03
  0.2780000055631E-03
  0.2780000055631E-03
  0.2780000055631E-03
  0.2780000055631E-03
  0.2780000055631E-03
  0.2780000055631E-03
  0.2780000055631E-03
  0.2780000055631E-03
  0.2780000055631E-03
  0.2780000055631E-03
  0.2780000055631E-03
  0.2780000055631E-03
  0.2780000055631E-03
  0.2780000055631E-03
  0.2780000055631E-03
  0.2780000055631E-03
  0.2780000055631E-03
  0.2780000055631E-03
  0.2780000055631E-03
  0.2780000055631E-03
  0.2780000055631E-03
  0.2780000055631E-03
  0.2780000055631E-03
  0.2780000055631E-03
  0.2780000055631E-03
  0.2780000055631E-03
  0.2780000055631E-03
  0.2780000055631E-03
  0.2780000055631E-03
  0.2780000055631E-03
  0.2780000055631E-03
  0.2780000055631E-03
  0.2780000055631E-03
  0.2780000055631E-03
  0.2780000055631E-03
  0.2780000055631E-03
  0.2780000055631E-03
  0.2780000055631E-03
  0.2780000055631E-03
  0.2780000055631E-03
  0.2780000055631E-03
  0.2780000055631E-03
  0.2780000055631E-03
  0.2780000055631E-03
  0.2780000055631E-03
  0.2780000055631E-03
  0.2780000055631E-03
  0.2780000055631E-03
  0.2780000055631E-03
  0.2780000055631E-03
  0.2780000055631E-03
  0.2780000055631E-03
  0.2780000055631E-03
  0.2780000055631E-03
  0.2780000055631E-03
  0.2780000055631E-03
  0.2780000055631E-03
  0.2780000055631E-03
  0.2780000055631E-03
  0.2780000055631E-03
  0.2780000055631E-03
  0.2780000055631E-03
  0.2780000055631E-03
  0.2780000055631E-03
  0.2780000055631E-03
  0.2780000055631E-03
  0.2780000055631E-03
  0.2780000055631E-03
  0.2780000055631E-03
  0.2780000055631E-03
  0.2780000055631E-03
  0.2780000055631E-03
  0.2780000055631E-03
  0.2780000055631E-03
  0.2780000055631E-03
  0.2780000055631E-03
  0.2780000055631E-03
  0.2780000055631E-03
  0.2780000055631E-03
  0.2780000055631E-03
  0.2780000055631E-03
  0.2780000055631E-03
  0.2780000055631E-03
  0.2780000055631E-03
  0.2780000055631E-03
  0.2780000055631E-03
  0.2780000055631E-03
  0.2780000055631E-03
  0.2780000055631E-03
  0.2780000055631E-03
  0.2780000055631E-03
  0.2780000055631E-03
  0.2780000055631E-03
  0.2780000055631E-03
  0.2780000055631E-03
  0.2780000055631E-03
  0.2780000055631E-03
  0.2780000055631E-03
  0.2780000055631E-03
  0.2780000055631E-03
  0.2780000055631E-03
  0.2780000055631E-03
  0.2780000055631E-03
  0.2780000055631E-03
  0.2780000055631E-03
  0.2780000055631E-03
  0.2780000055631E-03
  0.2780000055631E-03
  0.2780000055631E-03
  0.2780000055631E-03
  0.2780000055631E-03
  0.2780000055631E-03
  0.2780000055631E-03
  0.2780000055631E-03
  0.2780000055631E-03
  0.2780000055631E-03
  0.2780000055631E-03
  0.2780000055631E-03
  0.2780000055631E-03
  0.2780000055631E-03
  0.2780000055631E-03
  0.2780000055631E-03
  0.2780000055631E-03
  0.2780000055631E-03
  0.2780000055631E-03
  0.2780000055631E-03
  0.2780000055631E-03
  0.2780000055631E-03
  0.2780000055631E-03
  0.2780000055631E-03
  0.2780000055631E-03
  0.2780000055631E-03
  0.2780000055631E-03
  0.2780000055631E-03
  0.2780000055631E-03
  0.2780000055631E-03
  0.2780000055631E-03
  0.2780000055631E-03
  0.2780000055631E-03
  0.2780000055631E-03
  0.2780000055631E-03
  0.2780000055631E-03
  0.2780000055631E-03
  0.2780000055631E-03
  0.2780000055631E-03
  0.2780000055631E-03
  0.2780000055631E-03
  0.2780000055631E-03
  0.2780000055631E-03
  0.2780000055631E-03
  0.2780000055631E-03
  0.2780000055631E-03
  0.2780000055631E-03
  0.2780000055631E-03
  0.2780000055631E-03
  0.2780000055631E-03
  0.2780000055631E-03
  0.2780000055631E-03
  0.2780000055631E-03
  0.2780000055631E-03
  0.2780000055631E-03
  0.2780000055631E-03
  0.2780000055631E-03
  0.2780000055631E-03
  0.2780000055631E-03
  0.2780000055631E-03
  0.2780000055631E-03
  0.2780000055631E-03
  0.2780000055631E-03
  0.2780000055631E-03
  0.2780000055631E-03
  0.2780000055631E-03
  0.2780000055631E-03
  0.2780000055631E-03
  0.2780000055631E-03
  0.2780000055631E-03
  0.2780000055631E-03
  0.2780000055631E-03
  0.2780000055631E-03
  0.2780000055631E-03
  0.2780000055631E-03
  0.2780000055631E-03
  0.2780000055631E-03
  0.2780000055631E-03
  0.2780000055631E-03
  0.2780000055631E-03
  0.2780000055631E-03
  0.2780000055631E-03
  0.2780000055631E-03
  0.2780000055631E-03
  0.2780000055631E-03
  0.2780000055631E-03
  0.2780000055631E-03
  0.2780000055631E-03
  0.2780000055631E-03
  0.2780000055631E-03
  0.2780000055631E-03
  0.2780000055631E-03
  0.2780000055631E-03
  0.2780000055631E-03
  0.2780000055631E-03
  0.2780000055631E-03
  0.2780000055631E-03
  0.2780000055631E-03
  0.2780000055631E-03
  0.2780000055631E-03
  0.2780000055631E-03
  0.2780000055631E-03
  0.2780000055631E-03
  0.2780000055631E-03
  0.2780000055631E-03
  0.2780000055631E-03
  0.2780000055631E-03
  0.2780000055631E-03
  0.2780000055631E-03
  0.2780000055631E-03
  0.2780000055631E-03
  0.2780000055631E-03
  0.2780000055631E-03
  0.2780000055631E-03
  0.2780000055631E-03
  0.2780000055631E-03
  0.2780000055631E-03
  0.2780000055631E-03
  0.2780000055631E-03
  0.2780000055631E-03
  0.2780000055631E-03
  0.2780000055631E-03
  0.2780000055631E-03
  0.2780000055631E-03
  0.2780000055631E-03
  0.2780000055631E-03
  0.2780000055631E-03
  0.2780000055631E-03
  0.2780000055631E-03
  0.2780000055631E-03
  0.2780000055631E-03
  0.2780000055631E-03
  0.2780000055631E-03
  0.2780000055631E-03
  0.2780000055631E-03
  0.2780000055631E-03
  0.2780000055631E-03
  0.2780000055631E-03
  0.2780000055631E-03
  0.2780000055631E-03
  0.2780000055631E-03
  0.2780000055631E-03
  0.2780000055631E-03
  0.2780000055631E-03
  0.2780000055631E-03
  0.2780000055631E-03
  0.2780000055631E-03
  0.2780000055631E-03
  0.2780000055631E-03
  0.2780000055631E-03
  0.2780000055631E-03
  0.2780000055631E-03
  0.2780000055631E-03
  0.2780000055631E-03
  0.2780000055631E-03
  0.2780000055631E-03
  0.2780000055631E-03
  0.2780000055631E-03
  0.2780000055631E-03
  0.2780000055631E-03
  0.2780000055631E-03
  0.2780000055631E-03
  0.2780000055631E-03
  0.2780000055631E-03
  0.2780000055631E-03
  0.2780000055631E-03
  0.2780000055631E-03
  0.2780000055631E-03
  0.2780000055631E-03
  0.2780000055631E-03
  0.2780000055631E-03
  0.2780000055631E-03
  0.2780000055631E-03
  0.2780000055631E-03
  0.2780000055631E-03
  0.2780000055631E-03
  0.2780000055631E-03
  0.2780000055631E-03
  0.2780000055631E-03
  0.2780000055631E-03
  0.2780000055631E-03
  0.2780000055631E-03
  0.2780000055631E-03
  0.2780000055631E-03
  0.2780000055631E-03
  0.2780000055631E-03
  0.2780000055631E-03
  0.2780000055631E-03
  0.2780000055631E-03
  0.2780000055631E-03
  0.2780000055631E-03
  0.2780000055631E-03
  0.2780000055631E-03
  0.2780000055631E-03
  0.2780000055631E-03
  0.2780000055631E-03
  0.2780000055631E-03
  0.2780000055631E-03
  0.2780000055631E-03
  0.2780000055631E-03
  0.2780000055631E-03
  0.2780000055631E-03
  0.2780000055631E-03
  0.2780000055631E-03
  0.2780000055631E-03
  0.2780000055631E-03
  0.2780000055631E-03
  0.2780000055631E-03
  0.2780000055631E-03
  0.2780000055631E-03
  0.2780000055631E-03
  0.2780000055631E-03
  0.2780000055631E-03
  0.2780000055631E-03
  0.2780000055631E-03
  0.2780000055631E-03
  0.2780000055631E-03
  0.2780000055631E-03
  0.2780000055631E-03
  0.2780000055631E-03
  0.2780000055631E-03
  0.2780000055631E-03
  0.2780000055631E-03
  0.2780000055631E-03
  0.2780000055631E-03
  0.2780000055631E-03
  0.2780000055631E-03
  0.2780000055631E-03
  0.2780000055631E-03
  0.2780000055631E-03
  0.2780000055631E-03
  0.2780000055631E-03
  0.2780000055631E-03
  0.2780000055631E-03
  0.2780000055631E-03
  0.2780000055631E-03
  0.2780000055631E-03
  0.2780000055631E-03
  0.2780000055631E-03
  0.2780000055631E-03
  0.2780000055631E-03
  0.2780000055631E-03
  0.2780000055631E-03
  0.2780000055631E-03
  0.2780000055631E-03
  0.2780000055631E-03
  0.2780000055631E-03
  0.2780000055631E-03
  0.2780000055631E-03
  0.2780000055631E-03
  0.2780000055631E-03
  0.2780000055631E-03
  0.2780000055631E-03
  0.2780000055631E-03
  0.2780000055631E-03
  0.2780000055631E-03
  0.2780000055631E-03
  0.2780000055631E-03
  0.2780000055631E-03
  0.2780000055631E-03
  0.2780000055631E-03
  0.2780000055631E-03
  0.2780000055631E-03
  0.2780000055631E-03
  0.2780000055631E-03
  0.2780000055631E-03
  0.2780000055631E-03
  0.2780000055631E-03
  0.2780000055631E-03
  0.2780000055631E-03
  0.2780000055631E-03
  0.2780000055631E-03
  0.2780000055631E-03
  0.2780000055631E-03
  0.2780000055631E-03
  0.2780000055631E-03
  0.2780000055631E-03
  0.2780000055631E-03
  0.2780000055631E-03
  0.2780000055631E-03
  0.2780000055631E-03
  0.2780000055631E-03
  0.2780000055631E-03
  0.2780000055631E-03
  0.2780000055631E-03
  0.2780000055631E-03
  0.2780000055631E-03
  0.2780000055631E-03
  0.2780000055631E-03
  0.2780000055631E-03
  0.2780000055631E-03
  0.2780000055631E-03
  0.2780000055631E-03
  0.2780000055631E-03
  0.2780000055631E-03
  0.2780000055631E-03
  0.2780000055631E-03
  0.2780000055631E-03
  0.2780000055631E-03
  0.2780000055631E-03
  0.2780000055631E-03
  0.2780000055631E-03
  0.2780000055631E-03
  0.2780000055631E-03
  0.2780000055631E-03
  0.2780000055631E-03
  0.2780000055631E-03
  0.2780000055631E-03
  0.2780000055631E-03
  0.2780000055631E-03
  0.2780000055631E-03
  0.2780000055631E-03
  0.2780000055631E-03
  0.2780000055631E-03
  0.2780000055631E-03
  0.2780000055631E-03
  0.2780000055631E-03
  0.2780000055631E-03
  0.2780000055631E-03
  0.2780000055631E-03
  0.2780000055631E-03
  0.2780000055631E-03
  0.2780000055631E-03
  0.2780000055631E-03
  0.2780000055631E-03
  0.2780000055631E-03
  0.2780000055631E-03
  0.2780000055631E-03
  0.2780000055631E-03
  0.2780000055631E-03
  0.2780000055631E-03
  0.2780000055631E-03
  0.2780000055631E-03
  0.2780000055631E-03
  0.2780000055631E-03
  0.2780000055631E-03
  0.2780000055631E-03
  0.2780000055631E-03
  0.2780000055631E-03
  0.2780000055631E-03
  0.2780000055631E-03
  0.2780000055631E-03
  0.2780000055631E-03
  0.2780000055631E-03
  0.2780000055631E-03
  0.2780000055631E-03
  0.2780000055631E-03
  0.2780000055631E-03
  0.2780000055631E-03
  0.2780000055631E-03
  0.2780000055631E-03
  0.2780000055631E-03
  0.2780000055631E-03
  0.2780000055631E-03
  0.2780000055631E-03
  0.2780000055631E-03
  0.2780000055631E-03
  0.2780000055631E-03
  0.2780000055631E-03
  0.2780000055631E-03
  0.2780000055631E-03
  0.2780000055631E-03
  0.2780000055631E-03
  0.2780000055631E-03
  0.2780000055631E-03
  0.2780000055631E-03
  0.2780000055631E-03
  0.2780000055631E-03
  0.2780000055631E-03
  0.2780000055631E-03
  0.2780000055631E-03
  0.2780000055631E-03
  0.2780000055631E-03
  0.2780000055631E-03
  0.2780000055631E-03
  0.2780000055631E-03
  0.2780000055631E-03
  0.2780000055631E-03
  0.2780000055631E-03
  0.2780000055631E-03
  0.2780000055631E-03
  0.2780000055631E-03
  0.2780000055631E-03
  0.2780000055631E-03
  0.2780000055631E-03
  0.2780000055631E-03
  0.2780000055631E-03
  0.2780000055631E-03
  0.2780000055631E-03
  0.2780000055631E-03
  0.2780000055631E-03
  0.2780000055631E-03
  0.2780000055631E-03
  0.2780000055631E-03
  0.2780000055631E-03
  0.2780000055631E-03
  0.2780000055631E-03
  0.2780000055631E-03
  0.2780000055631E-03
  0.2780000055631E-03
  0.2780000055631E-03
  0.2780000055631E-03
  0.2780000055631E-03
  0.2780000055631E-03
  0.2780000055631E-03
  0.2780000055631E-03
  0.2780000055631E-03
  0.2780000055631E-03
  0.2780000055631E-03
  0.2780000055631E-03
  0.2780000055631E-03
  0.2780000055631E-03
  0.2780000055631E-03
  0.2780000055631E-03
  0.2780000055631E-03
  0.2780000055631E-03
  0.2780000055631E-03
  0.2780000055631E-03
  0.2780000055631E-03
  0.2780000055631E-03
  0.2780000055631E-03
  0.2780000055631E-03
  0.2780000055631E-03
  0.2780000055631E-03
  0.2780000055631E-03
  0.2780000055631E-03
  0.2780000055631E-03
  0.2780000055631E-03
  0.2780000055631E-03
  0.2780000055631E-03
  0.2780000055631E-03
  0.2780000055631E-03
  0.2780000055631E-03
  0.2780000055631E-03
  0.2780000055631E-03
  0.2780000055631E-03
  0.2780000055631E-03
  0.2780000055631E-03
  0.2780000055631E-03
  0.2780000055631E-03
  0.2780000055631E-03
  0.2780000055631E-03
  0.2780000055631E-03
  0.2780000055631E-03
  0.2780000055631E-03
  0.2780000055631E-03
  0.2780000055631E-03
  0.2780000055631E-03
  0.2780000055631E-03
  0.2780000055631E-03
  0.2780000055631E-03
  0.2780000055631E-03
  0.2780000055631E-03
  0.2780000055631E-03
  0.2780000055631E-03
  0.2780000055631E-03
  0.2780000055631E-03
  0.2780000055631E-03
  0.2780000055631E-03
  0.2780000055631E-03
  0.2780000055631E-03
  0.2780000055631E-03
  0.2780000055631E-03
  0.2780000055631E-03
  0.2780000055631E-03
  0.2780000055631E-03
  0.2780000055631E-03
  0.2780000055631E-03
  0.2780000055631E-03
  0.2780000055631E-03
  0.2780000055631E-03
  0.2780000055631E-03
  0.2780000055631E-03
  0.2780000055631E-03
  0.2780000055631E-03
  0.2780000055631E-03
  0.2780000055631E-03
  0.2780000055631E-03
  0.2780000055631E-03
  0.2780000055631E-03
  0.2780000055631E-03
  0.2780000055631E-03
  0.2780000055631E-03
  0.2780000055631E-03
  0.2780000055631E-03
  0.2780000055631E-03
  0.2780000055631E-03
  0.2780000055631E-03
  0.2780000055631E-03
  0.2780000055631E-03
  0.2780000055631E-03
  0.2780000055631E-03
  0.2780000055631E-03
  0.2780000055631E-03
  0.2780000055631E-03
  0.2780000055631E-03
  0.2780000055631E-03
  0.2780000055631E-03
  0.2780000055631E-03
  0.2780000055631E-03
  0.2780000055631E-03
  0.2780000055631E-03
  0.2780000055631E-03
  0.2780000055631E-03
  0.2780000055631E-03
  0.2780000055631E-03
  0.2780000055631E-03
  0.2780000055631E-03
  0.2780000055631E-03
  0.2780000055631E-03
  0.2780000055631E-03
  0.2780000055631E-03
  0.2780000055631E-03
  0.2780000055631E-03
  0.2780000055631E-03
  0.2780000055631E-03
  0.2780000055631E-03
  0.2780000055631E-03
  0.2780000055631E-03
  0.2780000055631E-03
  0.2780000055631E-03
  0.2780000055631E-03
  0.2780000055631E-03
  0.2780000055631E-03
  0.2780000055631E-03
  0.2780000055631E-03
  0.2780000055631E-03
  0.2780000055631E-03
  0.2780000055631E-03
  0.2780000055631E-03
  0.2780000055631E-03
  0.2780000055631E-03
  0.2780000055631E-03
  0.2780000055631E-03
  0.2780000055631E-03
  0.2780000055631E-03
  0.2780000055631E-03
  0.2780000055631E-03
  0.2780000055631E-03
  0.2780000055631E-03
  0.2780000055631E-03
  0.2780000055631E-03
  0.2780000055631E-03
  0.2780000055631E-03
  0.2780000055631E-03
  0.2780000055631E-03
  0.2780000055631E-03
  0.2780000055631E-03
  0.2780000055631E-03
  0.2780000055631E-03
  0.2780000055631E-03
  0.2780000055631E-03
  0.2780000055631E-03
  0.2780000055631E-03
  0.2780000055631E-03
  0.2780000055631E-03
  0.2780000055631E-03
  0.2780000055631E-03
  0.2780000055631E-03
  0.2780000055631E-03
  0.2780000055631E-03
  0.2780000055631E-03
  0.2780000055631E-03
  0.2780000055631E-03
  0.2780000055631E-03
  0.2780000055631E-03
  0.2780000055631E-03
  0.2780000055631E-03
  0.2780000055631E-03
  0.2780000055631E-03
  0.2780000055631E-03
  0.2780000055631E-03
  0.2780000055631E-03
  0.2780000055631E-03
  0.2780000055631E-03
  0.2780000055631E-03
  0.2780000055631E-03
  0.2780000055631E-03
  0.2780000055631E-03
  0.2780000055631E-03
  0.2780000055631E-03
  0.2780000055631E-03
  0.2780000055631E-03
  0.2780000055631E-03
  0.2780000055631E-03
  0.2780000055631E-03
  0.2780000055631E-03
  0.2780000055631E-03
  0.2780000055631E-03
  0.2780000055631E-03
  0.2780000055631E-03
  0.2780000055631E-03
  0.2780000055631E-03
  0.2780000055631E-03
  0.2780000055631E-03
  0.2780000055631E-03
  0.2780000055631E-03
  0.2780000055631E-03
  0.2780000055631E-03
  0.2780000055631E-03
  0.2780000055631E-03
  0.2780000055631E-03
  0.2780000055631E-03
  0.2780000055631E-03
  0.2780000055631E-03
  0.2780000055631E-03
  0.2780000055631E-03
  0.2780000055631E-03
  0.2780000055631E-03
  0.2780000055631E-03
  0.2780000055631E-03
  0.2780000055631E-03
  0.2780000055631E-03
  0.2780000055631E-03
  0.2780000055631E-03
  0.2780000055631E-03
  0.2780000055631E-03
  0.2780000055631E-03
  0.2780000055631E-03
  0.2780000055631E-03
  0.2780000055631E-03
  0.2780000055631E-03
  0.2780000055631E-03
  0.2780000055631E-03
  0.2780000055631E-03
  0.2780000055631E-03
  0.2780000055631E-03
  0.2780000055631E-03
  0.2780000055631E-03
  0.2780000055631E-03
  0.2780000055631E-03
  0.2780000055631E-03
  0.2780000055631E-03
  0.2780000055631E-03
  0.2780000055631E-03
  0.2780000055631E-03
  0.2780000055631E-03
  0.2780000055631E-03
  0.2780000055631E-03
  0.2780000055631E-03
  0.2780000055631E-03
  0.2780000055631E-03
  0.2780000055631E-03
  0.2780000055631E-03
  0.2780000055631E-03
  0.2780000055631E-03
  0.2780000055631E-03
  0.2780000055631E-03
  0.2780000055631E-03
  0.2780000055631E-03
  0.2780000055631E-03
  0.2780000055631E-03
  0.2780000055631E-03
  0.2780000055631E-03
  0.2780000055631E-03
  0.2780000055631E-03
  0.2780000055631E-03
  0.2780000055631E-03
  0.2780000055631E-03
  0.2780000055631E-03
  0.2780000055631E-03
  0.2780000055631E-03
  0.2780000055631E-03
  0.2780000055631E-03
  0.2780000055631E-03
  0.2780000055631E-03
  0.2780000055631E-03
  0.2780000055631E-03
  0.2780000055631E-03
  0.2780000055631E-03
  0.2780000055631E-03
  0.2780000055631E-03
  0.2780000055631E-03
  0.2780000055631E-03
  0.2780000055631E-03
  0.2780000055631E-03
  0.2780000055631E-03
  0.2780000055631E-03
  0.2780000055631E-03
  0.2780000055631E-03
  0.2780000055631E-03
  0.2780000055631E-03
  0.2780000055631E-03
  0.2780000055631E-03
  0.2780000055631E-03
  0.2780000055631E-03
  0.2780000055631E-03
  0.2780000055631E-03
  0.2780000055631E-03
  0.2780000055631E-03
  0.2780000055631E-03
  0.2780000055631E-03
  0.2780000055631E-03
  0.2780000055631E-03
  0.2780000055631E-03
  0.2780000055631E-03
  0.2780000055631E-03
  0.2780000055631E-03
  0.2780000055631E-03
  0.2780000055631E-03
  0.2780000055631E-03
  0.2780000055631E-03
  0.2780000055631E-03
  0.2780000055631E-03
  0.2780000055631E-03
  0.2780000055631E-03
  0.2780000055631E-03
  0.2780000055631E-03
  0.2780000055631E-03
  0.2780000055631E-03
  0.2780000055631E-03
  0.2780000055631E-03
  0.2780000055631E-03
  0.2780000055631E-03
  0.2780000055631E-03
  0.2780000055631E-03
  0.2780000055631E-03
  0.2780000055631E-03
  0.2780000055631E-03
  0.2780000055631E-03
  0.2780000055631E-03
  0.2780000055631E-03
  0.2780000055631E-03
  0.2780000055631E-03
  0.2780000055631E-03
  0.2780000055631E-03
  0.2780000055631E-03
  0.2780000055631E-03
  0.2780000055631E-03
  0.2780000055631E-03
  0.2780000055631E-03
  0.2780000055631E-03
  0.2780000055631E-03
  0.2780000055631E-03
  0.2780000055631E-03
  0.2780000055631E-03
  0.2780000055631E-03
  0.2780000055631E-03
  0.2780000055631E-03
  0.2780000055631E-03
  0.2780000055631E-03
  0.2780000055631E-03
  0.2780000055631E-03
  0.2780000055631E-03
  0.2780000055631E-03
  0.2780000055631E-03
  0.2780000055631E-03
  0.2780000055631E-03
  0.2780000055631E-03
  0.2780000055631E-03
  0.2780000055631E-03
  0.2780000055631E-03
  0.2780000055631E-03
  0.2780000055631E-03
  0.2780000055631E-03
  0.2780000055631E-03
  0.2780000055631E-03
  0.2780000055631E-03
  0.2780000055631E-03
  0.2780000055631E-03
  0.2780000055631E-03
  0.2780000055631E-03
  0.2780000055631E-03
  0.2780000055631E-03
  0.2780000055631E-03
  0.2780000055631E-03
  0.2780000055631E-03
  0.2780000055631E-03
  0.2780000055631E-03
  0.2780000055631E-03
  0.2780000055631E-03
  0.2780000055631E-03
  0.2780000055631E-03
  0.2780000055631E-03
  0.2780000055631E-03
  0.2780000055631E-03
  0.2780000055631E-03
  0.2780000055631E-03
  0.2780000055631E-03
  0.2780000055631E-03
  0.2780000055631E-03
  0.2780000055631E-03
  0.2780000055631E-03
  0.2780000055631E-03
  0.2780000055631E-03
  0.2780000055631E-03
  0.2780000055631E-03
  0.2780000055631E-03
  0.2780000055631E-03
  0.2780000055631E-03
  0.2780000055631E-03
  0.2780000055631E-03
  0.2780000055631E-03
  0.2780000055631E-03
  0.2780000055631E-03
  0.2780000055631E-03
  0.2780000055631E-03
  0.2780000055631E-03
  0.2780000055631E-03
  0.2780000055631E-03
  0.2780000055631E-03
  0.2780000055631E-03
  0.2780000055631E-03
  0.2780000055631E-03
  0.2780000055631E-03
  0.2780000055631E-03
  0.2780000055631E-03
  0.2780000055631E-03
  0.2780000055631E-03
  0.2780000055631E-03
  0.2780000055631E-03
  0.2780000055631E-03
  0.2780000055631E-03
  0.2780000055631E-03
  0.2780000055631E-03
  0.2780000055631E-03
  0.2780000055631E-03
  0.2780000055631E-03
  0.2780000055631E-03
  0.2780000055631E-03
  0.2780000055631E-03
  0.2780000055631E-03
  0.2780000055631E-03
  0.2780000055631E-03
  0.2780000055631E-03
  0.2780000055631E-03
  0.2780000055631E-03
  0.2780000055631E-03
  0.2780000055631E-03
  0.2780000055631E-03
  0.2780000055631E-03
  0.2780000055631E-03
  0.2780000055631E-03
  0.2780000055631E-03
  0.2780000055631E-03
  0.2780000055631E-03
  0.2780000055631E-03
  0.2780000055631E-03
  0.2780000055631E-03
  0.2780000055631E-03
  0.2780000055631E-03
  0.2780000055631E-03
  0.2780000055631E-03
  0.2780000055631E-03
  0.2780000055631E-03
  0.2780000055631E-03
  0.2780000055631E-03
  0.2780000055631E-03
  0.2780000055631E-03
  0.2780000055631E-03
  0.2780000055631E-03
  0.2780000055631E-03
  0.2780000055631E-03
  0.2780000055631E-03
  0.2780000055631E-03
  0.2780000055631E-03
  0.2780000055631E-03
  0.2780000055631E-03
  0.2780000055631E-03
  0.2780000055631E-03
  0.2780000055631E-03
  0.2780000055631E-03
  0.2780000055631E-03
  0.2780000055631E-03
  0.2780000055631E-03
  0.2780000055631E-03
  0.2780000055631E-03
  0.2780000055631E-03
  0.2780000055631E-03
  0.2780000055631E-03
  0.2780000055631E-03
  0.2780000055631E-03
  0.2780000055631E-03
  0.2780000055631E-03
  0.2780000055631E-03
  0.2780000055631E-03
  0.2780000055631E-03
  0.2780000055631E-03
  0.2780000055631E-03
  0.2780000055631E-03
  0.2780000055631E-03
  0.2780000055631E-03
  0.2780000055631E-03
  0.2780000055631E-03
  0.2780000055631E-03
  0.2780000055631E-03
  0.2780000055631E-03
  0.2780000055631E-03
  0.2780000055631E-03
  0.2780000055631E-03
  0.2780000055631E-03
  0.2780000055631E-03
  0.2780000055631E-03
  0.2780000055631E-03
  0.2780000055631E-03
  0.2780000055631E-03
  0.2780000055631E-03
  0.2780000055631E-03
  0.2780000055631E-03
  0.2780000055631E-03
  0.2780000055631E-03
  0.2780000055631E-03
  0.2780000055631E-03
  0.2780000055631E-03
  0.2780000055631E-03
  0.2780000055631E-03
  0.2780000055631E-03
  0.2780000055631E-03
  0.2780000055631E-03
  0.2780000055631E-03
  0.2780000055631E-03
  0.2780000055631E-03
  0.2780000055631E-03
  0.2780000055631E-03
  0.2780000055631E-03
  0.2780000055631E-03
  0.2780000055631E-03
  0.2780000055631E-03
  0.2780000055631E-03
  0.2780000055631E-03
  0.2780000055631E-03
  0.2780000055631E-03
  0.2780000055631E-03
  0.2780000055631E-03
  0.2780000055631E-03
  0.2780000055631E-03
  0.2780000055631E-03
  0.2780000055631E-03
  0.2780000055631E-03
  0.2780000055631E-03
  0.2780000055631E-03
  0.2780000055631E-03
  0.2780000055631E-03
  0.2780000055631E-03
  0.2780000055631E-03
  0.2780000055631E-03
  0.2780000055631E-03
  0.2780000055631E-03
  0.2780000055631E-03
  0.2780000055631E-03
  0.2780000055631E-03
  0.2780000055631E-03
  0.2780000055631E-03
  0.2780000055631E-03
  0.2780000055631E-03
  0.2780000055631E-03
  0.2780000055631E-03
  0.2780000055631E-03
  0.2780000055631E-03
  0.2780000055631E-03
  0.2780000055631E-03
  0.2780000055631E-03
  0.2780000055631E-03
  0.2780000055631E-03
  0.2780000055631E-03
  0.2780000055631E-03
  0.2780000055631E-03
  0.2780000055631E-03
  0.2780000055631E-03
  0.2780000055631E-03
  0.2780000055631E-03
  0.2780000055631E-03
  0.2780000055631E-03
  0.2780000055631E-03
  0.2780000055631E-03
  0.2780000055631E-03
  0.2780000055631E-03
  0.2780000055631E-03
  0.2780000055631E-03
  0.2780000055631E-03
  0.2780000055631E-03
  0.2780000055631E-03
  0.2780000055631E-03
  0.2780000055631E-03
  0.2780000055631E-03
  0.2780000055631E-03
  0.2780000055631E-03
  0.2780000055631E-03
  0.2780000055631E-03
  0.2780000055631E-03
  0.2780000055631E-03
  0.2780000055631E-03
  0.2780000055631E-03
  0.2780000055631E-03
  0.2780000055631E-03
  0.2780000055631E-03
  0.2780000055631E-03
  0.2780000055631E-03
  0.2780000055631E-03
  0.2780000055631E-03
  0.2780000055631E-03
  0.2780000055631E-03
  0.2780000055631E-03
  0.2780000055631E-03
  0.2780000055631E-03
  0.2780000055631E-03
  0.2780000055631E-03
  0.2780000055631E-03
  0.2780000055631E-03
  0.2780000055631E-03
  0.2780000055631E-03
  0.2780000055631E-03
  0.2780000055631E-03
  0.2780000055631E-03
  0.2780000055631E-03
  0.2780000055631E-03
  0.2780000055631E-03
  0.2780000055631E-03
  0.2780000055631E-03
  0.2780000055631E-03
  0.2780000055631E-03
  0.2780000055631E-03
  0.2780000055631E-03
  0.2780000055631E-03
  0.2780000055631E-03
  0.2780000055631E-03
  0.2780000055631E-03
  0.2780000055631E-03
  0.2780000055631E-03
  0.2780000055631E-03
  0.2780000055631E-03
  0.2780000055631E-03
  0.2780000055631E-03
  0.2780000055631E-03
  0.2780000055631E-03
  0.2780000055631E-03
  0.2780000055631E-03
  0.2780000055631E-03
  0.2780000055631E-03
  0.2780000055631E-03
  0.2780000055631E-03
  0.2780000055631E-03
  0.2780000055631E-03
  0.2780000055631E-03
  0.2780000055631E-03
  0.2780000055631E-03
  0.2780000055631E-03
  0.2780000055631E-03
  0.2780000055631E-03
  0.2780000055631E-03
  0.2780000055631E-03
  0.2780000055631E-03
  0.2780000055631E-03
  0.2780000055631E-03
  0.2780000055631E-03
  0.2780000055631E-03
  0.2780000055631E-03
  0.2780000055631E-03
  0.2780000055631E-03
  0.2780000055631E-03
  0.2780000055631E-03
  0.2780000055631E-03
  0.2780000055631E-03
  0.2780000055631E-03
  0.2780000055631E-03
  0.2780000055631E-03
  0.2780000055631E-03
  0.2780000055631E-03
  0.2780000055631E-03
  0.2780000055631E-03
  0.2780000055631E-03
  0.2780000055631E-03
  0.2780000055631E-03
  0.2780000055631E-03
  0.2780000055631E-03
  0.2780000055631E-03
  0.2780000055631E-03
  0.2780000055631E-03
  0.2780000055631E-03
  0.2780000055631E-03
  0.2780000055631E-03
  0.0000000000000E+00
  0.0000000000000E+00
  0.0000000000000E+00
  0.0000000000000E+00
  0.0000000000000E+00
  0.0000000000000E+00
  0.0000000000000E+00
  0.0000000000000E+00
  0.0000000000000E+00
  0.0000000000000E+00
  0.0000000000000E+00
  0.0000000000000E+00
  0.0000000000000E+00
  0.0000000000000E+00
  0.0000000000000E+00
  0.0000000000000E+00
  0.0000000000000E+00
  0.0000000000000E+00
  0.0000000000000E+00
  0.0000000000000E+00
  0.0000000000000E+00
  0.0000000000000E+00
  0.0000000000000E+00
  0.0000000000000E+00
  0.0000000000000E+00
  0.0000000000000E+00
  0.0000000000000E+00
  0.0000000000000E+00
  0.0000000000000E+00
  0.0000000000000E+00
  0.0000000000000E+00
  0.0000000000000E+00
  0.0000000000000E+00
  0.0000000000000E+00
  0.0000000000000E+00
  0.0000000000000E+00
  0.0000000000000E+00
  0.0000000000000E+00
  0.0000000000000E+00
  0.0000000000000E+00
  0.0000000000000E+00
  0.0000000000000E+00
  0.0000000000000E+00
  0.0000000000000E+00
  0.0000000000000E+00
  0.0000000000000E+00
  0.0000000000000E+00
  0.0000000000000E+00
  0.0000000000000E+00
  0.0000000000000E+00
  0.0000000000000E+00
  0.0000000000000E+00
  0.0000000000000E+00
  0.0000000000000E+00
  0.0000000000000E+00
  0.0000000000000E+00
  0.0000000000000E+00
  0.0000000000000E+00
  0.0000000000000E+00
  0.0000000000000E+00
  0.0000000000000E+00
  0.0000000000000E+00
  0.0000000000000E+00
  0.0000000000000E+00
  0.0000000000000E+00
  0.0000000000000E+00
  0.0000000000000E+00
  0.0000000000000E+00
  0.0000000000000E+00
  0.0000000000000E+00
  0.0000000000000E+00
  0.0000000000000E+00
  0.0000000000000E+00
  0.0000000000000E+00
  0.0000000000000E+00
  0.0000000000000E+00
  0.0000000000000E+00
  0.0000000000000E+00
  0.0000000000000E+00
  0.0000000000000E+00
  0.0000000000000E+00
  0.0000000000000E+00
  0.0000000000000E+00
  0.0000000000000E+00
  0.0000000000000E+00
  0.0000000000000E+00
  0.0000000000000E+00
  0.0000000000000E+00
  0.0000000000000E+00
  0.0000000000000E+00
  0.0000000000000E+00
  0.0000000000000E+00
  0.0000000000000E+00
  0.0000000000000E+00
  0.0000000000000E+00
  0.0000000000000E+00
  0.0000000000000E+00
  0.0000000000000E+00
  0.0000000000000E+00
  0.0000000000000E+00
  0.0000000000000E+00
  0.0000000000000E+00
  0.0000000000000E+00
  0.0000000000000E+00
  0.0000000000000E+00
  0.0000000000000E+00
  0.0000000000000E+00
  0.0000000000000E+00
  0.0000000000000E+00
  0.0000000000000E+00
  0.0000000000000E+00
  0.0000000000000E+00
  0.0000000000000E+00
  0.0000000000000E+00
  0.0000000000000E+00
  0.0000000000000E+00
  0.0000000000000E+00
  0.0000000000000E+00
  0.0000000000000E+00
  0.0000000000000E+00
  0.0000000000000E+00
  0.0000000000000E+00
  0.0000000000000E+00
  0.0000000000000E+00
  0.0000000000000E+00
  0.0000000000000E+00
  0.0000000000000E+00
  0.0000000000000E+00
  0.0000000000000E+00
  0.0000000000000E+00
  0.0000000000000E+00
  0.0000000000000E+00
  0.0000000000000E+00
  0.0000000000000E+00
  0.0000000000000E+00
  0.0000000000000E+00
  0.0000000000000E+00
  0.0000000000000E+00
  0.0000000000000E+00
  0.0000000000000E+00
  0.0000000000000E+00
  0.0000000000000E+00
  0.0000000000000E+00
  0.0000000000000E+00
  0.0000000000000E+00
  0.0000000000000E+00
  0.0000000000000E+00
  0.0000000000000E+00
  0.0000000000000E+00
  0.0000000000000E+00
  0.0000000000000E+00
  0.0000000000000E+00
  0.0000000000000E+00
  0.0000000000000E+00
  0.0000000000000E+00
  0.0000000000000E+00
  0.0000000000000E+00
  0.0000000000000E+00
  0.0000000000000E+00
  0.0000000000000E+00
  0.0000000000000E+00
  0.0000000000000E+00
  0.0000000000000E+00
  0.0000000000000E+00
  0.0000000000000E+00
  0.0000000000000E+00
  0.0000000000000E+00
  0.0000000000000E+00
  0.0000000000000E+00
  0.0000000000000E+00
  0.0000000000000E+00
  0.0000000000000E+00
  0.0000000000000E+00
  0.0000000000000E+00
  0.0000000000000E+00
  0.0000000000000E+00
  0.0000000000000E+00
  0.0000000000000E+00
  0.0000000000000E+00
  0.0000000000000E+00
  0.0000000000000E+00
  0.0000000000000E+00
  0.0000000000000E+00
  0.0000000000000E+00
  0.0000000000000E+00
  0.0000000000000E+00
  0.0000000000000E+00
  0.0000000000000E+00
  0.0000000000000E+00
  0.0000000000000E+00
  0.0000000000000E+00
  0.0000000000000E+00
  0.0000000000000E+00
  0.0000000000000E+00
  0.0000000000000E+00
  0.0000000000000E+00
  0.0000000000000E+00
  0.0000000000000E+00
  0.0000000000000E+00
  0.0000000000000E+00
  0.0000000000000E+00
  0.0000000000000E+00
  0.0000000000000E+00
  0.0000000000000E+00
  0.0000000000000E+00
  0.0000000000000E+00
  0.0000000000000E+00
  0.0000000000000E+00
  0.0000000000000E+00
  0.0000000000000E+00
  0.0000000000000E+00
  0.0000000000000E+00
  0.0000000000000E+00
  0.0000000000000E+00
  0.0000000000000E+00
  0.0000000000000E+00
  0.0000000000000E+00
  0.0000000000000E+00
  0.0000000000000E+00
  0.0000000000000E+00
  0.0000000000000E+00
  0.0000000000000E+00
  0.0000000000000E+00
  0.0000000000000E+00
  0.0000000000000E+00
  0.0000000000000E+00
  0.0000000000000E+00
  0.0000000000000E+00
  0.0000000000000E+00
  0.0000000000000E+00
  0.0000000000000E+00
  0.0000000000000E+00
  0.0000000000000E+00
  0.0000000000000E+00
  0.0000000000000E+00
  0.0000000000000E+00
  0.0000000000000E+00
  0.0000000000000E+00
  0.0000000000000E+00
  0.0000000000000E+00
  0.0000000000000E+00
  0.0000000000000E+00
  0.0000000000000E+00
  0.0000000000000E+00
  0.0000000000000E+00
  0.0000000000000E+00
  0.0000000000000E+00
  0.0000000000000E+00
  0.0000000000000E+00
  0.0000000000000E+00
  0.0000000000000E+00
  0.0000000000000E+00
  0.0000000000000E+00
  0.0000000000000E+00
  0.0000000000000E+00
  0.0000000000000E+00
  0.0000000000000E+00
  0.0000000000000E+00
  0.0000000000000E+00
  0.0000000000000E+00
  0.0000000000000E+00
  0.0000000000000E+00
  0.0000000000000E+00
  0.0000000000000E+00
  0.0000000000000E+00
  0.0000000000000E+00
  0.0000000000000E+00
  0.0000000000000E+00
  0.0000000000000E+00
  0.0000000000000E+00
  0.0000000000000E+00
  0.0000000000000E+00
  0.0000000000000E+00
  0.0000000000000E+00
  0.0000000000000E+00
  0.0000000000000E+00
  0.0000000000000E+00
  0.0000000000000E+00
  0.0000000000000E+00
  0.0000000000000E+00
  0.0000000000000E+00
  0.0000000000000E+00
  0.0000000000000E+00
  0.0000000000000E+00
  0.0000000000000E+00
  0.0000000000000E+00
  0.0000000000000E+00
  0.0000000000000E+00
  0.0000000000000E+00
  0.0000000000000E+00
  0.0000000000000E+00
  0.0000000000000E+00
  0.0000000000000E+00
  0.0000000000000E+00
  0.0000000000000E+00
  0.0000000000000E+00
  0.0000000000000E+00
  0.0000000000000E+00
  0.0000000000000E+00
  0.0000000000000E+00
  0.0000000000000E+00
  0.0000000000000E+00
  0.0000000000000E+00
  0.0000000000000E+00
  0.0000000000000E+00
  0.0000000000000E+00
  0.0000000000000E+00
  0.0000000000000E+00
  0.0000000000000E+00
  0.0000000000000E+00
  0.0000000000000E+00
  0.0000000000000E+00
  0.0000000000000E+00
  0.0000000000000E+00
  0.0000000000000E+00
  0.0000000000000E+00
  0.0000000000000E+00
  0.0000000000000E+00
  0.0000000000000E+00
  0.0000000000000E+00
  0.0000000000000E+00
  0.0000000000000E+00
  0.0000000000000E+00
  0.0000000000000E+00
  0.0000000000000E+00
  0.0000000000000E+00
  0.0000000000000E+00
  0.0000000000000E+00
  0.0000000000000E+00
  0.0000000000000E+00
  0.0000000000000E+00
  0.0000000000000E+00
  0.0000000000000E+00
  0.0000000000000E+00
  0.0000000000000E+00
  0.0000000000000E+00
  0.0000000000000E+00
  0.0000000000000E+00
  0.0000000000000E+00
  0.0000000000000E+00
  0.0000000000000E+00
  0.0000000000000E+00
  0.0000000000000E+00
  0.0000000000000E+00
  0.0000000000000E+00
  0.0000000000000E+00
  0.0000000000000E+00
  0.0000000000000E+00
  0.0000000000000E+00
  0.0000000000000E+00
  0.0000000000000E+00
  0.0000000000000E+00
  0.0000000000000E+00
  0.0000000000000E+00
  0.0000000000000E+00
  0.0000000000000E+00
  0.0000000000000E+00
  0.0000000000000E+00
  0.0000000000000E+00
  0.0000000000000E+00
  0.0000000000000E+00
  0.0000000000000E+00
  0.0000000000000E+00
  0.0000000000000E+00
  0.0000000000000E+00
  0.0000000000000E+00
  0.0000000000000E+00
  0.0000000000000E+00
  0.0000000000000E+00
  0.0000000000000E+00
  0.0000000000000E+00
  0.0000000000000E+00
  0.0000000000000E+00
  0.0000000000000E+00
  0.0000000000000E+00
  0.0000000000000E+00
  0.0000000000000E+00
  0.0000000000000E+00
  0.0000000000000E+00
  0.0000000000000E+00
  0.0000000000000E+00
  0.0000000000000E+00
  0.0000000000000E+00
  0.0000000000000E+00
  0.0000000000000E+00
  0.0000000000000E+00
  0.0000000000000E+00
  0.0000000000000E+00
  0.0000000000000E+00
  0.0000000000000E+00
  0.0000000000000E+00
  0.0000000000000E+00
  0.0000000000000E+00
  0.0000000000000E+00
  0.0000000000000E+00
  0.0000000000000E+00
  0.0000000000000E+00
  0.0000000000000E+00
  0.0000000000000E+00
  0.0000000000000E+00
  0.0000000000000E+00
  0.0000000000000E+00
  0.0000000000000E+00
  0.0000000000000E+00
  0.0000000000000E+00
  0.0000000000000E+00
  0.0000000000000E+00
  0.0000000000000E+00
  0.0000000000000E+00
  0.0000000000000E+00
  0.0000000000000E+00
  0.0000000000000E+00
  0.0000000000000E+00
  0.0000000000000E+00
  0.0000000000000E+00
  0.0000000000000E+00
  0.0000000000000E+00
  0.0000000000000E+00
  0.0000000000000E+00
  0.0000000000000E+00
  0.0000000000000E+00
  0.0000000000000E+00
  0.0000000000000E+00
  0.0000000000000E+00
  0.0000000000000E+00
  0.0000000000000E+00
  0.0000000000000E+00
  0.0000000000000E+00
  0.0000000000000E+00
  0.0000000000000E+00
  0.0000000000000E+00
  0.0000000000000E+00
  0.0000000000000E+00
  0.0000000000000E+00
  0.0000000000000E+00
  0.0000000000000E+00
  0.0000000000000E+00
  0.0000000000000E+00
  0.0000000000000E+00
  0.0000000000000E+00
  0.0000000000000E+00
  0.0000000000000E+00
  0.0000000000000E+00
  0.0000000000000E+00
  0.0000000000000E+00
  0.0000000000000E+00
  0.0000000000000E+00
  0.0000000000000E+00
  0.0000000000000E+00
  0.0000000000000E+00
  0.0000000000000E+00
  0.0000000000000E+00
  0.0000000000000E+00
  0.0000000000000E+00
  0.0000000000000E+00
  0.0000000000000E+00
  0.0000000000000E+00
  0.0000000000000E+00
  0.0000000000000E+00
  0.0000000000000E+00
  0.0000000000000E+00
  0.0000000000000E+00
  0.0000000000000E+00
  0.0000000000000E+00
  0.0000000000000E+00
  0.0000000000000E+00
  0.0000000000000E+00
  0.0000000000000E+00
  0.0000000000000E+00
  0.0000000000000E+00
  0.0000000000000E+00
  0.0000000000000E+00
  0.0000000000000E+00
  0.0000000000000E+00
  0.0000000000000E+00
  0.0000000000000E+00
  0.0000000000000E+00
  0.0000000000000E+00
  0.0000000000000E+00
  0.0000000000000E+00
  0.0000000000000E+00
  0.0000000000000E+00
  0.0000000000000E+00
  0.0000000000000E+00
  0.0000000000000E+00
  0.0000000000000E+00
  0.0000000000000E+00
  0.0000000000000E+00
  0.0000000000000E+00
  0.0000000000000E+00
  0.0000000000000E+00
  0.0000000000000E+00
  0.0000000000000E+00
  0.0000000000000E+00
  0.0000000000000E+00
  0.0000000000000E+00
  0.0000000000000E+00
  0.0000000000000E+00
  0.0000000000000E+00
  0.0000000000000E+00
  0.0000000000000E+00
  0.0000000000000E+00
  0.0000000000000E+00
  0.0000000000000E+00
  0.0000000000000E+00
  0.0000000000000E+00
  0.0000000000000E+00
  0.0000000000000E+00
  0.0000000000000E+00
  0.0000000000000E+00
  0.0000000000000E+00
  0.0000000000000E+00
  0.0000000000000E+00
  0.0000000000000E+00
  0.0000000000000E+00
  0.0000000000000E+00
  0.0000000000000E+00
  0.0000000000000E+00
  0.0000000000000E+00
  0.0000000000000E+00
  0.0000000000000E+00
  0.0000000000000E+00
  0.0000000000000E+00
  0.0000000000000E+00
  0.0000000000000E+00
  0.0000000000000E+00
  0.0000000000000E+00
  0.0000000000000E+00
  0.0000000000000E+00
  0.0000000000000E+00
  0.0000000000000E+00
  0.0000000000000E+00
  0.0000000000000E+00
  0.0000000000000E+00
  0.0000000000000E+00
  0.0000000000000E+00
  0.0000000000000E+00
  0.0000000000000E+00
  0.0000000000000E+00
  0.0000000000000E+00
  0.0000000000000E+00
  0.0000000000000E+00
  0.0000000000000E+00
  0.0000000000000E+00
  0.0000000000000E+00
  0.0000000000000E+00
  0.0000000000000E+00
  0.0000000000000E+00
  0.0000000000000E+00
  0.0000000000000E+00
  0.0000000000000E+00
  0.0000000000000E+00
  0.0000000000000E+00
  0.0000000000000E+00
  0.0000000000000E+00
  0.0000000000000E+00
  0.0000000000000E+00
  0.0000000000000E+00
  0.0000000000000E+00
  0.0000000000000E+00
  0.0000000000000E+00
  0.0000000000000E+00
  0.0000000000000E+00
  0.0000000000000E+00
  0.0000000000000E+00
  0.0000000000000E+00
  0.0000000000000E+00
  0.0000000000000E+00
  0.0000000000000E+00
  0.0000000000000E+00
  0.0000000000000E+00
  0.0000000000000E+00
  0.0000000000000E+00
  0.0000000000000E+00
  0.0000000000000E+00
  0.0000000000000E+00
  0.0000000000000E+00
  0.0000000000000E+00
  0.0000000000000E+00
  0.0000000000000E+00
  0.0000000000000E+00
  0.0000000000000E+00
  0.0000000000000E+00
  0.0000000000000E+00
  0.0000000000000E+00
  0.0000000000000E+00
  0.0000000000000E+00
  0.0000000000000E+00
  0.0000000000000E+00
  0.0000000000000E+00
  0.0000000000000E+00
  0.0000000000000E+00
  0.0000000000000E+00
  0.0000000000000E+00
  0.0000000000000E+00
  0.0000000000000E+00
  0.0000000000000E+00
  0.0000000000000E+00
  0.0000000000000E+00
  0.0000000000000E+00
  0.0000000000000E+00
  0.0000000000000E+00
  0.0000000000000E+00
  0.0000000000000E+00
  0.0000000000000E+00
  0.0000000000000E+00
  0.0000000000000E+00
  0.0000000000000E+00
  0.0000000000000E+00
  0.0000000000000E+00
  0.0000000000000E+00
  0.0000000000000E+00
  0.0000000000000E+00
  0.0000000000000E+00
  0.0000000000000E+00
  0.0000000000000E+00
  0.0000000000000E+00
  0.0000000000000E+00
  0.0000000000000E+00
  0.0000000000000E+00
  0.0000000000000E+00
  0.0000000000000E+00
  0.0000000000000E+00
  0.0000000000000E+00
  0.0000000000000E+00
  0.0000000000000E+00
  0.0000000000000E+00
  0.0000000000000E+00
  0.0000000000000E+00
  0.0000000000000E+00
  0.0000000000000E+00
  0.0000000000000E+00
  0.0000000000000E+00
  0.0000000000000E+00
  0.0000000000000E+00
  0.0000000000000E+00
  0.0000000000000E+00
  0.0000000000000E+00
  0.0000000000000E+00
  0.0000000000000E+00
  0.0000000000000E+00
  0.0000000000000E+00
  0.0000000000000E+00
  0.0000000000000E+00
  0.0000000000000E+00
  0.0000000000000E+00
  0.0000000000000E+00
  0.0000000000000E+00
  0.0000000000000E+00
  0.0000000000000E+00
  0.0000000000000E+00
  0.0000000000000E+00
  0.0000000000000E+00
  0.0000000000000E+00
  0.0000000000000E+00
  0.0000000000000E+00
  0.0000000000000E+00
  0.0000000000000E+00
  0.0000000000000E+00
  0.0000000000000E+00
  0.0000000000000E+00
  0.0000000000000E+00
  0.0000000000000E+00
  0.0000000000000E+00
  0.0000000000000E+00
  0.0000000000000E+00
  0.0000000000000E+00
  0.0000000000000E+00
  0.0000000000000E+00
  0.0000000000000E+00
  0.0000000000000E+00
  0.0000000000000E+00
  0.0000000000000E+00
  0.0000000000000E+00
  0.0000000000000E+00
  0.0000000000000E+00
  0.0000000000000E+00
  0.0000000000000E+00
  0.0000000000000E+00
  0.0000000000000E+00
  0.0000000000000E+00
  0.0000000000000E+00
  0.0000000000000E+00
  0.0000000000000E+00
  0.0000000000000E+00
  0.0000000000000E+00
  0.0000000000000E+00
  0.0000000000000E+00
  0.0000000000000E+00
  0.0000000000000E+00
  0.0000000000000E+00
  0.0000000000000E+00
  0.0000000000000E+00
  0.0000000000000E+00
  0.0000000000000E+00
  0.0000000000000E+00
  0.0000000000000E+00
  0.0000000000000E+00
  0.0000000000000E+00
  0.0000000000000E+00
  0.0000000000000E+00
  0.0000000000000E+00
  0.0000000000000E+00
  0.0000000000000E+00
  0.0000000000000E+00
  0.0000000000000E+00
  0.0000000000000E+00
  0.0000000000000E+00
  0.0000000000000E+00
  0.0000000000000E+00
  0.0000000000000E+00
  0.0000000000000E+00
  0.0000000000000E+00
  0.0000000000000E+00
  0.0000000000000E+00
  0.0000000000000E+00
  0.0000000000000E+00
  0.0000000000000E+00
  0.0000000000000E+00
  0.0000000000000E+00
  0.0000000000000E+00
  0.0000000000000E+00
  0.0000000000000E+00
  0.0000000000000E+00
  0.0000000000000E+00
  0.0000000000000E+00
  0.0000000000000E+00
  0.0000000000000E+00
  0.0000000000000E+00
  0.0000000000000E+00
  0.0000000000000E+00
  0.0000000000000E+00
  0.0000000000000E+00
  0.0000000000000E+00
  0.0000000000000E+00
  0.0000000000000E+00
  0.0000000000000E+00
  0.0000000000000E+00
  0.0000000000000E+00
  0.0000000000000E+00
  0.0000000000000E+00
  0.0000000000000E+00
  0.0000000000000E+00
  0.0000000000000E+00
  0.0000000000000E+00
  0.0000000000000E+00
  0.0000000000000E+00
  0.0000000000000E+00
  0.0000000000000E+00
  0.0000000000000E+00
  0.0000000000000E+00
  0.0000000000000E+00
  0.0000000000000E+00
  0.0000000000000E+00
  0.0000000000000E+00
  0.0000000000000E+00
  0.0000000000000E+00
  0.0000000000000E+00
  0.0000000000000E+00
  0.0000000000000E+00
  0.0000000000000E+00
  0.0000000000000E+00
  0.0000000000000E+00
  0.0000000000000E+00
  0.0000000000000E+00
  0.0000000000000E+00
  0.0000000000000E+00
  0.0000000000000E+00
  0.0000000000000E+00
  0.0000000000000E+00
  0.0000000000000E+00
  0.0000000000000E+00
  0.0000000000000E+00
  0.0000000000000E+00
  0.0000000000000E+00
  0.0000000000000E+00
  0.0000000000000E+00
  0.0000000000000E+00
  0.0000000000000E+00
  0.0000000000000E+00
  0.0000000000000E+00
  0.0000000000000E+00
  0.0000000000000E+00
  0.0000000000000E+00
  0.0000000000000E+00
  0.0000000000000E+00
  0.0000000000000E+00
  0.0000000000000E+00
  0.0000000000000E+00
  0.0000000000000E+00
  0.0000000000000E+00
  0.0000000000000E+00
  0.0000000000000E+00
  0.0000000000000E+00
  0.0000000000000E+00
  0.0000000000000E+00
  0.0000000000000E+00
  0.0000000000000E+00
  0.0000000000000E+00
  0.0000000000000E+00
  0.0000000000000E+00
  0.0000000000000E+00
  0.0000000000000E+00
  0.0000000000000E+00
  0.0000000000000E+00
  0.0000000000000E+00
  0.0000000000000E+00
  0.0000000000000E+00
  0.0000000000000E+00
  0.0000000000000E+00
  0.0000000000000E+00
  0.0000000000000E+00
  0.0000000000000E+00
  0.0000000000000E+00
  0.0000000000000E+00
  0.0000000000000E+00
  0.0000000000000E+00
  0.0000000000000E+00
  0.0000000000000E+00
  0.0000000000000E+00
  0.0000000000000E+00
  0.0000000000000E+00
  0.0000000000000E+00
  0.0000000000000E+00
  0.0000000000000E+00
  0.0000000000000E+00
  0.0000000000000E+00
  0.0000000000000E+00
  0.0000000000000E+00
  0.0000000000000E+00
  0.0000000000000E+00
  0.0000000000000E+00
  0.0000000000000E+00
  0.0000000000000E+00
  0.0000000000000E+00
  0.0000000000000E+00
  0.0000000000000E+00
  0.0000000000000E+00
  0.0000000000000E+00
  0.0000000000000E+00
  0.0000000000000E+00
  0.0000000000000E+00
  0.0000000000000E+00
  0.0000000000000E+00
  0.0000000000000E+00
  0.0000000000000E+00
  0.0000000000000E+00
  0.0000000000000E+00
  0.0000000000000E+00
  0.0000000000000E+00
  0.0000000000000E+00
  0.0000000000000E+00
  0.0000000000000E+00
  0.0000000000000E+00
  0.0000000000000E+00
  0.0000000000000E+00
  0.0000000000000E+00
  0.0000000000000E+00
  0.0000000000000E+00
  0.0000000000000E+00
  0.0000000000000E+00
  0.0000000000000E+00
  0.0000000000000E+00
  0.0000000000000E+00
  0.0000000000000E+00
  0.0000000000000E+00
  0.0000000000000E+00
  0.0000000000000E+00
  0.0000000000000E+00
  0.0000000000000E+00
  0.0000000000000E+00
  0.0000000000000E+00
  0.0000000000000E+00
  0.0000000000000E+00
  0.0000000000000E+00
  0.0000000000000E+00
  0.0000000000000E+00
  0.0000000000000E+00
  0.0000000000000E+00
  0.0000000000000E+00
  0.0000000000000E+00
  0.0000000000000E+00
  0.0000000000000E+00
  0.0000000000000E+00
  0.0000000000000E+00
  0.0000000000000E+00
  0.0000000000000E+00
  0.0000000000000E+00
  0.0000000000000E+00
  0.0000000000000E+00
  0.0000000000000E+00
  0.0000000000000E+00
  0.0000000000000E+00
  0.0000000000000E+00
  0.0000000000000E+00
  0.0000000000000E+00
  0.0000000000000E+00
  0.0000000000000E+00
  0.0000000000000E+00
  0.0000000000000E+00
  0.0000000000000E+00
  0.0000000000000E+00
  0.0000000000000E+00
  0.0000000000000E+00
  0.0000000000000E+00
  0.0000000000000E+00
  0.0000000000000E+00
  0.0000000000000E+00
  0.0000000000000E+00
  0.0000000000000E+00
  0.0000000000000E+00
  0.0000000000000E+00
  0.0000000000000E+00
  0.0000000000000E+00
  0.0000000000000E+00
  0.0000000000000E+00
  0.0000000000000E+00
  0.0000000000000E+00
  0.0000000000000E+00
  0.0000000000000E+00
  0.0000000000000E+00
  0.0000000000000E+00
  0.0000000000000E+00
  0.0000000000000E+00
  0.0000000000000E+00
  0.0000000000000E+00
  0.0000000000000E+00
  0.0000000000000E+00
  0.0000000000000E+00
  0.0000000000000E+00
  0.0000000000000E+00
  0.0000000000000E+00
  0.0000000000000E+00
  0.0000000000000E+00
  0.0000000000000E+00
  0.0000000000000E+00
  0.0000000000000E+00
  0.0000000000000E+00
  0.0000000000000E+00
  0.0000000000000E+00
  0.0000000000000E+00
  0.0000000000000E+00
  0.0000000000000E+00
  0.0000000000000E+00
  0.0000000000000E+00
  0.0000000000000E+00
  0.0000000000000E+00
  0.0000000000000E+00
  0.0000000000000E+00
  0.0000000000000E+00
  0.0000000000000E+00
  0.0000000000000E+00
  0.0000000000000E+00
  0.0000000000000E+00
  0.0000000000000E+00
  0.0000000000000E+00
  0.0000000000000E+00
  0.0000000000000E+00
  0.0000000000000E+00
  0.0000000000000E+00
  0.0000000000000E+00
  0.0000000000000E+00
  0.0000000000000E+00
  0.0000000000000E+00
  0.0000000000000E+00
  0.0000000000000E+00
  0.0000000000000E+00
  0.0000000000000E+00
  0.0000000000000E+00
  0.0000000000000E+00
  0.0000000000000E+00
  0.0000000000000E+00
  0.0000000000000E+00
  0.0000000000000E+00
  0.0000000000000E+00
  0.0000000000000E+00
  0.0000000000000E+00
  0.0000000000000E+00
  0.0000000000000E+00
  0.0000000000000E+00
  0.0000000000000E+00
  0.0000000000000E+00
  0.0000000000000E+00
  0.0000000000000E+00
  0.0000000000000E+00
  0.0000000000000E+00
  0.0000000000000E+00
  0.0000000000000E+00
  0.0000000000000E+00
  0.0000000000000E+00
  0.0000000000000E+00
  0.0000000000000E+00
  0.0000000000000E+00
  0.0000000000000E+00
  0.0000000000000E+00
  0.0000000000000E+00
  0.0000000000000E+00
  0.0000000000000E+00
  0.0000000000000E+00
  0.0000000000000E+00
  0.0000000000000E+00
  0.0000000000000E+00
  0.0000000000000E+00
  0.0000000000000E+00
  0.0000000000000E+00
  0.0000000000000E+00
  0.0000000000000E+00
  0.0000000000000E+00
  0.0000000000000E+00
  0.0000000000000E+00
  0.0000000000000E+00
  0.0000000000000E+00
  0.0000000000000E+00
  0.0000000000000E+00
  0.0000000000000E+00
  0.0000000000000E+00
  0.0000000000000E+00
  0.0000000000000E+00
  0.0000000000000E+00
  0.0000000000000E+00
  0.0000000000000E+00
  0.0000000000000E+00
  0.0000000000000E+00
  0.0000000000000E+00
  0.0000000000000E+00
  0.0000000000000E+00
  0.0000000000000E+00
  0.0000000000000E+00
  0.0000000000000E+00
  0.0000000000000E+00
  0.0000000000000E+00
  0.0000000000000E+00
  0.0000000000000E+00
  0.0000000000000E+00
  0.0000000000000E+00
  0.0000000000000E+00
  0.0000000000000E+00
  0.0000000000000E+00
  0.0000000000000E+00
  0.0000000000000E+00
  0.0000000000000E+00
  0.0000000000000E+00
  0.0000000000000E+00
  0.0000000000000E+00
  0.0000000000000E+00
  0.0000000000000E+00
  0.0000000000000E+00
  0.0000000000000E+00
  0.0000000000000E+00
  0.0000000000000E+00
  0.0000000000000E+00
  0.0000000000000E+00
  0.0000000000000E+00
  0.0000000000000E+00
  0.0000000000000E+00
  0.0000000000000E+00
  0.0000000000000E+00
  0.0000000000000E+00
  0.0000000000000E+00
  0.0000000000000E+00
  0.0000000000000E+00
  0.0000000000000E+00
  0.0000000000000E+00
  0.0000000000000E+00
  0.0000000000000E+00
  0.0000000000000E+00
  0.0000000000000E+00
  0.0000000000000E+00
  0.0000000000000E+00
  0.0000000000000E+00
  0.0000000000000E+00
  0.0000000000000E+00
  0.0000000000000E+00
  0.0000000000000E+00
  0.0000000000000E+00
  0.0000000000000E+00
  0.0000000000000E+00
  0.0000000000000E+00
  0.0000000000000E+00
  0.0000000000000E+00
  0.0000000000000E+00
  0.0000000000000E+00
  0.0000000000000E+00
  0.0000000000000E+00
  0.0000000000000E+00
  0.0000000000000E+00
  0.0000000000000E+00
  0.0000000000000E+00
  0.0000000000000E+00
  0.0000000000000E+00
  0.0000000000000E+00
  0.0000000000000E+00
  0.0000000000000E+00
  0.0000000000000E+00
  0.0000000000000E+00
  0.0000000000000E+00
  0.0000000000000E+00
  0.0000000000000E+00
  0.0000000000000E+00
  0.0000000000000E+00
  0.0000000000000E+00
  0.0000000000000E+00
  0.0000000000000E+00
  0.0000000000000E+00
  0.0000000000000E+00
  0.0000000000000E+00
  0.0000000000000E+00
  0.0000000000000E+00
  0.0000000000000E+00
  0.0000000000000E+00
  0.0000000000000E+00
  0.0000000000000E+00
  0.0000000000000E+00
  0.0000000000000E+00
  0.0000000000000E+00
  0.0000000000000E+00
  0.0000000000000E+00
  0.0000000000000E+00
  0.0000000000000E+00
  0.0000000000000E+00
  0.0000000000000E+00
  0.0000000000000E+00
  0.0000000000000E+00
  0.0000000000000E+00
  0.0000000000000E+00
  0.0000000000000E+00
  0.0000000000000E+00
  0.0000000000000E+00
  0.0000000000000E+00
  0.0000000000000E+00
  0.0000000000000E+00
  0.0000000000000E+00
  0.0000000000000E+00
  0.0000000000000E+00
  0.0000000000000E+00
  0.0000000000000E+00
  0.0000000000000E+00
  0.0000000000000E+00
  0.0000000000000E+00
  0.0000000000000E+00
  0.0000000000000E+00
  0.0000000000000E+00
  0.0000000000000E+00
  0.0000000000000E+00
  0.0000000000000E+00
  0.0000000000000E+00
  0.0000000000000E+00
  0.0000000000000E+00
  0.0000000000000E+00
  0.0000000000000E+00
  0.0000000000000E+00
  0.0000000000000E+00
  0.0000000000000E+00
  0.0000000000000E+00
  0.0000000000000E+00
  0.0000000000000E+00
  0.0000000000000E+00
  0.0000000000000E+00
  0.0000000000000E+00
  0.0000000000000E+00
  0.0000000000000E+00
  0.0000000000000E+00
  0.0000000000000E+00
  0.0000000000000E+00
  0.0000000000000E+00
  0.0000000000000E+00
  0.0000000000000E+00
  0.0000000000000E+00
  0.0000000000000E+00
  0.0000000000000E+00
  0.0000000000000E+00
  0.0000000000000E+00
  0.0000000000000E+00
  0.0000000000000E+00
  0.0000000000000E+00
  0.0000000000000E+00
  0.0000000000000E+00
  0.0000000000000E+00
  0.0000000000000E+00
  0.0000000000000E+00
  0.0000000000000E+00
  0.0000000000000E+00
  0.0000000000000E+00
  0.0000000000000E+00
  0.0000000000000E+00
  0.0000000000000E+00
  0.0000000000000E+00
  0.0000000000000E+00
  0.0000000000000E+00
  0.0000000000000E+00
  0.0000000000000E+00
  0.0000000000000E+00
  0.0000000000000E+00
  0.0000000000000E+00
  0.0000000000000E+00
  0.0000000000000E+00
  0.0000000000000E+00
  0.0000000000000E+00
  0.0000000000000E+00
  0.0000000000000E+00
  0.0000000000000E+00
  0.0000000000000E+00
  0.0000000000000E+00
  0.0000000000000E+00
  0.0000000000000E+00
  0.0000000000000E+00
  0.0000000000000E+00
  0.0000000000000E+00
  0.0000000000000E+00
  0.0000000000000E+00
  0.0000000000000E+00
  0.0000000000000E+00
  0.0000000000000E+00
  0.0000000000000E+00
  0.0000000000000E+00
  0.0000000000000E+00
  0.0000000000000E+00
  0.0000000000000E+00
  0.0000000000000E+00
  0.0000000000000E+00
  0.0000000000000E+00
  0.0000000000000E+00
  0.0000000000000E+00
  0.0000000000000E+00
  0.0000000000000E+00
  0.0000000000000E+00
  0.0000000000000E+00
  0.0000000000000E+00
  0.0000000000000E+00
  0.0000000000000E+00
  0.0000000000000E+00
  0.0000000000000E+00
  0.0000000000000E+00
 -0.4435970437129E-07
  0.0000000000000E+00
  0.0000000000000E+00
  0.0000000000000E+00
  0.0000000000000E+00
  0.0000000000000E+00
  0.0000000000000E+00
  0.0000000000000E+00
  0.0000000000000E+00
  0.0000000000000E+00
  0.2163164212380E-08
 -0.3439499922180E-07
  0.0000000000000E+00
  0.0000000000000E+00
  0.0000000000000E+00
 -0.4569927906763E-07
 -0.4805569950408E-07
 -0.2255129653826E-07
  0.1474117244325E-07
  0.0000000000000E+00
  0.0000000000000E+00
  0.0000000000000E+00
  0.0000000000000E+00
  0.0000000000000E+00
  0.0000000000000E+00
  0.0000000000000E+00
  0.0000000000000E+00
  0.5909495170624E-08
  0.5530639299459E-08
  0.6050387043944E-08
  0.6159010532711E-08
  0.6073577452474E-08
  0.5933730859159E-08
  0.6664222084817E-08
  0.6804398166967E-08
  0.5925382075698E-08
 -0.3217332228765E-08
  0.5896934243365E-08
  0.6555946233406E-08
  0.6474192903921E-08
  0.6529555860340E-08
  0.6588512271281E-08
  0.6225724580577E-08
  0.6374660322423E-08
  0.9049795116188E-08
  0.8631466573434E-08
 -0.1399610921205E-08
  0.0000000000000E+00
  0.0000000000000E+00
  0.0000000000000E+00
  0.0000000000000E+00
  0.1395503616146E-07
  0.1363839320704E-07
  0.7840424385754E-08
  0.6518215130084E-08
  0.3666151493939E-08
  0.6591978067492E-08
  0.3444386192131E-08
  0.7046044758922E-08
  0.8434285412001E-08
  0.8174080887543E-08
  0.6577825197553E-08
  0.5898622359724E-08
  0.0000000000000E+00
  0.0000000000000E+00
  0.0000000000000E+00
  0.0000000000000E+00
  0.0000000000000E+00
  0.0000000000000E+00
  0.0000000000000E+00
  0.0000000000000E+00
  0.0000000000000E+00
  0.0000000000000E+00
  0.0000000000000E+00
  0.0000000000000E+00
  0.0000000000000E+00
  0.0000000000000E+00
  0.0000000000000E+00
  0.0000000000000E+00
  0.0000000000000E+00
  0.0000000000000E+00
  0.0000000000000E+00
  0.0000000000000E+00
  0.0000000000000E+00
  0.0000000000000E+00
  0.0000000000000E+00
  0.0000000000000E+00
  0.0000000000000E+00
  0.0000000000000E+00
  0.0000000000000E+00
  0.0000000000000E+00
  0.0000000000000E+00
  0.0000000000000E+00
  0.0000000000000E+00
  0.0000000000000E+00
  0.0000000000000E+00
  0.0000000000000E+00
  0.0000000000000E+00
  0.0000000000000E+00
  0.0000000000000E+00
  0.0000000000000E+00
  0.0000000000000E+00
  0.0000000000000E+00
  0.0000000000000E+00
  0.0000000000000E+00
  0.0000000000000E+00
  0.0000000000000E+00
  0.0000000000000E+00
  0.0000000000000E+00
  0.0000000000000E+00
  0.0000000000000E+00
  0.0000000000000E+00
  0.0000000000000E+00
  0.0000000000000E+00
  0.0000000000000E+00
  0.0000000000000E+00
  0.0000000000000E+00
  0.0000000000000E+00
  0.0000000000000E+00
  0.0000000000000E+00
  0.0000000000000E+00
  0.0000000000000E+00
  0.0000000000000E+00
  0.0000000000000E+00
  0.0000000000000E+00
  0.0000000000000E+00
  0.0000000000000E+00
  0.0000000000000E+00
  0.0000000000000E+00
  0.0000000000000E+00
  0.0000000000000E+00
  0.0000000000000E+00
  0.0000000000000E+00
  0.0000000000000E+00
  0.0000000000000E+00
  0.0000000000000E+00
  0.0000000000000E+00
  0.0000000000000E+00
  0.0000000000000E+00
  0.0000000000000E+00
  0.0000000000000E+00
  0.0000000000000E+00
  0.0000000000000E+00
  0.0000000000000E+00
  0.0000000000000E+00
  0.0000000000000E+00
  0.0000000000000E+00
  0.0000000000000E+00
  0.0000000000000E+00
  0.0000000000000E+00
  0.0000000000000E+00
  0.0000000000000E+00
  0.0000000000000E+00
  0.0000000000000E+00
  0.0000000000000E+00
  0.0000000000000E+00
  0.0000000000000E+00
  0.0000000000000E+00
  0.0000000000000E+00
  0.0000000000000E+00
  0.0000000000000E+00
  0.0000000000000E+00
  0.0000000000000E+00
  0.0000000000000E+00
  0.0000000000000E+00
  0.0000000000000E+00
  0.0000000000000E+00
  0.0000000000000E+00
  0.0000000000000E+00
  0.0000000000000E+00
  0.0000000000000E+00
  0.0000000000000E+00
  0.0000000000000E+00
  0.0000000000000E+00
  0.0000000000000E+00
  0.0000000000000E+00
  0.0000000000000E+00
  0.0000000000000E+00
  0.0000000000000E+00
  0.0000000000000E+00
  0.0000000000000E+00
  0.0000000000000E+00
  0.0000000000000E+00
  0.0000000000000E+00
  0.0000000000000E+00
  0.0000000000000E+00
  0.0000000000000E+00
  0.0000000000000E+00
  0.0000000000000E+00
  0.0000000000000E+00
  0.0000000000000E+00
  0.0000000000000E+00
  0.0000000000000E+00
  0.0000000000000E+00
  0.0000000000000E+00
  0.0000000000000E+00
  0.0000000000000E+00
  0.0000000000000E+00
  0.0000000000000E+00
  0.0000000000000E+00
  0.0000000000000E+00
  0.0000000000000E+00
  0.0000000000000E+00
  0.0000000000000E+00
  0.0000000000000E+00
  0.0000000000000E+00
  0.0000000000000E+00
  0.0000000000000E+00
  0.0000000000000E+00
  0.0000000000000E+00
  0.0000000000000E+00
  0.0000000000000E+00
  0.0000000000000E+00
  0.0000000000000E+00
  0.0000000000000E+00
  0.0000000000000E+00
  0.0000000000000E+00
  0.0000000000000E+00
  0.0000000000000E+00
  0.0000000000000E+00
  0.0000000000000E+00
  0.0000000000000E+00
  0.0000000000000E+00
  0.0000000000000E+00
  0.0000000000000E+00
  0.0000000000000E+00
  0.0000000000000E+00
  0.0000000000000E+00
  0.0000000000000E+00
  0.0000000000000E+00
  0.0000000000000E+00
  0.0000000000000E+00
  0.0000000000000E+00
  0.0000000000000E+00
  0.0000000000000E+00
  0.0000000000000E+00
  0.0000000000000E+00
  0.0000000000000E+00
  0.0000000000000E+00
  0.0000000000000E+00
  0.0000000000000E+00
  0.0000000000000E+00
  0.0000000000000E+00
  0.0000000000000E+00
  0.0000000000000E+00
  0.0000000000000E+00
  0.0000000000000E+00
  0.0000000000000E+00
  0.0000000000000E+00
  0.0000000000000E+00
  0.0000000000000E+00
  0.0000000000000E+00
  0.0000000000000E+00
  0.0000000000000E+00
  0.0000000000000E+00
  0.0000000000000E+00
  0.0000000000000E+00
  0.0000000000000E+00
  0.0000000000000E+00
  0.0000000000000E+00
  0.0000000000000E+00
  0.0000000000000E+00
  0.0000000000000E+00
  0.0000000000000E+00
  0.0000000000000E+00
  0.0000000000000E+00
  0.0000000000000E+00
  0.0000000000000E+00
  0.0000000000000E+00
  0.0000000000000E+00
  0.0000000000000E+00
  0.0000000000000E+00
  0.0000000000000E+00
  0.0000000000000E+00
  0.0000000000000E+00
  0.0000000000000E+00
  0.0000000000000E+00
  0.0000000000000E+00
  0.0000000000000E+00
  0.0000000000000E+00
  0.0000000000000E+00
  0.0000000000000E+00
  0.0000000000000E+00
  0.0000000000000E+00
  0.0000000000000E+00
  0.0000000000000E+00
  0.0000000000000E+00
  0.0000000000000E+00
  0.0000000000000E+00
  0.0000000000000E+00
  0.0000000000000E+00
  0.0000000000000E+00
  0.0000000000000E+00
  0.0000000000000E+00
  0.0000000000000E+00
  0.0000000000000E+00
  0.0000000000000E+00
  0.0000000000000E+00
  0.0000000000000E+00
  0.0000000000000E+00
  0.0000000000000E+00
  0.0000000000000E+00
  0.0000000000000E+00
  0.0000000000000E+00
  0.0000000000000E+00
  0.0000000000000E+00
  0.0000000000000E+00
  0.0000000000000E+00
  0.0000000000000E+00
  0.0000000000000E+00
  0.0000000000000E+00
  0.0000000000000E+00
  0.0000000000000E+00
  0.0000000000000E+00
  0.0000000000000E+00
  0.0000000000000E+00
  0.0000000000000E+00
  0.0000000000000E+00
  0.0000000000000E+00
  0.0000000000000E+00
  0.0000000000000E+00
  0.0000000000000E+00
  0.0000000000000E+00
  0.0000000000000E+00
  0.0000000000000E+00
  0.0000000000000E+00
  0.0000000000000E+00
  0.0000000000000E+00
  0.0000000000000E+00
  0.0000000000000E+00
  0.0000000000000E+00
  0.0000000000000E+00
  0.0000000000000E+00
  0.0000000000000E+00
  0.0000000000000E+00
  0.0000000000000E+00
  0.0000000000000E+00
  0.0000000000000E+00
  0.0000000000000E+00
  0.0000000000000E+00
  0.0000000000000E+00
  0.0000000000000E+00
  0.0000000000000E+00
  0.0000000000000E+00
  0.0000000000000E+00
  0.0000000000000E+00
  0.0000000000000E+00
  0.0000000000000E+00
  0.0000000000000E+00
  0.0000000000000E+00
  0.0000000000000E+00
  0.0000000000000E+00
  0.0000000000000E+00
  0.0000000000000E+00
  0.0000000000000E+00
  0.0000000000000E+00
  0.0000000000000E+00
  0.0000000000000E+00
  0.0000000000000E+00
  0.0000000000000E+00
  0.0000000000000E+00
  0.0000000000000E+00
  0.0000000000000E+00
  0.0000000000000E+00
  0.0000000000000E+00
  0.0000000000000E+00
  0.0000000000000E+00
  0.0000000000000E+00
  0.0000000000000E+00
  0.0000000000000E+00
  0.0000000000000E+00
  0.0000000000000E+00
  0.0000000000000E+00
  0.0000000000000E+00
  0.0000000000000E+00
  0.0000000000000E+00
  0.0000000000000E+00
  0.0000000000000E+00
  0.0000000000000E+00
  0.0000000000000E+00
  0.0000000000000E+00
  0.0000000000000E+00
  0.0000000000000E+00
  0.0000000000000E+00
  0.0000000000000E+00
  0.0000000000000E+00
  0.0000000000000E+00
  0.0000000000000E+00
  0.0000000000000E+00
  0.0000000000000E+00
  0.0000000000000E+00
  0.0000000000000E+00
  0.0000000000000E+00
  0.0000000000000E+00
  0.0000000000000E+00
  0.0000000000000E+00
  0.0000000000000E+00
  0.0000000000000E+00
  0.0000000000000E+00
  0.0000000000000E+00
  0.0000000000000E+00
  0.0000000000000E+00
  0.0000000000000E+00
  0.0000000000000E+00
  0.0000000000000E+00
  0.0000000000000E+00
  0.0000000000000E+00
  0.0000000000000E+00
  0.0000000000000E+00
  0.0000000000000E+00
  0.0000000000000E+00
  0.0000000000000E+00
  0.0000000000000E+00
  0.0000000000000E+00
  0.0000000000000E+00
  0.0000000000000E+00
  0.0000000000000E+00
  0.0000000000000E+00
  0.0000000000000E+00
  0.0000000000000E+00
  0.0000000000000E+00
  0.0000000000000E+00
  0.0000000000000E+00
  0.0000000000000E+00
  0.0000000000000E+00
  0.0000000000000E+00
  0.0000000000000E+00
  0.0000000000000E+00
  0.0000000000000E+00
  0.0000000000000E+00
  0.0000000000000E+00
  0.0000000000000E+00
  0.0000000000000E+00
  0.0000000000000E+00
  0.0000000000000E+00
  0.0000000000000E+00
  0.0000000000000E+00
  0.0000000000000E+00
  0.0000000000000E+00
  0.0000000000000E+00
  0.0000000000000E+00
  0.0000000000000E+00
  0.0000000000000E+00
  0.0000000000000E+00
  0.0000000000000E+00
  0.0000000000000E+00
  0.0000000000000E+00
  0.0000000000000E+00
  0.0000000000000E+00
  0.0000000000000E+00
  0.0000000000000E+00
  0.0000000000000E+00
  0.0000000000000E+00
  0.0000000000000E+00
  0.0000000000000E+00
  0.0000000000000E+00
  0.0000000000000E+00
  0.0000000000000E+00
  0.0000000000000E+00
  0.0000000000000E+00
  0.0000000000000E+00
  0.0000000000000E+00
  0.0000000000000E+00
  0.0000000000000E+00
  0.0000000000000E+00
  0.0000000000000E+00
  0.0000000000000E+00
  0.0000000000000E+00
  0.0000000000000E+00
  0.0000000000000E+00
  0.0000000000000E+00
  0.0000000000000E+00
  0.0000000000000E+00
  0.0000000000000E+00
  0.0000000000000E+00
  0.0000000000000E+00
  0.0000000000000E+00
  0.0000000000000E+00
  0.0000000000000E+00
  0.0000000000000E+00
  0.0000000000000E+00
  0.0000000000000E+00
  0.0000000000000E+00
  0.0000000000000E+00
  0.0000000000000E+00
  0.0000000000000E+00
  0.0000000000000E+00
  0.0000000000000E+00
  0.0000000000000E+00
  0.0000000000000E+00
  0.0000000000000E+00
  0.0000000000000E+00
  0.0000000000000E+00
  0.0000000000000E+00
  0.0000000000000E+00
  0.0000000000000E+00
  0.0000000000000E+00
  0.0000000000000E+00
  0.0000000000000E+00
  0.0000000000000E+00
  0.0000000000000E+00
  0.0000000000000E+00
  0.0000000000000E+00
  0.0000000000000E+00
  0.0000000000000E+00
  0.0000000000000E+00
  0.0000000000000E+00
  0.0000000000000E+00
  0.0000000000000E+00
  0.0000000000000E+00
  0.0000000000000E+00
  0.0000000000000E+00
  0.0000000000000E+00
  0.0000000000000E+00
  0.0000000000000E+00
  0.0000000000000E+00
  0.0000000000000E+00
  0.0000000000000E+00
  0.0000000000000E+00
  0.0000000000000E+00
  0.0000000000000E+00
  0.0000000000000E+00
  0.0000000000000E+00
  0.0000000000000E+00
  0.0000000000000E+00
  0.0000000000000E+00
  0.0000000000000E+00
  0.0000000000000E+00
  0.0000000000000E+00
  0.0000000000000E+00
  0.0000000000000E+00
  0.0000000000000E+00
  0.0000000000000E+00
  0.0000000000000E+00
  0.0000000000000E+00
  0.0000000000000E+00
  0.0000000000000E+00
  0.0000000000000E+00
  0.0000000000000E+00
  0.0000000000000E+00
  0.0000000000000E+00
  0.0000000000000E+00
  0.0000000000000E+00
  0.0000000000000E+00
  0.0000000000000E+00
  0.0000000000000E+00
  0.0000000000000E+00
  0.0000000000000E+00
  0.0000000000000E+00
  0.0000000000000E+00
  0.0000000000000E+00
  0.0000000000000E+00
  0.0000000000000E+00
  0.0000000000000E+00
  0.0000000000000E+00
  0.0000000000000E+00
  0.0000000000000E+00
  0.0000000000000E+00
  0.0000000000000E+00
  0.0000000000000E+00
  0.0000000000000E+00
  0.0000000000000E+00
  0.0000000000000E+00
  0.0000000000000E+00
  0.0000000000000E+00
  0.0000000000000E+00
  0.0000000000000E+00
  0.0000000000000E+00
  0.0000000000000E+00
  0.0000000000000E+00
  0.0000000000000E+00
  0.0000000000000E+00
  0.0000000000000E+00
  0.0000000000000E+00
  0.0000000000000E+00
  0.0000000000000E+00
  0.0000000000000E+00
  0.0000000000000E+00
  0.0000000000000E+00
  0.0000000000000E+00
  0.0000000000000E+00
  0.0000000000000E+00
  0.0000000000000E+00
  0.0000000000000E+00
  0.0000000000000E+00
  0.0000000000000E+00
  0.0000000000000E+00
  0.0000000000000E+00
  0.0000000000000E+00
  0.0000000000000E+00
  0.0000000000000E+00
  0.0000000000000E+00
  0.0000000000000E+00
  0.0000000000000E+00
  0.0000000000000E+00
  0.0000000000000E+00
  0.0000000000000E+00
  0.0000000000000E+00
  0.0000000000000E+00
  0.0000000000000E+00
  0.0000000000000E+00
  0.0000000000000E+00
  0.0000000000000E+00
  0.0000000000000E+00
  0.0000000000000E+00
  0.0000000000000E+00
  0.0000000000000E+00
  0.0000000000000E+00
  0.0000000000000E+00
  0.0000000000000E+00
  0.0000000000000E+00
  0.0000000000000E+00
  0.0000000000000E+00
  0.0000000000000E+00
  0.0000000000000E+00
  0.0000000000000E+00
  0.0000000000000E+00
  0.0000000000000E+00
  0.0000000000000E+00
  0.0000000000000E+00
  0.0000000000000E+00
  0.0000000000000E+00
  0.0000000000000E+00
  0.0000000000000E+00
  0.0000000000000E+00
  0.0000000000000E+00
  0.0000000000000E+00
  0.0000000000000E+00
  0.0000000000000E+00
  0.0000000000000E+00
  0.0000000000000E+00
  0.0000000000000E+00
  0.0000000000000E+00
  0.0000000000000E+00
  0.0000000000000E+00
  0.0000000000000E+00
  0.0000000000000E+00
  0.0000000000000E+00
  0.0000000000000E+00
  0.0000000000000E+00
  0.0000000000000E+00
  0.0000000000000E+00
  0.0000000000000E+00
  0.0000000000000E+00
  0.0000000000000E+00
  0.0000000000000E+00
  0.0000000000000E+00
  0.0000000000000E+00
  0.0000000000000E+00
  0.0000000000000E+00
  0.0000000000000E+00
  0.0000000000000E+00
  0.0000000000000E+00
  0.0000000000000E+00
  0.0000000000000E+00
  0.0000000000000E+00
  0.0000000000000E+00
  0.0000000000000E+00
  0.0000000000000E+00
  0.0000000000000E+00
  0.0000000000000E+00
  0.0000000000000E+00
  0.0000000000000E+00
  0.0000000000000E+00
  0.0000000000000E+00
  0.0000000000000E+00
  0.0000000000000E+00
  0.0000000000000E+00
  0.0000000000000E+00
  0.0000000000000E+00
  0.0000000000000E+00
  0.0000000000000E+00
  0.0000000000000E+00
  0.0000000000000E+00
  0.0000000000000E+00
  0.0000000000000E+00
  0.0000000000000E+00
  0.0000000000000E+00
  0.0000000000000E+00
  0.0000000000000E+00
  0.0000000000000E+00
  0.0000000000000E+00
  0.0000000000000E+00
  0.0000000000000E+00
  0.0000000000000E+00
  0.0000000000000E+00
  0.0000000000000E+00
  0.0000000000000E+00
  0.0000000000000E+00
  0.0000000000000E+00
  0.0000000000000E+00
  0.0000000000000E+00
  0.0000000000000E+00
  0.0000000000000E+00
  0.0000000000000E+00
  0.0000000000000E+00
  0.0000000000000E+00
  0.0000000000000E+00
  0.0000000000000E+00
  0.0000000000000E+00
  0.0000000000000E+00
  0.0000000000000E+00
  0.0000000000000E+00
  0.0000000000000E+00
  0.0000000000000E+00
  0.0000000000000E+00
  0.0000000000000E+00
  0.0000000000000E+00
  0.0000000000000E+00
  0.0000000000000E+00
  0.0000000000000E+00
  0.0000000000000E+00
  0.0000000000000E+00
  0.0000000000000E+00
  0.0000000000000E+00
  0.0000000000000E+00
  0.0000000000000E+00
  0.0000000000000E+00
  0.0000000000000E+00
  0.0000000000000E+00
  0.0000000000000E+00
  0.0000000000000E+00
  0.0000000000000E+00
  0.0000000000000E+00
  0.0000000000000E+00
  0.0000000000000E+00
  0.0000000000000E+00
  0.0000000000000E+00
  0.0000000000000E+00
  0.0000000000000E+00
  0.0000000000000E+00
  0.0000000000000E+00
  0.0000000000000E+00
  0.0000000000000E+00
  0.0000000000000E+00
  0.0000000000000E+00
  0.0000000000000E+00
  0.0000000000000E+00
  0.0000000000000E+00
  0.0000000000000E+00
  0.0000000000000E+00
  0.0000000000000E+00
  0.0000000000000E+00
  0.0000000000000E+00
  0.0000000000000E+00
  0.0000000000000E+00
  0.0000000000000E+00
  0.0000000000000E+00
  0.0000000000000E+00
  0.0000000000000E+00
  0.0000000000000E+00
  0.0000000000000E+00
  0.0000000000000E+00
  0.0000000000000E+00
  0.0000000000000E+00
  0.0000000000000E+00
  0.0000000000000E+00
  0.0000000000000E+00
  0.0000000000000E+00
  0.0000000000000E+00
  0.0000000000000E+00
  0.0000000000000E+00
  0.0000000000000E+00
  0.0000000000000E+00
  0.0000000000000E+00
  0.0000000000000E+00
  0.0000000000000E+00
  0.0000000000000E+00
  0.0000000000000E+00
  0.0000000000000E+00
  0.0000000000000E+00
  0.0000000000000E+00
  0.0000000000000E+00
  0.0000000000000E+00
  0.0000000000000E+00
  0.0000000000000E+00
  0.0000000000000E+00
  0.0000000000000E+00
  0.0000000000000E+00
  0.0000000000000E+00
  0.0000000000000E+00
  0.0000000000000E+00
  0.0000000000000E+00
  0.0000000000000E+00
  0.0000000000000E+00
  0.0000000000000E+00
  0.0000000000000E+00
  0.0000000000000E+00
  0.0000000000000E+00
  0.0000000000000E+00
  0.0000000000000E+00
  0.0000000000000E+00
  0.0000000000000E+00
  0.0000000000000E+00
  0.0000000000000E+00
  0.0000000000000E+00
  0.0000000000000E+00
  0.0000000000000E+00
  0.0000000000000E+00
  0.0000000000000E+00
  0.0000000000000E+00
  0.0000000000000E+00
  0.0000000000000E+00
  0.0000000000000E+00
  0.0000000000000E+00
  0.0000000000000E+00
  0.0000000000000E+00
  0.0000000000000E+00
  0.0000000000000E+00
  0.0000000000000E+00
  0.0000000000000E+00
  0.0000000000000E+00
  0.0000000000000E+00
  0.0000000000000E+00
  0.0000000000000E+00
  0.0000000000000E+00
  0.0000000000000E+00
  0.0000000000000E+00
  0.0000000000000E+00
  0.0000000000000E+00
  0.0000000000000E+00
  0.0000000000000E+00
  0.0000000000000E+00
  0.0000000000000E+00
  0.0000000000000E+00
  0.0000000000000E+00
  0.0000000000000E+00
  0.0000000000000E+00
  0.0000000000000E+00
  0.0000000000000E+00
  0.0000000000000E+00
  0.0000000000000E+00
  0.0000000000000E+00
  0.0000000000000E+00
  0.0000000000000E+00
  0.0000000000000E+00
  0.0000000000000E+00
  0.0000000000000E+00
  0.0000000000000E+00
  0.0000000000000E+00
  0.0000000000000E+00
  0.0000000000000E+00
  0.0000000000000E+00
  0.0000000000000E+00
  0.0000000000000E+00
  0.0000000000000E+00
  0.0000000000000E+00
  0.0000000000000E+00
  0.0000000000000E+00
  0.0000000000000E+00
  0.0000000000000E+00
  0.0000000000000E+00
  0.0000000000000E+00
  0.0000000000000E+00
  0.0000000000000E+00
  0.0000000000000E+00
  0.0000000000000E+00
  0.0000000000000E+00
  0.0000000000000E+00
  0.0000000000000E+00
  0.0000000000000E+00
  0.0000000000000E+00
  0.0000000000000E+00
  0.0000000000000E+00
  0.0000000000000E+00
  0.0000000000000E+00
  0.0000000000000E+00
  0.0000000000000E+00
  0.0000000000000E+00
  0.0000000000000E+00
  0.0000000000000E+00
  0.0000000000000E+00
  0.0000000000000E+00
  0.0000000000000E+00
  0.0000000000000E+00
  0.0000000000000E+00
  0.0000000000000E+00
  0.0000000000000E+00
  0.0000000000000E+00
  0.0000000000000E+00
  0.0000000000000E+00
  0.0000000000000E+00
  0.0000000000000E+00
  0.0000000000000E+00
  0.0000000000000E+00
  0.0000000000000E+00
  0.0000000000000E+00
  0.0000000000000E+00
  0.0000000000000E+00
  0.0000000000000E+00
  0.0000000000000E+00
  0.0000000000000E+00
  0.0000000000000E+00
  0.0000000000000E+00
  0.0000000000000E+00
  0.0000000000000E+00
  0.0000000000000E+00
  0.0000000000000E+00
  0.0000000000000E+00
  0.0000000000000E+00
  0.0000000000000E+00
  0.0000000000000E+00
  0.0000000000000E+00
  0.0000000000000E+00
  0.0000000000000E+00
  0.0000000000000E+00
  0.0000000000000E+00
  0.0000000000000E+00
  0.0000000000000E+00
  0.0000000000000E+00
  0.0000000000000E+00
  0.0000000000000E+00
  0.0000000000000E+00
  0.0000000000000E+00
  0.0000000000000E+00
  0.0000000000000E+00
  0.0000000000000E+00
  0.0000000000000E+00
  0.0000000000000E+00
  0.0000000000000E+00
  0.0000000000000E+00
  0.0000000000000E+00
  0.0000000000000E+00
  0.0000000000000E+00
  0.0000000000000E+00
  0.0000000000000E+00
  0.0000000000000E+00
  0.0000000000000E+00
  0.0000000000000E+00
  0.0000000000000E+00
  0.0000000000000E+00
  0.0000000000000E+00
  0.0000000000000E+00
  0.0000000000000E+00
  0.0000000000000E+00
  0.0000000000000E+00
  0.0000000000000E+00
  0.0000000000000E+00
  0.0000000000000E+00
  0.0000000000000E+00
  0.0000000000000E+00
  0.0000000000000E+00
  0.0000000000000E+00
  0.0000000000000E+00
  0.0000000000000E+00
  0.0000000000000E+00
  0.0000000000000E+00
  0.0000000000000E+00
  0.0000000000000E+00
  0.0000000000000E+00
  0.0000000000000E+00
  0.0000000000000E+00
  0.0000000000000E+00
  0.0000000000000E+00
  0.0000000000000E+00
  0.0000000000000E+00
  0.0000000000000E+00
  0.0000000000000E+00
  0.0000000000000E+00
  0.0000000000000E+00
  0.0000000000000E+00
  0.0000000000000E+00
  0.0000000000000E+00
  0.0000000000000E+00
  0.0000000000000E+00
  0.0000000000000E+00
  0.0000000000000E+00
  0.0000000000000E+00
  0.0000000000000E+00
  0.0000000000000E+00
  0.0000000000000E+00
  0.0000000000000E+00
  0.0000000000000E+00
  0.0000000000000E+00
  0.0000000000000E+00
  0.0000000000000E+00
  0.0000000000000E+00
  0.0000000000000E+00
  0.0000000000000E+00
  0.0000000000000E+00
  0.0000000000000E+00
  0.0000000000000E+00
  0.0000000000000E+00
  0.0000000000000E+00
  0.0000000000000E+00
  0.0000000000000E+00
  0.0000000000000E+00
  0.0000000000000E+00
  0.0000000000000E+00
  0.0000000000000E+00
  0.0000000000000E+00
  0.0000000000000E+00
  0.0000000000000E+00
  0.0000000000000E+00
  0.0000000000000E+00
  0.0000000000000E+00
  0.0000000000000E+00
  0.0000000000000E+00
  0.0000000000000E+00
  0.0000000000000E+00
  0.0000000000000E+00
  0.0000000000000E+00
  0.0000000000000E+00
  0.0000000000000E+00
  0.0000000000000E+00
  0.0000000000000E+00
  0.0000000000000E+00
  0.0000000000000E+00
  0.0000000000000E+00
  0.0000000000000E+00
  0.0000000000000E+00
  0.0000000000000E+00
  0.0000000000000E+00
  0.0000000000000E+00
  0.0000000000000E+00
  0.0000000000000E+00
  0.0000000000000E+00
  0.0000000000000E+00
  0.0000000000000E+00
  0.0000000000000E+00
  0.0000000000000E+00
  0.0000000000000E+00
  0.0000000000000E+00
  0.0000000000000E+00
  0.0000000000000E+00
  0.0000000000000E+00
  0.0000000000000E+00
  0.0000000000000E+00
  0.0000000000000E+00
  0.0000000000000E+00
  0.0000000000000E+00
  0.0000000000000E+00
  0.0000000000000E+00
  0.0000000000000E+00
  0.0000000000000E+00
  0.0000000000000E+00
  0.0000000000000E+00
  0.0000000000000E+00
  0.0000000000000E+00
  0.0000000000000E+00
  0.0000000000000E+00
  0.0000000000000E+00
  0.0000000000000E+00
  0.0000000000000E+00
  0.0000000000000E+00
  0.0000000000000E+00
  0.0000000000000E+00
  0.0000000000000E+00
  0.0000000000000E+00
  0.0000000000000E+00
  0.0000000000000E+00
  0.0000000000000E+00
  0.0000000000000E+00
  0.0000000000000E+00
  0.0000000000000E+00
  0.0000000000000E+00
  0.0000000000000E+00
  0.0000000000000E+00
  0.0000000000000E+00
  0.0000000000000E+00
  0.0000000000000E+00
  0.0000000000000E+00
  0.0000000000000E+00
  0.0000000000000E+00
  0.0000000000000E+00
  0.0000000000000E+00
  0.0000000000000E+00
  0.0000000000000E+00
  0.0000000000000E+00
  0.0000000000000E+00
  0.0000000000000E+00
  0.0000000000000E+00
  0.0000000000000E+00
  0.0000000000000E+00
  0.0000000000000E+00
  0.0000000000000E+00
  0.0000000000000E+00
  0.0000000000000E+00
  0.0000000000000E+00
  0.0000000000000E+00
  0.0000000000000E+00
  0.0000000000000E+00
  0.0000000000000E+00
  0.0000000000000E+00
  0.0000000000000E+00
  0.0000000000000E+00
  0.0000000000000E+00
  0.0000000000000E+00
  0.0000000000000E+00
  0.0000000000000E+00
  0.0000000000000E+00
  0.0000000000000E+00
  0.0000000000000E+00
  0.0000000000000E+00
  0.0000000000000E+00
  0.0000000000000E+00
  0.0000000000000E+00
  0.0000000000000E+00
  0.0000000000000E+00
  0.0000000000000E+00
  0.0000000000000E+00
  0.0000000000000E+00
  0.0000000000000E+00
  0.0000000000000E+00
  0.0000000000000E+00
  0.0000000000000E+00
  0.0000000000000E+00
  0.0000000000000E+00
  0.0000000000000E+00
  0.0000000000000E+00
  0.0000000000000E+00
  0.0000000000000E+00
  0.0000000000000E+00
  0.0000000000000E+00
  0.0000000000000E+00
  0.0000000000000E+00
  0.0000000000000E+00
  0.0000000000000E+00
  0.0000000000000E+00
  0.0000000000000E+00
  0.0000000000000E+00
  0.0000000000000E+00
  0.0000000000000E+00
  0.0000000000000E+00
  0.0000000000000E+00
  0.0000000000000E+00
  0.0000000000000E+00
  0.0000000000000E+00
  0.0000000000000E+00
  0.0000000000000E+00
  0.0000000000000E+00
  0.0000000000000E+00
  0.0000000000000E+00
  0.0000000000000E+00
  0.0000000000000E+00
  0.0000000000000E+00
  0.0000000000000E+00
  0.0000000000000E+00
  0.0000000000000E+00
  0.0000000000000E+00
  0.0000000000000E+00
  0.0000000000000E+00
  0.0000000000000E+00
  0.0000000000000E+00
  0.0000000000000E+00
  0.0000000000000E+00
  0.0000000000000E+00
  0.0000000000000E+00
  0.0000000000000E+00
  0.0000000000000E+00
  0.0000000000000E+00
  0.0000000000000E+00
  0.0000000000000E+00
  0.0000000000000E+00
  0.0000000000000E+00
  0.0000000000000E+00
  0.0000000000000E+00
  0.0000000000000E+00
  0.0000000000000E+00
  0.0000000000000E+00
  0.0000000000000E+00
  0.0000000000000E+00
  0.0000000000000E+00
  0.0000000000000E+00
  0.0000000000000E+00
  0.0000000000000E+00
  0.0000000000000E+00
  0.0000000000000E+00
  0.0000000000000E+00
  0.0000000000000E+00
  0.0000000000000E+00
  0.0000000000000E+00
  0.0000000000000E+00
  0.0000000000000E+00
  0.0000000000000E+00
  0.0000000000000E+00
  0.0000000000000E+00
  0.0000000000000E+00
  0.0000000000000E+00
  0.0000000000000E+00
  0.0000000000000E+00
  0.0000000000000E+00
  0.0000000000000E+00
  0.0000000000000E+00
  0.0000000000000E+00
  0.0000000000000E+00
  0.0000000000000E+00
  0.0000000000000E+00
  0.0000000000000E+00
  0.0000000000000E+00
  0.0000000000000E+00
  0.0000000000000E+00
  0.0000000000000E+00
  0.0000000000000E+00
  0.0000000000000E+00
  0.0000000000000E+00
  0.0000000000000E+00
  0.0000000000000E+00
  0.0000000000000E+00
  0.0000000000000E+00
  0.0000000000000E+00
  0.0000000000000E+00
  0.0000000000000E+00
  0.0000000000000E+00
  0.0000000000000E+00
  0.0000000000000E+00
  0.0000000000000E+00
  0.0000000000000E+00
  0.0000000000000E+00
  0.0000000000000E+00
  0.0000000000000E+00
  0.0000000000000E+00
  0.0000000000000E+00
  0.0000000000000E+00
  0.0000000000000E+00
  0.0000000000000E+00
  0.0000000000000E+00
  0.0000000000000E+00
  0.0000000000000E+00
  0.0000000000000E+00
  0.0000000000000E+00
  0.0000000000000E+00
  0.0000000000000E+00
  0.0000000000000E+00
  0.0000000000000E+00
  0.0000000000000E+00
  0.0000000000000E+00
  0.0000000000000E+00
  0.0000000000000E+00
  0.0000000000000E+00
  0.0000000000000E+00
  0.0000000000000E+00
  0.0000000000000E+00
  0.0000000000000E+00
  0.0000000000000E+00
  0.0000000000000E+00
  0.0000000000000E+00
  0.0000000000000E+00
  0.0000000000000E+00
  0.0000000000000E+00
  0.0000000000000E+00
  0.0000000000000E+00
  0.0000000000000E+00
  0.0000000000000E+00
  0.0000000000000E+00
  0.0000000000000E+00
  0.0000000000000E+00
  0.0000000000000E+00
  0.0000000000000E+00
  0.0000000000000E+00
  0.0000000000000E+00
  0.0000000000000E+00
  0.0000000000000E+00
  0.0000000000000E+00
  0.0000000000000E+00
  0.0000000000000E+00
  0.0000000000000E+00
  0.0000000000000E+00
  0.0000000000000E+00
  0.0000000000000E+00
  0.0000000000000E+00
  0.0000000000000E+00
  0.0000000000000E+00
  0.0000000000000E+00
  0.0000000000000E+00
  0.0000000000000E+00
  0.0000000000000E+00
  0.0000000000000E+00
  0.0000000000000E+00
  0.0000000000000E+00
  0.0000000000000E+00
  0.0000000000000E+00
  0.0000000000000E+00
  0.0000000000000E+00
  0.0000000000000E+00
  0.0000000000000E+00
  0.0000000000000E+00
  0.0000000000000E+00
  0.0000000000000E+00
  0.0000000000000E+00
  0.0000000000000E+00
  0.0000000000000E+00
  0.0000000000000E+00
  0.0000000000000E+00
  0.0000000000000E+00
  0.0000000000000E+00
  0.0000000000000E+00
  0.0000000000000E+00
  0.0000000000000E+00
  0.0000000000000E+00
  0.0000000000000E+00
  0.0000000000000E+00
  0.0000000000000E+00
  0.0000000000000E+00
  0.0000000000000E+00
  0.0000000000000E+00
 -0.3611818474755E-08
  0.0000000000000E+00
  0.0000000000000E+00
  0.0000000000000E+00
  0.0000000000000E+00
  0.0000000000000E+00
  0.0000000000000E+00
  0.0000000000000E+00
  0.0000000000000E+00
  0.0000000000000E+00
  0.3508447054724E-07
 -0.1079767430796E-07
  0.0000000000000E+00
  0.0000000000000E+00
  0.0000000000000E+00
 -0.1097446173688E-07
 -0.1534651858611E-07
  0.2556792563442E-07
  0.9575656420116E-09
  0.0000000000000E+00
  0.0000000000000E+00
  0.0000000000000E+00
  0.0000000000000E+00
  0.0000000000000E+00
  0.0000000000000E+00
  0.0000000000000E+00
  0.0000000000000E+00
  0.0000000000000E+00
  0.3506966241435E-08
  0.0000000000000E+00
  0.0000000000000E+00
  0.0000000000000E+00
  0.7245982100471E-08
  0.0000000000000E+00
  0.0000000000000E+00
  0.0000000000000E+00
  0.1081433680843E-06
  0.0000000000000E+00
  0.5021779919185E-09
  0.0000000000000E+00
  0.0000000000000E+00
  0.0000000000000E+00
  0.0000000000000E+00
  0.0000000000000E+00
  0.0000000000000E+00
  0.0000000000000E+00
 -0.7063401004548E-10
  0.0000000000000E+00
  0.0000000000000E+00
  0.0000000000000E+00
  0.0000000000000E+00
  0.0000000000000E+00
  0.3858286360057E-07
  0.0000000000000E+00
  0.0000000000000E+00
  0.2580108712087E-07
  0.0000000000000E+00
  0.4225828865023E-07
  0.0000000000000E+00
  0.6536396135118E-09
  0.0000000000000E+00
  0.0000000000000E+00
  0.1271968230742E-07
